sale_id,date,city,store_format,category,item,quantity,unit_price,sales_amount
1,2026-04-01,Coimbatore,Flagship,Merchandise,Mug,1,350,355.03
2,2026-04-01,Coimbatore,Flagship,Bakery,Brownie,1,110,107.28
3,2026-04-01,Coimbatore,Flagship,Merchandise,Coffee Beans Pack,1,450,446.9
4,2026-04-01,Coimbatore,Flagship,Coffee,Cold Brew,3,180,555.86
5,2026-04-01,Coimbatore,Flagship,Bakery,Croissant,2,90,175.04
6,2026-04-01,Coimbatore,Flagship,Coffee,Filter Coffee,1,60,61.22
7,2026-04-01,Coimbatore,Flagship,Coffee,Cappuccino,1,140,141.21
8,2026-04-01,Coimbatore,Flagship,Coffee,Cappuccino,2,140,278.49
9,2026-04-01,Coimbatore,Flagship,Coffee,Filter Coffee,1,60,61.56
10,2026-04-01,Coimbatore,Flagship,Coffee,Cold Brew,2,180,359.31
11,2026-04-01,Coimbatore,Flagship,Bakery,Croissant,1,90,88.18
12,2026-04-01,Coimbatore,Kiosk,Coffee,Cappuccino,2,140,283.67
13,2026-04-01,Coimbatore,Kiosk,Bakery,Brownie,2,110,214.81
14,2026-04-01,Coimbatore,Kiosk,Bakery,Croissant,1,90,91.71
15,2026-04-01,Coimbatore,Kiosk,Bakery,Muffin,1,70,68.43
16,2026-04-01,Coimbatore,Kiosk,Bakery,Muffin,1,70,68.19
17,2026-04-01,Coimbatore,Kiosk,Coffee,Cold Brew,1,180,178.84
18,2026-04-01,Coimbatore,Drive-Thru,Coffee,Cappuccino,2,140,272.56
19,2026-04-01,Coimbatore,Drive-Thru,Coffee,Cold Brew,3,180,546.64
20,2026-04-01,Coimbatore,Drive-Thru,Bakery,Brownie,1,110,109.04
21,2026-04-01,Coimbatore,Drive-Thru,Bakery,Muffin,1,70,70.13
22,2026-04-01,Coimbatore,Drive-Thru,Merchandise,Tumbler,1,550,549.67
23,2026-04-01,Coimbatore,Drive-Thru,Bakery,Croissant,1,90,88.43
24,2026-04-01,Coimbatore,Drive-Thru,Merchandise,Tumbler,1,550,554.85
25,2026-04-01,Coimbatore,Drive-Thru,Coffee,Filter Coffee,1,60,60.34
26,2026-04-01,Coimbatore,Drive-Thru,Coffee,Espresso,1,120,121.22
27,2026-04-01,Coimbatore,Drive-Thru,Merchandise,Tumbler,1,550,562.33
28,2026-04-01,Coimbatore,Drive-Thru,Coffee,Filter Coffee,2,60,117.99
29,2026-04-01,Chennai,Flagship,Bakery,Brownie,3,110,324.16
30,2026-04-01,Chennai,Flagship,Coffee,Cold Brew,1,180,179.2
31,2026-04-01,Chennai,Flagship,Coffee,Espresso,3,120,367.03
32,2026-04-01,Chennai,Flagship,Coffee,Cappuccino,1,140,136.01
33,2026-04-01,Chennai,Flagship,Bakery,Brownie,1,110,111.92
34,2026-04-01,Chennai,Flagship,Bakery,Brownie,2,110,218.2
35,2026-04-01,Chennai,Flagship,Merchandise,Coffee Beans Pack,1,450,447.89
36,2026-04-01,Chennai,Flagship,Bakery,Brownie,1,110,109.64
37,2026-04-01,Chennai,Flagship,Coffee,Espresso,2,120,233.0
38,2026-04-01,Chennai,Flagship,Coffee,Cappuccino,1,140,136.94
39,2026-04-01,Chennai,Flagship,Bakery,Brownie,2,110,220.52
40,2026-04-01,Chennai,Flagship,Bakery,Brownie,2,110,220.56
41,2026-04-01,Chennai,Flagship,Coffee,Espresso,1,120,118.69
42,2026-04-01,Chennai,Flagship,Coffee,Filter Coffee,2,60,116.69
43,2026-04-01,Chennai,Flagship,Bakery,Brownie,1,110,108.24
44,2026-04-01,Chennai,Flagship,Coffee,Filter Coffee,1,60,60.76
45,2026-04-01,Chennai,Flagship,Coffee,Filter Coffee,1,60,60.64
46,2026-04-01,Chennai,Flagship,Coffee,Cappuccino,2,140,278.26
47,2026-04-01,Chennai,Flagship,Coffee,Espresso,2,120,233.84
48,2026-04-01,Chennai,Flagship,Coffee,Filter Coffee,1,60,61.73
49,2026-04-01,Chennai,Flagship,Bakery,Croissant,2,90,184.76
50,2026-04-01,Chennai,Flagship,Merchandise,Coffee Beans Pack,1,450,437.24
51,2026-04-01,Chennai,Flagship,Coffee,Cold Brew,2,180,359.52
52,2026-04-01,Chennai,Kiosk,Coffee,Cold Brew,4,180,721.27
53,2026-04-01,Chennai,Kiosk,Coffee,Filter Coffee,2,60,120.48
54,2026-04-01,Chennai,Kiosk,Bakery,Muffin,2,70,139.63
55,2026-04-01,Chennai,Kiosk,Coffee,Cold Brew,2,180,363.47
56,2026-04-01,Chennai,Kiosk,Merchandise,Mug,1,350,352.43
57,2026-04-01,Chennai,Kiosk,Coffee,Filter Coffee,1,60,60.08
58,2026-04-01,Chennai,Kiosk,Merchandise,Coffee Beans Pack,1,450,456.67
59,2026-04-01,Chennai,Kiosk,Bakery,Muffin,2,70,143.65
60,2026-04-01,Chennai,Kiosk,Bakery,Brownie,1,110,106.82
61,2026-04-01,Chennai,Kiosk,Bakery,Croissant,1,90,91.28
62,2026-04-01,Chennai,Kiosk,Coffee,Cappuccino,1,140,140.43
63,2026-04-01,Chennai,Drive-Thru,Coffee,Cold Brew,3,180,524.37
64,2026-04-01,Chennai,Drive-Thru,Bakery,Muffin,1,70,70.5
65,2026-04-01,Chennai,Drive-Thru,Coffee,Cold Brew,2,180,369.34
66,2026-04-01,Chennai,Drive-Thru,Coffee,Filter Coffee,2,60,121.51
67,2026-04-01,Chennai,Drive-Thru,Bakery,Croissant,1,90,92.47
68,2026-04-01,Chennai,Drive-Thru,Coffee,Cappuccino,1,140,135.98
69,2026-04-01,Chennai,Drive-Thru,Coffee,Cappuccino,1,140,142.73
70,2026-04-01,Chennai,Drive-Thru,Coffee,Cold Brew,1,180,179.13
71,2026-04-01,Chennai,Drive-Thru,Merchandise,Coffee Beans Pack,3,450,1371.51
72,2026-04-01,Chennai,Drive-Thru,Merchandise,Tumbler,1,550,554.64
73,2026-04-01,Chennai,Drive-Thru,Coffee,Espresso,1,120,120.09
74,2026-04-01,Chennai,Drive-Thru,Bakery,Muffin,3,70,212.37
75,2026-04-01,Bengaluru,Flagship,Coffee,Cold Brew,2,180,363.63
76,2026-04-01,Bengaluru,Flagship,Bakery,Muffin,2,70,137.77
77,2026-04-01,Bengaluru,Flagship,Bakery,Muffin,3,70,204.54
78,2026-04-01,Bengaluru,Flagship,Coffee,Filter Coffee,2,60,123.0
79,2026-04-01,Bengaluru,Flagship,Coffee,Cold Brew,3,180,546.94
80,2026-04-01,Bengaluru,Flagship,Coffee,Espresso,2,120,239.44
81,2026-04-01,Bengaluru,Flagship,Bakery,Muffin,2,70,138.96
82,2026-04-01,Bengaluru,Flagship,Bakery,Brownie,2,110,214.4
83,2026-04-01,Bengaluru,Flagship,Coffee,Espresso,1,120,119.69
84,2026-04-01,Bengaluru,Flagship,Coffee,Espresso,1,120,116.76
85,2026-04-01,Bengaluru,Flagship,Coffee,Cold Brew,1,180,181.25
86,2026-04-01,Bengaluru,Flagship,Coffee,Cold Brew,2,180,365.36
87,2026-04-01,Bengaluru,Flagship,Merchandise,Coffee Beans Pack,2,450,880.14
88,2026-04-01,Bengaluru,Flagship,Merchandise,Coffee Beans Pack,1,450,443.49
89,2026-04-01,Bengaluru,Flagship,Bakery,Muffin,1,70,68.32
90,2026-04-01,Bengaluru,Flagship,Bakery,Croissant,1,90,90.34
91,2026-04-01,Bengaluru,Flagship,Coffee,Cappuccino,3,140,422.08
92,2026-04-01,Bengaluru,Flagship,Bakery,Croissant,3,90,268.78
93,2026-04-01,Bengaluru,Kiosk,Coffee,Cold Brew,2,180,363.0
94,2026-04-01,Bengaluru,Kiosk,Coffee,Espresso,2,120,236.79
95,2026-04-01,Bengaluru,Kiosk,Merchandise,Coffee Beans Pack,1,450,462.3
96,2026-04-01,Bengaluru,Kiosk,Bakery,Croissant,1,90,90.58
97,2026-04-01,Bengaluru,Kiosk,Coffee,Filter Coffee,1,60,59.81
98,2026-04-01,Bengaluru,Kiosk,Coffee,Cappuccino,1,140,138.97
99,2026-04-01,Bengaluru,Kiosk,Merchandise,Tumbler,2,550,1087.11
100,2026-04-01,Bengaluru,Drive-Thru,Coffee,Filter Coffee,1,60,60.24
101,2026-04-01,Bengaluru,Drive-Thru,Coffee,Cold Brew,2,180,368.0
102,2026-04-01,Bengaluru,Drive-Thru,Coffee,Filter Coffee,2,60,119.61
103,2026-04-01,Bengaluru,Drive-Thru,Merchandise,Coffee Beans Pack,2,450,909.01
104,2026-04-01,Bengaluru,Drive-Thru,Coffee,Cappuccino,1,140,140.86
105,2026-04-01,Bengaluru,Drive-Thru,Coffee,Espresso,1,120,121.94
106,2026-04-01,Bengaluru,Drive-Thru,Coffee,Espresso,1,120,117.11
107,2026-04-01,Bengaluru,Drive-Thru,Coffee,Cappuccino,1,140,136.49
108,2026-04-01,Bengaluru,Drive-Thru,Coffee,Cappuccino,1,140,142.65
109,2026-04-01,Bengaluru,Drive-Thru,Bakery,Brownie,1,110,110.43
110,2026-04-01,Bengaluru,Drive-Thru,Merchandise,Tumbler,2,550,1113.81
111,2026-04-01,Bengaluru,Drive-Thru,Coffee,Cold Brew,3,180,543.3
112,2026-04-01,Hyderabad,Flagship,Coffee,Espresso,1,120,123.05
113,2026-04-01,Hyderabad,Flagship,Coffee,Cold Brew,3,180,528.15
114,2026-04-01,Hyderabad,Flagship,Coffee,Filter Coffee,1,60,60.76
115,2026-04-01,Hyderabad,Flagship,Coffee,Cold Brew,2,180,366.87
116,2026-04-01,Hyderabad,Flagship,Bakery,Muffin,1,70,70.74
117,2026-04-01,Hyderabad,Flagship,Coffee,Filter Coffee,1,60,59.98
118,2026-04-01,Hyderabad,Flagship,Merchandise,Tumbler,1,550,559.37
119,2026-04-01,Hyderabad,Flagship,Coffee,Espresso,1,120,122.27
120,2026-04-01,Hyderabad,Flagship,Merchandise,Coffee Beans Pack,2,450,888.84
121,2026-04-01,Hyderabad,Flagship,Coffee,Espresso,1,120,122.89
122,2026-04-01,Hyderabad,Flagship,Merchandise,Tumbler,1,550,564.59
123,2026-04-01,Hyderabad,Flagship,Merchandise,Coffee Beans Pack,1,450,442.19
124,2026-04-01,Hyderabad,Flagship,Merchandise,Tumbler,1,550,552.27
125,2026-04-01,Hyderabad,Flagship,Coffee,Cappuccino,1,140,139.7
126,2026-04-01,Hyderabad,Kiosk,Merchandise,Mug,1,350,356.96
127,2026-04-01,Hyderabad,Kiosk,Merchandise,Coffee Beans Pack,1,450,457.02
128,2026-04-01,Hyderabad,Kiosk,Coffee,Cold Brew,3,180,524.44
129,2026-04-01,Hyderabad,Kiosk,Bakery,Muffin,1,70,69.63
130,2026-04-01,Hyderabad,Kiosk,Merchandise,Coffee Beans Pack,2,450,894.38
131,2026-04-01,Hyderabad,Kiosk,Bakery,Muffin,2,70,140.14
132,2026-04-01,Hyderabad,Drive-Thru,Coffee,Cold Brew,2,180,360.23
133,2026-04-01,Hyderabad,Drive-Thru,Bakery,Brownie,1,110,111.5
134,2026-04-01,Hyderabad,Drive-Thru,Bakery,Croissant,2,90,178.11
135,2026-04-01,Hyderabad,Drive-Thru,Coffee,Filter Coffee,2,60,120.52
136,2026-04-01,Hyderabad,Drive-Thru,Coffee,Filter Coffee,2,60,121.58
137,2026-04-01,Hyderabad,Drive-Thru,Coffee,Cold Brew,2,180,367.11
138,2026-04-01,Hyderabad,Drive-Thru,Merchandise,Coffee Beans Pack,1,450,443.51
139,2026-04-01,Hyderabad,Drive-Thru,Bakery,Muffin,3,70,214.24
140,2026-04-01,Hyderabad,Drive-Thru,Bakery,Brownie,1,110,108.67
141,2026-04-01,Hyderabad,Drive-Thru,Coffee,Cappuccino,2,140,279.32
142,2026-04-01,Hyderabad,Drive-Thru,Coffee,Cappuccino,2,140,283.38
143,2026-04-01,Hyderabad,Drive-Thru,Bakery,Croissant,1,90,89.36
144,2026-04-01,Hyderabad,Drive-Thru,Coffee,Filter Coffee,1,60,60.19
145,2026-04-01,Hyderabad,Drive-Thru,Coffee,Filter Coffee,3,60,174.88
146,2026-04-01,Hyderabad,Drive-Thru,Coffee,Cappuccino,2,140,274.45
147,2026-04-01,Hyderabad,Drive-Thru,Coffee,Espresso,1,120,123.16
148,2026-04-02,Coimbatore,Flagship,Bakery,Croissant,1,90,91.75
149,2026-04-02,Coimbatore,Flagship,Coffee,Cold Brew,3,180,551.61
150,2026-04-02,Coimbatore,Flagship,Bakery,Croissant,1,90,91.08
151,2026-04-02,Coimbatore,Flagship,Coffee,Cold Brew,2,180,368.51
152,2026-04-02,Coimbatore,Flagship,Coffee,Cold Brew,1,180,175.5
153,2026-04-02,Coimbatore,Flagship,Bakery,Brownie,1,110,110.69
154,2026-04-02,Coimbatore,Flagship,Merchandise,Mug,1,350,346.85
155,2026-04-02,Coimbatore,Flagship,Coffee,Filter Coffee,1,60,59.15
156,2026-04-02,Coimbatore,Flagship,Coffee,Espresso,1,120,120.18
157,2026-04-02,Coimbatore,Flagship,Coffee,Cappuccino,1,140,138.08
158,2026-04-02,Coimbatore,Flagship,Merchandise,Tumbler,1,550,535.75
159,2026-04-02,Coimbatore,Flagship,Coffee,Cappuccino,3,140,432.18
160,2026-04-02,Coimbatore,Flagship,Coffee,Cappuccino,2,140,286.23
161,2026-04-02,Coimbatore,Flagship,Bakery,Muffin,1,70,70.5
162,2026-04-02,Coimbatore,Flagship,Bakery,Brownie,1,110,112.73
163,2026-04-02,Coimbatore,Kiosk,Coffee,Cappuccino,1,140,139.95
164,2026-04-02,Coimbatore,Kiosk,Bakery,Brownie,1,110,107.02
165,2026-04-02,Coimbatore,Kiosk,Merchandise,Mug,2,350,686.55
166,2026-04-02,Coimbatore,Kiosk,Bakery,Brownie,2,110,219.05
167,2026-04-02,Coimbatore,Kiosk,Coffee,Espresso,1,120,119.68
168,2026-04-02,Coimbatore,Kiosk,Coffee,Filter Coffee,2,60,117.93
169,2026-04-02,Coimbatore,Kiosk,Bakery,Croissant,1,90,89.98
170,2026-04-02,Coimbatore,Kiosk,Coffee,Espresso,2,120,245.48
171,2026-04-02,Coimbatore,Drive-Thru,Merchandise,Coffee Beans Pack,1,450,442.21
172,2026-04-02,Coimbatore,Drive-Thru,Bakery,Muffin,1,70,71.91
173,2026-04-02,Coimbatore,Drive-Thru,Bakery,Croissant,1,90,89.96
174,2026-04-02,Coimbatore,Drive-Thru,Coffee,Cappuccino,2,140,281.26
175,2026-04-02,Coimbatore,Drive-Thru,Coffee,Cold Brew,4,180,724.86
176,2026-04-02,Coimbatore,Drive-Thru,Bakery,Croissant,2,90,184.73
177,2026-04-02,Coimbatore,Drive-Thru,Coffee,Espresso,1,120,122.13
178,2026-04-02,Coimbatore,Drive-Thru,Bakery,Croissant,1,90,91.61
179,2026-04-02,Coimbatore,Drive-Thru,Coffee,Espresso,1,120,118.81
180,2026-04-02,Coimbatore,Drive-Thru,Bakery,Brownie,3,110,326.03
181,2026-04-02,Coimbatore,Drive-Thru,Bakery,Croissant,2,90,182.86
182,2026-04-02,Chennai,Flagship,Bakery,Brownie,2,110,213.88
183,2026-04-02,Chennai,Flagship,Coffee,Cappuccino,1,140,143.98
184,2026-04-02,Chennai,Flagship,Coffee,Filter Coffee,2,60,118.69
185,2026-04-02,Chennai,Flagship,Coffee,Espresso,3,120,368.62
186,2026-04-02,Chennai,Flagship,Merchandise,Mug,1,350,350.51
187,2026-04-02,Chennai,Flagship,Merchandise,Mug,2,350,708.55
188,2026-04-02,Chennai,Flagship,Bakery,Croissant,1,90,91.24
189,2026-04-02,Chennai,Flagship,Coffee,Cappuccino,1,140,137.69
190,2026-04-02,Chennai,Flagship,Merchandise,Tumbler,2,550,1080.56
191,2026-04-02,Chennai,Flagship,Bakery,Croissant,1,90,89.72
192,2026-04-02,Chennai,Flagship,Coffee,Espresso,1,120,123.58
193,2026-04-02,Chennai,Flagship,Coffee,Espresso,1,120,121.54
194,2026-04-02,Chennai,Flagship,Coffee,Cold Brew,2,180,365.39
195,2026-04-02,Chennai,Kiosk,Coffee,Espresso,1,120,120.0
196,2026-04-02,Chennai,Kiosk,Coffee,Cappuccino,1,140,139.66
197,2026-04-02,Chennai,Kiosk,Coffee,Filter Coffee,1,60,58.9
198,2026-04-02,Chennai,Kiosk,Coffee,Cold Brew,2,180,349.23
199,2026-04-02,Chennai,Kiosk,Bakery,Brownie,2,110,218.48
200,2026-04-02,Chennai,Kiosk,Coffee,Filter Coffee,1,60,59.88
201,2026-04-02,Chennai,Kiosk,Bakery,Croissant,3,90,271.3
202,2026-04-02,Chennai,Drive-Thru,Coffee,Cappuccino,2,140,275.33
203,2026-04-02,Chennai,Drive-Thru,Coffee,Filter Coffee,1,60,59.29
204,2026-04-02,Chennai,Drive-Thru,Bakery,Croissant,1,90,91.39
205,2026-04-02,Chennai,Drive-Thru,Merchandise,Tumbler,1,550,545.03
206,2026-04-02,Chennai,Drive-Thru,Merchandise,Tumbler,1,550,549.43
207,2026-04-02,Chennai,Drive-Thru,Coffee,Cold Brew,2,180,366.78
208,2026-04-02,Chennai,Drive-Thru,Coffee,Cappuccino,3,140,423.27
209,2026-04-02,Chennai,Drive-Thru,Bakery,Brownie,1,110,107.03
210,2026-04-02,Chennai,Drive-Thru,Merchandise,Coffee Beans Pack,1,450,436.68
211,2026-04-02,Chennai,Drive-Thru,Coffee,Cold Brew,3,180,545.06
212,2026-04-02,Chennai,Drive-Thru,Bakery,Croissant,2,90,175.73
213,2026-04-02,Chennai,Drive-Thru,Coffee,Cold Brew,2,180,349.33
214,2026-04-02,Chennai,Drive-Thru,Coffee,Cappuccino,1,140,143.63
215,2026-04-02,Bengaluru,Flagship,Coffee,Cappuccino,1,140,142.82
216,2026-04-02,Bengaluru,Flagship,Merchandise,Coffee Beans Pack,1,450,456.33
217,2026-04-02,Bengaluru,Flagship,Merchandise,Coffee Beans Pack,3,450,1380.97
218,2026-04-02,Bengaluru,Flagship,Coffee,Cappuccino,1,140,139.03
219,2026-04-02,Bengaluru,Flagship,Coffee,Espresso,1,120,121.61
220,2026-04-02,Bengaluru,Flagship,Merchandise,Coffee Beans Pack,2,450,885.81
221,2026-04-02,Bengaluru,Flagship,Coffee,Espresso,2,120,235.54
222,2026-04-02,Bengaluru,Flagship,Bakery,Croissant,1,90,89.62
223,2026-04-02,Bengaluru,Flagship,Bakery,Brownie,2,110,219.28
224,2026-04-02,Bengaluru,Flagship,Bakery,Muffin,3,70,210.39
225,2026-04-02,Bengaluru,Flagship,Bakery,Croissant,1,90,89.76
226,2026-04-02,Bengaluru,Flagship,Coffee,Espresso,2,120,244.29
227,2026-04-02,Bengaluru,Flagship,Coffee,Cold Brew,1,180,178.21
228,2026-04-02,Bengaluru,Flagship,Coffee,Filter Coffee,1,60,58.6
229,2026-04-02,Bengaluru,Flagship,Bakery,Croissant,2,90,185.4
230,2026-04-02,Bengaluru,Flagship,Merchandise,Mug,1,350,347.77
231,2026-04-02,Bengaluru,Flagship,Coffee,Cold Brew,3,180,549.91
232,2026-04-02,Bengaluru,Flagship,Coffee,Cappuccino,1,140,138.89
233,2026-04-02,Bengaluru,Flagship,Coffee,Espresso,2,120,244.64
234,2026-04-02,Bengaluru,Flagship,Bakery,Croissant,1,90,88.16
235,2026-04-02,Bengaluru,Flagship,Bakery,Muffin,1,70,69.12
236,2026-04-02,Bengaluru,Flagship,Coffee,Espresso,1,120,116.4
237,2026-04-02,Bengaluru,Flagship,Bakery,Croissant,1,90,88.4
238,2026-04-02,Bengaluru,Flagship,Bakery,Brownie,1,110,109.39
239,2026-04-02,Bengaluru,Kiosk,Bakery,Brownie,1,110,110.5
240,2026-04-02,Bengaluru,Kiosk,Bakery,Muffin,2,70,141.77
241,2026-04-02,Bengaluru,Kiosk,Coffee,Filter Coffee,1,60,59.07
242,2026-04-02,Bengaluru,Kiosk,Merchandise,Mug,2,350,691.56
243,2026-04-02,Bengaluru,Kiosk,Bakery,Muffin,2,70,143.36
244,2026-04-02,Bengaluru,Kiosk,Coffee,Filter Coffee,2,60,122.16
245,2026-04-02,Bengaluru,Kiosk,Merchandise,Coffee Beans Pack,3,450,1371.81
246,2026-04-02,Bengaluru,Kiosk,Bakery,Brownie,1,110,107.09
247,2026-04-02,Bengaluru,Kiosk,Coffee,Filter Coffee,3,60,178.94
248,2026-04-02,Bengaluru,Kiosk,Coffee,Filter Coffee,1,60,58.79
249,2026-04-02,Bengaluru,Kiosk,Bakery,Brownie,2,110,215.17
250,2026-04-02,Bengaluru,Kiosk,Coffee,Cold Brew,1,180,182.72
251,2026-04-02,Bengaluru,Drive-Thru,Coffee,Espresso,1,120,122.23
252,2026-04-02,Bengaluru,Drive-Thru,Coffee,Cold Brew,4,180,701.75
253,2026-04-02,Bengaluru,Drive-Thru,Bakery,Croissant,1,90,90.79
254,2026-04-02,Bengaluru,Drive-Thru,Coffee,Cold Brew,3,180,525.74
255,2026-04-02,Bengaluru,Drive-Thru,Coffee,Cold Brew,4,180,741.58
256,2026-04-02,Bengaluru,Drive-Thru,Coffee,Cold Brew,4,180,726.96
257,2026-04-02,Bengaluru,Drive-Thru,Coffee,Cappuccino,1,140,138.2
258,2026-04-02,Bengaluru,Drive-Thru,Merchandise,Tumbler,1,550,542.2
259,2026-04-02,Bengaluru,Drive-Thru,Merchandise,Coffee Beans Pack,1,450,446.39
260,2026-04-02,Bengaluru,Drive-Thru,Coffee,Espresso,2,120,241.67
261,2026-04-02,Bengaluru,Drive-Thru,Coffee,Espresso,2,120,245.24
262,2026-04-02,Bengaluru,Drive-Thru,Bakery,Brownie,1,110,107.04
263,2026-04-02,Bengaluru,Drive-Thru,Bakery,Croissant,1,90,88.68
264,2026-04-02,Bengaluru,Drive-Thru,Bakery,Brownie,1,110,108.89
265,2026-04-02,Bengaluru,Drive-Thru,Bakery,Muffin,1,70,71.6
266,2026-04-02,Bengaluru,Drive-Thru,Coffee,Espresso,1,120,123.41
267,2026-04-02,Bengaluru,Drive-Thru,Coffee,Cappuccino,1,140,136.25
268,2026-04-02,Hyderabad,Flagship,Bakery,Croissant,1,90,92.28
269,2026-04-02,Hyderabad,Flagship,Bakery,Brownie,1,110,111.45
270,2026-04-02,Hyderabad,Flagship,Coffee,Espresso,1,120,119.51
271,2026-04-02,Hyderabad,Flagship,Coffee,Cold Brew,1,180,184.09
272,2026-04-02,Hyderabad,Flagship,Coffee,Cappuccino,1,140,138.97
273,2026-04-02,Hyderabad,Flagship,Bakery,Brownie,2,110,222.38
274,2026-04-02,Hyderabad,Flagship,Bakery,Croissant,2,90,178.28
275,2026-04-02,Hyderabad,Flagship,Bakery,Croissant,2,90,175.67
276,2026-04-02,Hyderabad,Flagship,Coffee,Cappuccino,1,140,137.26
277,2026-04-02,Hyderabad,Flagship,Bakery,Croissant,2,90,184.75
278,2026-04-02,Hyderabad,Flagship,Merchandise,Coffee Beans Pack,1,450,462.17
279,2026-04-02,Hyderabad,Flagship,Bakery,Croissant,1,90,92.33
280,2026-04-02,Hyderabad,Flagship,Coffee,Cappuccino,3,140,424.76
281,2026-04-02,Hyderabad,Flagship,Bakery,Croissant,1,90,90.79
282,2026-04-02,Hyderabad,Flagship,Bakery,Brownie,2,110,216.95
283,2026-04-02,Hyderabad,Flagship,Coffee,Cappuccino,2,140,277.03
284,2026-04-02,Hyderabad,Flagship,Coffee,Cappuccino,2,140,285.53
285,2026-04-02,Hyderabad,Flagship,Bakery,Brownie,1,110,107.77
286,2026-04-02,Hyderabad,Flagship,Bakery,Muffin,2,70,140.18
287,2026-04-02,Hyderabad,Flagship,Coffee,Espresso,1,120,120.34
288,2026-04-02,Hyderabad,Kiosk,Coffee,Cappuccino,1,140,142.82
289,2026-04-02,Hyderabad,Kiosk,Coffee,Espresso,1,120,121.12
290,2026-04-02,Hyderabad,Kiosk,Coffee,Filter Coffee,1,60,60.35
291,2026-04-02,Hyderabad,Kiosk,Coffee,Filter Coffee,3,60,179.84
292,2026-04-02,Hyderabad,Kiosk,Coffee,Cappuccino,2,140,275.1
293,2026-04-02,Hyderabad,Kiosk,Coffee,Filter Coffee,1,60,59.29
294,2026-04-02,Hyderabad,Kiosk,Coffee,Cappuccino,2,140,285.41
295,2026-04-02,Hyderabad,Kiosk,Coffee,Espresso,2,120,239.32
296,2026-04-02,Hyderabad,Kiosk,Coffee,Espresso,1,120,120.0
297,2026-04-02,Hyderabad,Kiosk,Coffee,Espresso,2,120,239.17
298,2026-04-02,Hyderabad,Drive-Thru,Coffee,Cold Brew,1,180,184.43
299,2026-04-02,Hyderabad,Drive-Thru,Bakery,Croissant,1,90,89.44
300,2026-04-02,Hyderabad,Drive-Thru,Bakery,Brownie,1,110,110.46
301,2026-04-02,Hyderabad,Drive-Thru,Coffee,Filter Coffee,1,60,61.54
302,2026-04-02,Hyderabad,Drive-Thru,Coffee,Filter Coffee,1,60,60.71
303,2026-04-02,Hyderabad,Drive-Thru,Bakery,Muffin,1,70,69.65
304,2026-04-02,Hyderabad,Drive-Thru,Bakery,Croissant,1,90,89.72
305,2026-04-02,Hyderabad,Drive-Thru,Merchandise,Mug,3,350,1067.22
306,2026-04-02,Hyderabad,Drive-Thru,Coffee,Cold Brew,3,180,528.62
307,2026-04-02,Hyderabad,Drive-Thru,Coffee,Cappuccino,1,140,141.55
308,2026-04-02,Hyderabad,Drive-Thru,Coffee,Cappuccino,1,140,138.57
309,2026-04-02,Hyderabad,Drive-Thru,Coffee,Espresso,1,120,120.17
310,2026-04-03,Coimbatore,Flagship,Bakery,Brownie,1,110,112.26
311,2026-04-03,Coimbatore,Flagship,Coffee,Cappuccino,1,140,140.59
312,2026-04-03,Coimbatore,Flagship,Coffee,Espresso,3,120,356.41
313,2026-04-03,Coimbatore,Flagship,Bakery,Brownie,1,110,107.05
314,2026-04-03,Coimbatore,Flagship,Bakery,Muffin,1,70,68.87
315,2026-04-03,Coimbatore,Flagship,Merchandise,Coffee Beans Pack,2,450,920.45
316,2026-04-03,Coimbatore,Flagship,Bakery,Brownie,2,110,224.69
317,2026-04-03,Coimbatore,Flagship,Merchandise,Coffee Beans Pack,2,450,926.33
318,2026-04-03,Coimbatore,Flagship,Merchandise,Coffee Beans Pack,1,450,456.41
319,2026-04-03,Coimbatore,Flagship,Coffee,Cappuccino,1,140,143.62
320,2026-04-03,Coimbatore,Flagship,Merchandise,Mug,1,350,347.62
321,2026-04-03,Coimbatore,Flagship,Merchandise,Tumbler,2,550,1085.25
322,2026-04-03,Coimbatore,Flagship,Bakery,Croissant,1,90,87.95
323,2026-04-03,Coimbatore,Flagship,Bakery,Muffin,1,70,69.27
324,2026-04-03,Coimbatore,Flagship,Coffee,Espresso,2,120,239.86
325,2026-04-03,Coimbatore,Kiosk,Merchandise,Coffee Beans Pack,3,450,1323.64
326,2026-04-03,Coimbatore,Kiosk,Coffee,Cappuccino,1,140,141.22
327,2026-04-03,Coimbatore,Kiosk,Merchandise,Mug,1,350,349.65
328,2026-04-03,Coimbatore,Kiosk,Bakery,Brownie,2,110,216.74
329,2026-04-03,Coimbatore,Kiosk,Bakery,Brownie,1,110,111.27
330,2026-04-03,Coimbatore,Kiosk,Bakery,Brownie,2,110,215.68
331,2026-04-03,Coimbatore,Kiosk,Bakery,Brownie,3,110,329.15
332,2026-04-03,Coimbatore,Kiosk,Coffee,Cappuccino,2,140,276.08
333,2026-04-03,Coimbatore,Kiosk,Coffee,Filter Coffee,1,60,60.43
334,2026-04-03,Coimbatore,Drive-Thru,Coffee,Cappuccino,1,140,140.27
335,2026-04-03,Coimbatore,Drive-Thru,Bakery,Muffin,1,70,71.03
336,2026-04-03,Coimbatore,Drive-Thru,Coffee,Filter Coffee,3,60,177.16
337,2026-04-03,Coimbatore,Drive-Thru,Bakery,Brownie,2,110,214.56
338,2026-04-03,Coimbatore,Drive-Thru,Coffee,Cappuccino,1,140,140.36
339,2026-04-03,Coimbatore,Drive-Thru,Coffee,Espresso,3,120,363.05
340,2026-04-03,Coimbatore,Drive-Thru,Merchandise,Mug,1,350,359.79
341,2026-04-03,Coimbatore,Drive-Thru,Bakery,Brownie,1,110,107.6
342,2026-04-03,Coimbatore,Drive-Thru,Coffee,Cappuccino,2,140,283.77
343,2026-04-03,Coimbatore,Drive-Thru,Bakery,Croissant,3,90,271.83
344,2026-04-03,Chennai,Flagship,Merchandise,Tumbler,1,550,550.26
345,2026-04-03,Chennai,Flagship,Bakery,Brownie,1,110,107.47
346,2026-04-03,Chennai,Flagship,Merchandise,Tumbler,2,550,1084.99
347,2026-04-03,Chennai,Flagship,Coffee,Espresso,1,120,121.45
348,2026-04-03,Chennai,Flagship,Coffee,Filter Coffee,1,60,58.98
349,2026-04-03,Chennai,Flagship,Merchandise,Mug,1,350,353.41
350,2026-04-03,Chennai,Flagship,Bakery,Brownie,2,110,213.71
351,2026-04-03,Chennai,Flagship,Bakery,Brownie,3,110,335.85
352,2026-04-03,Chennai,Flagship,Coffee,Espresso,2,120,246.98
353,2026-04-03,Chennai,Flagship,Coffee,Cappuccino,1,140,138.85
354,2026-04-03,Chennai,Flagship,Bakery,Croissant,2,90,175.9
355,2026-04-03,Chennai,Flagship,Coffee,Filter Coffee,2,60,116.79
356,2026-04-03,Chennai,Flagship,Coffee,Cold Brew,3,180,534.33
357,2026-04-03,Chennai,Kiosk,Coffee,Espresso,1,120,119.97
358,2026-04-03,Chennai,Kiosk,Bakery,Brownie,1,110,107.25
359,2026-04-03,Chennai,Kiosk,Bakery,Muffin,1,70,69.89
360,2026-04-03,Chennai,Kiosk,Merchandise,Mug,2,350,688.68
361,2026-04-03,Chennai,Kiosk,Coffee,Filter Coffee,1,60,61.19
362,2026-04-03,Chennai,Kiosk,Coffee,Filter Coffee,1,60,59.06
363,2026-04-03,Chennai,Kiosk,Bakery,Croissant,3,90,264.21
364,2026-04-03,Chennai,Kiosk,Coffee,Cappuccino,1,140,136.39
365,2026-04-03,Chennai,Kiosk,Bakery,Muffin,1,70,69.41
366,2026-04-03,Chennai,Kiosk,Merchandise,Mug,2,350,718.46
367,2026-04-03,Chennai,Kiosk,Coffee,Espresso,2,120,237.47
368,2026-04-03,Chennai,Drive-Thru,Merchandise,Coffee Beans Pack,3,450,1340.36
369,2026-04-03,Chennai,Drive-Thru,Bakery,Croissant,1,90,92.56
370,2026-04-03,Chennai,Drive-Thru,Coffee,Espresso,3,120,350.32
371,2026-04-03,Chennai,Drive-Thru,Coffee,Cold Brew,3,180,542.75
372,2026-04-03,Chennai,Drive-Thru,Merchandise,Coffee Beans Pack,1,450,443.42
373,2026-04-03,Chennai,Drive-Thru,Coffee,Filter Coffee,1,60,58.44
374,2026-04-03,Chennai,Drive-Thru,Merchandise,Mug,1,350,354.5
375,2026-04-03,Chennai,Drive-Thru,Coffee,Cold Brew,4,180,727.03
376,2026-04-03,Chennai,Drive-Thru,Merchandise,Tumbler,2,550,1122.67
377,2026-04-03,Chennai,Drive-Thru,Coffee,Filter Coffee,1,60,60.2
378,2026-04-03,Bengaluru,Flagship,Coffee,Filter Coffee,1,60,60.29
379,2026-04-03,Bengaluru,Flagship,Bakery,Brownie,1,110,110.94
380,2026-04-03,Bengaluru,Flagship,Merchandise,Coffee Beans Pack,1,450,439.1
381,2026-04-03,Bengaluru,Flagship,Coffee,Filter Coffee,1,60,60.33
382,2026-04-03,Bengaluru,Flagship,Coffee,Cold Brew,1,180,181.96
383,2026-04-03,Bengaluru,Flagship,Coffee,Cold Brew,1,180,180.21
384,2026-04-03,Bengaluru,Flagship,Coffee,Espresso,1,120,118.88
385,2026-04-03,Bengaluru,Flagship,Coffee,Cold Brew,5,180,922.41
386,2026-04-03,Bengaluru,Flagship,Bakery,Brownie,2,110,218.98
387,2026-04-03,Bengaluru,Flagship,Coffee,Espresso,1,120,116.69
388,2026-04-03,Bengaluru,Flagship,Bakery,Croissant,2,90,182.82
389,2026-04-03,Bengaluru,Flagship,Bakery,Croissant,1,90,91.02
390,2026-04-03,Bengaluru,Flagship,Bakery,Brownie,1,110,110.86
391,2026-04-03,Bengaluru,Flagship,Bakery,Croissant,1,90,90.98
392,2026-04-03,Bengaluru,Flagship,Coffee,Cappuccino,1,140,140.96
393,2026-04-03,Bengaluru,Flagship,Bakery,Croissant,2,90,185.18
394,2026-04-03,Bengaluru,Flagship,Coffee,Filter Coffee,2,60,116.76
395,2026-04-03,Bengaluru,Flagship,Merchandise,Tumbler,2,550,1075.8
396,2026-04-03,Bengaluru,Flagship,Coffee,Filter Coffee,1,60,60.36
397,2026-04-03,Bengaluru,Flagship,Merchandise,Tumbler,1,550,545.82
398,2026-04-03,Bengaluru,Flagship,Coffee,Filter Coffee,2,60,119.51
399,2026-04-03,Bengaluru,Flagship,Coffee,Cold Brew,2,180,349.55
400,2026-04-03,Bengaluru,Kiosk,Coffee,Filter Coffee,1,60,59.32
401,2026-04-03,Bengaluru,Kiosk,Coffee,Espresso,1,120,118.33
402,2026-04-03,Bengaluru,Kiosk,Coffee,Cold Brew,3,180,528.34
403,2026-04-03,Bengaluru,Kiosk,Merchandise,Tumbler,1,550,543.55
404,2026-04-03,Bengaluru,Kiosk,Bakery,Croissant,1,90,88.1
405,2026-04-03,Bengaluru,Kiosk,Coffee,Espresso,1,120,116.94
406,2026-04-03,Bengaluru,Kiosk,Merchandise,Tumbler,1,550,563.91
407,2026-04-03,Bengaluru,Kiosk,Bakery,Muffin,1,70,71.29
408,2026-04-03,Bengaluru,Kiosk,Coffee,Cappuccino,1,140,137.69
409,2026-04-03,Bengaluru,Drive-Thru,Coffee,Espresso,2,120,239.58
410,2026-04-03,Bengaluru,Drive-Thru,Coffee,Cold Brew,1,180,175.59
411,2026-04-03,Bengaluru,Drive-Thru,Coffee,Cappuccino,1,140,141.95
412,2026-04-03,Bengaluru,Drive-Thru,Merchandise,Tumbler,2,550,1097.16
413,2026-04-03,Bengaluru,Drive-Thru,Bakery,Muffin,1,70,69.41
414,2026-04-03,Bengaluru,Drive-Thru,Coffee,Cappuccino,2,140,284.65
415,2026-04-03,Bengaluru,Drive-Thru,Coffee,Cappuccino,1,140,139.27
416,2026-04-03,Bengaluru,Drive-Thru,Bakery,Brownie,2,110,220.52
417,2026-04-03,Bengaluru,Drive-Thru,Coffee,Cappuccino,1,140,142.32
418,2026-04-03,Bengaluru,Drive-Thru,Coffee,Cold Brew,4,180,735.76
419,2026-04-03,Bengaluru,Drive-Thru,Coffee,Cold Brew,4,180,727.34
420,2026-04-03,Bengaluru,Drive-Thru,Bakery,Brownie,1,110,111.65
421,2026-04-03,Bengaluru,Drive-Thru,Coffee,Cappuccino,1,140,140.65
422,2026-04-03,Bengaluru,Drive-Thru,Coffee,Cappuccino,1,140,144.11
423,2026-04-03,Bengaluru,Drive-Thru,Merchandise,Coffee Beans Pack,2,450,893.18
424,2026-04-03,Bengaluru,Drive-Thru,Bakery,Muffin,2,70,140.77
425,2026-04-03,Hyderabad,Flagship,Merchandise,Mug,2,350,683.28
426,2026-04-03,Hyderabad,Flagship,Merchandise,Mug,2,350,698.04
427,2026-04-03,Hyderabad,Flagship,Merchandise,Tumbler,1,550,538.46
428,2026-04-03,Hyderabad,Flagship,Merchandise,Coffee Beans Pack,1,450,446.56
429,2026-04-03,Hyderabad,Flagship,Coffee,Filter Coffee,3,60,182.98
430,2026-04-03,Hyderabad,Flagship,Coffee,Filter Coffee,2,60,119.44
431,2026-04-03,Hyderabad,Flagship,Coffee,Filter Coffee,1,60,58.52
432,2026-04-03,Hyderabad,Flagship,Coffee,Cappuccino,1,140,143.6
433,2026-04-03,Hyderabad,Flagship,Coffee,Espresso,1,120,120.53
434,2026-04-03,Hyderabad,Flagship,Coffee,Cappuccino,1,140,140.23
435,2026-04-03,Hyderabad,Flagship,Coffee,Filter Coffee,1,60,60.88
436,2026-04-03,Hyderabad,Flagship,Coffee,Espresso,1,120,117.2
437,2026-04-03,Hyderabad,Flagship,Bakery,Brownie,2,110,213.52
438,2026-04-03,Hyderabad,Flagship,Merchandise,Coffee Beans Pack,1,450,445.8
439,2026-04-03,Hyderabad,Flagship,Coffee,Cappuccino,2,140,282.32
440,2026-04-03,Hyderabad,Flagship,Coffee,Filter Coffee,1,60,59.02
441,2026-04-03,Hyderabad,Kiosk,Bakery,Muffin,1,70,70.57
442,2026-04-03,Hyderabad,Kiosk,Bakery,Muffin,1,70,70.69
443,2026-04-03,Hyderabad,Kiosk,Coffee,Cappuccino,3,140,427.67
444,2026-04-03,Hyderabad,Kiosk,Bakery,Croissant,1,90,91.82
445,2026-04-03,Hyderabad,Kiosk,Coffee,Filter Coffee,1,60,60.39
446,2026-04-03,Hyderabad,Kiosk,Bakery,Muffin,2,70,141.67
447,2026-04-03,Hyderabad,Drive-Thru,Coffee,Espresso,3,120,351.52
448,2026-04-03,Hyderabad,Drive-Thru,Coffee,Cappuccino,1,140,139.97
449,2026-04-03,Hyderabad,Drive-Thru,Merchandise,Mug,2,350,685.64
450,2026-04-03,Hyderabad,Drive-Thru,Merchandise,Coffee Beans Pack,1,450,450.41
451,2026-04-03,Hyderabad,Drive-Thru,Bakery,Croissant,1,90,91.19
452,2026-04-03,Hyderabad,Drive-Thru,Coffee,Filter Coffee,2,60,118.25
453,2026-04-03,Hyderabad,Drive-Thru,Coffee,Filter Coffee,2,60,122.25
454,2026-04-03,Hyderabad,Drive-Thru,Bakery,Brownie,1,110,108.84
455,2026-04-03,Hyderabad,Drive-Thru,Merchandise,Mug,1,350,345.16
456,2026-04-03,Hyderabad,Drive-Thru,Coffee,Cold Brew,1,180,183.03
457,2026-04-04,Coimbatore,Flagship,Bakery,Muffin,2,70,142.32
458,2026-04-04,Coimbatore,Flagship,Coffee,Cappuccino,2,140,287.9
459,2026-04-04,Coimbatore,Flagship,Bakery,Brownie,1,110,110.54
460,2026-04-04,Coimbatore,Flagship,Bakery,Croissant,1,90,89.14
461,2026-04-04,Coimbatore,Flagship,Coffee,Filter Coffee,1,60,58.77
462,2026-04-04,Coimbatore,Flagship,Coffee,Cappuccino,1,140,137.36
463,2026-04-04,Coimbatore,Flagship,Coffee,Cold Brew,3,180,542.35
464,2026-04-04,Coimbatore,Flagship,Bakery,Croissant,1,90,87.65
465,2026-04-04,Coimbatore,Flagship,Coffee,Cold Brew,2,180,366.46
466,2026-04-04,Coimbatore,Flagship,Merchandise,Mug,2,350,710.32
467,2026-04-04,Coimbatore,Flagship,Coffee,Espresso,1,120,120.33
468,2026-04-04,Coimbatore,Flagship,Coffee,Cold Brew,3,180,533.3
469,2026-04-04,Coimbatore,Flagship,Coffee,Espresso,2,120,238.92
470,2026-04-04,Coimbatore,Flagship,Bakery,Brownie,1,110,108.31
471,2026-04-04,Coimbatore,Flagship,Coffee,Cappuccino,1,140,139.8
472,2026-04-04,Coimbatore,Flagship,Merchandise,Mug,2,350,702.4
473,2026-04-04,Coimbatore,Flagship,Bakery,Brownie,3,110,336.36
474,2026-04-04,Coimbatore,Flagship,Coffee,Cold Brew,2,180,364.46
475,2026-04-04,Coimbatore,Kiosk,Coffee,Cold Brew,3,180,541.04
476,2026-04-04,Coimbatore,Kiosk,Coffee,Espresso,2,120,241.01
477,2026-04-04,Coimbatore,Kiosk,Coffee,Filter Coffee,1,60,59.27
478,2026-04-04,Coimbatore,Kiosk,Bakery,Muffin,1,70,68.85
479,2026-04-04,Coimbatore,Kiosk,Bakery,Croissant,2,90,179.29
480,2026-04-04,Coimbatore,Kiosk,Coffee,Cappuccino,2,140,278.73
481,2026-04-04,Coimbatore,Kiosk,Coffee,Filter Coffee,1,60,59.23
482,2026-04-04,Coimbatore,Kiosk,Bakery,Brownie,1,110,108.94
483,2026-04-04,Coimbatore,Kiosk,Coffee,Cappuccino,1,140,143.44
484,2026-04-04,Coimbatore,Kiosk,Coffee,Cappuccino,2,140,284.9
485,2026-04-04,Coimbatore,Kiosk,Bakery,Croissant,1,90,90.44
486,2026-04-04,Coimbatore,Kiosk,Coffee,Espresso,3,120,365.46
487,2026-04-04,Coimbatore,Drive-Thru,Bakery,Muffin,2,70,137.9
488,2026-04-04,Coimbatore,Drive-Thru,Merchandise,Tumbler,1,550,561.98
489,2026-04-04,Coimbatore,Drive-Thru,Coffee,Espresso,2,120,246.54
490,2026-04-04,Coimbatore,Drive-Thru,Coffee,Espresso,1,120,122.95
491,2026-04-04,Coimbatore,Drive-Thru,Coffee,Cappuccino,1,140,142.94
492,2026-04-04,Coimbatore,Drive-Thru,Bakery,Muffin,2,70,136.18
493,2026-04-04,Coimbatore,Drive-Thru,Bakery,Croissant,2,90,182.98
494,2026-04-04,Coimbatore,Drive-Thru,Coffee,Cappuccino,1,140,136.5
495,2026-04-04,Coimbatore,Drive-Thru,Bakery,Croissant,2,90,179.79
496,2026-04-04,Coimbatore,Drive-Thru,Merchandise,Mug,3,350,1021.96
497,2026-04-04,Coimbatore,Drive-Thru,Coffee,Cold Brew,1,180,182.02
498,2026-04-04,Chennai,Flagship,Merchandise,Mug,1,350,343.07
499,2026-04-04,Chennai,Flagship,Coffee,Espresso,2,120,238.46
500,2026-04-04,Chennai,Flagship,Bakery,Muffin,2,70,140.68
501,2026-04-04,Chennai,Flagship,Coffee,Filter Coffee,1,60,61.33
502,2026-04-04,Chennai,Flagship,Coffee,Espresso,2,120,240.7
503,2026-04-04,Chennai,Flagship,Coffee,Cold Brew,2,180,351.79
504,2026-04-04,Chennai,Flagship,Bakery,Muffin,2,70,140.22
505,2026-04-04,Chennai,Flagship,Bakery,Croissant,1,90,88.95
506,2026-04-04,Chennai,Flagship,Bakery,Brownie,1,110,107.44
507,2026-04-04,Chennai,Flagship,Coffee,Cappuccino,3,140,422.86
508,2026-04-04,Chennai,Flagship,Coffee,Cappuccino,1,140,137.86
509,2026-04-04,Chennai,Flagship,Coffee,Cappuccino,1,140,143.14
510,2026-04-04,Chennai,Flagship,Coffee,Cold Brew,3,180,534.29
511,2026-04-04,Chennai,Flagship,Coffee,Espresso,1,120,117.37
512,2026-04-04,Chennai,Flagship,Bakery,Croissant,1,90,91.68
513,2026-04-04,Chennai,Flagship,Bakery,Croissant,1,90,90.47
514,2026-04-04,Chennai,Flagship,Coffee,Espresso,3,120,357.86
515,2026-04-04,Chennai,Flagship,Bakery,Croissant,3,90,270.18
516,2026-04-04,Chennai,Flagship,Coffee,Cappuccino,1,140,142.26
517,2026-04-04,Chennai,Kiosk,Bakery,Croissant,1,90,88.46
518,2026-04-04,Chennai,Kiosk,Coffee,Filter Coffee,1,60,58.25
519,2026-04-04,Chennai,Kiosk,Bakery,Brownie,1,110,110.04
520,2026-04-04,Chennai,Kiosk,Bakery,Brownie,2,110,220.83
521,2026-04-04,Chennai,Kiosk,Coffee,Filter Coffee,2,60,119.19
522,2026-04-04,Chennai,Kiosk,Bakery,Brownie,2,110,218.98
523,2026-04-04,Chennai,Kiosk,Coffee,Cold Brew,2,180,370.7
524,2026-04-04,Chennai,Kiosk,Coffee,Cappuccino,1,140,140.08
525,2026-04-04,Chennai,Kiosk,Merchandise,Mug,2,350,704.2
526,2026-04-04,Chennai,Kiosk,Coffee,Espresso,3,120,368.21
527,2026-04-04,Chennai,Kiosk,Coffee,Cold Brew,3,180,554.13
528,2026-04-04,Chennai,Kiosk,Coffee,Cappuccino,1,140,139.51
529,2026-04-04,Chennai,Kiosk,Coffee,Cappuccino,1,140,144.19
530,2026-04-04,Chennai,Kiosk,Bakery,Croissant,2,90,179.54
531,2026-04-04,Chennai,Kiosk,Coffee,Cold Brew,1,180,177.33
532,2026-04-04,Chennai,Drive-Thru,Bakery,Croissant,1,90,90.1
533,2026-04-04,Chennai,Drive-Thru,Merchandise,Mug,1,350,355.07
534,2026-04-04,Chennai,Drive-Thru,Merchandise,Mug,3,350,1051.39
535,2026-04-04,Chennai,Drive-Thru,Coffee,Espresso,2,120,244.74
536,2026-04-04,Chennai,Drive-Thru,Bakery,Croissant,1,90,90.98
537,2026-04-04,Chennai,Drive-Thru,Coffee,Espresso,1,120,119.86
538,2026-04-04,Chennai,Drive-Thru,Coffee,Cappuccino,1,140,138.33
539,2026-04-04,Chennai,Drive-Thru,Merchandise,Coffee Beans Pack,3,450,1378.55
540,2026-04-04,Chennai,Drive-Thru,Coffee,Cold Brew,2,180,369.95
541,2026-04-04,Chennai,Drive-Thru,Bakery,Croissant,1,90,88.15
542,2026-04-04,Chennai,Drive-Thru,Merchandise,Tumbler,3,550,1674.07
543,2026-04-04,Chennai,Drive-Thru,Coffee,Espresso,1,120,119.65
544,2026-04-04,Chennai,Drive-Thru,Bakery,Muffin,2,70,139.85
545,2026-04-04,Chennai,Drive-Thru,Coffee,Cappuccino,1,140,137.31
546,2026-04-04,Chennai,Drive-Thru,Coffee,Espresso,2,120,236.16
547,2026-04-04,Chennai,Drive-Thru,Bakery,Croissant,1,90,91.84
548,2026-04-04,Chennai,Drive-Thru,Coffee,Espresso,1,120,116.62
549,2026-04-04,Chennai,Drive-Thru,Merchandise,Tumbler,3,550,1648.83
550,2026-04-04,Bengaluru,Flagship,Bakery,Muffin,1,70,69.54
551,2026-04-04,Bengaluru,Flagship,Coffee,Cold Brew,1,180,179.58
552,2026-04-04,Bengaluru,Flagship,Merchandise,Mug,1,350,350.22
553,2026-04-04,Bengaluru,Flagship,Coffee,Filter Coffee,1,60,60.93
554,2026-04-04,Bengaluru,Flagship,Coffee,Cold Brew,3,180,526.91
555,2026-04-04,Bengaluru,Flagship,Merchandise,Tumbler,1,550,540.79
556,2026-04-04,Bengaluru,Flagship,Coffee,Espresso,1,120,120.36
557,2026-04-04,Bengaluru,Flagship,Bakery,Croissant,2,90,182.72
558,2026-04-04,Bengaluru,Flagship,Coffee,Espresso,1,120,122.16
559,2026-04-04,Bengaluru,Flagship,Merchandise,Tumbler,3,550,1641.06
560,2026-04-04,Bengaluru,Flagship,Bakery,Croissant,1,90,88.26
561,2026-04-04,Bengaluru,Flagship,Coffee,Cappuccino,1,140,138.44
562,2026-04-04,Bengaluru,Flagship,Coffee,Filter Coffee,2,60,118.23
563,2026-04-04,Bengaluru,Flagship,Coffee,Cappuccino,1,140,136.35
564,2026-04-04,Bengaluru,Flagship,Coffee,Espresso,1,120,121.26
565,2026-04-04,Bengaluru,Flagship,Coffee,Filter Coffee,2,60,120.5
566,2026-04-04,Bengaluru,Flagship,Coffee,Filter Coffee,3,60,184.85
567,2026-04-04,Bengaluru,Flagship,Coffee,Cappuccino,1,140,139.06
568,2026-04-04,Bengaluru,Flagship,Bakery,Muffin,1,70,68.78
569,2026-04-04,Bengaluru,Flagship,Coffee,Cappuccino,1,140,141.46
570,2026-04-04,Bengaluru,Flagship,Merchandise,Mug,2,350,691.21
571,2026-04-04,Bengaluru,Flagship,Coffee,Espresso,1,120,122.11
572,2026-04-04,Bengaluru,Flagship,Bakery,Brownie,1,110,111.26
573,2026-04-04,Bengaluru,Flagship,Coffee,Cappuccino,1,140,142.15
574,2026-04-04,Bengaluru,Flagship,Merchandise,Coffee Beans Pack,1,450,448.49
575,2026-04-04,Bengaluru,Flagship,Coffee,Filter Coffee,1,60,59.5
576,2026-04-04,Bengaluru,Flagship,Bakery,Brownie,1,110,108.41
577,2026-04-04,Bengaluru,Flagship,Coffee,Espresso,2,120,246.7
578,2026-04-04,Bengaluru,Flagship,Coffee,Espresso,1,120,117.54
579,2026-04-04,Bengaluru,Flagship,Coffee,Cold Brew,3,180,530.48
580,2026-04-04,Bengaluru,Flagship,Bakery,Croissant,1,90,89.17
581,2026-04-04,Bengaluru,Flagship,Bakery,Muffin,3,70,205.68
582,2026-04-04,Bengaluru,Flagship,Coffee,Filter Coffee,1,60,61.07
583,2026-04-04,Bengaluru,Flagship,Coffee,Filter Coffee,1,60,61.45
584,2026-04-04,Bengaluru,Kiosk,Bakery,Muffin,1,70,70.72
585,2026-04-04,Bengaluru,Kiosk,Coffee,Cold Brew,4,180,736.08
586,2026-04-04,Bengaluru,Kiosk,Bakery,Croissant,1,90,92.4
587,2026-04-04,Bengaluru,Kiosk,Coffee,Espresso,3,120,358.52
588,2026-04-04,Bengaluru,Kiosk,Bakery,Croissant,1,90,92.0
589,2026-04-04,Bengaluru,Kiosk,Bakery,Brownie,3,110,331.22
590,2026-04-04,Bengaluru,Kiosk,Coffee,Cold Brew,3,180,553.15
591,2026-04-04,Bengaluru,Kiosk,Coffee,Cappuccino,1,140,138.64
592,2026-04-04,Bengaluru,Kiosk,Merchandise,Mug,1,350,356.48
593,2026-04-04,Bengaluru,Kiosk,Bakery,Muffin,1,70,71.15
594,2026-04-04,Bengaluru,Kiosk,Coffee,Filter Coffee,1,60,58.74
595,2026-04-04,Bengaluru,Kiosk,Coffee,Cold Brew,3,180,544.02
596,2026-04-04,Bengaluru,Drive-Thru,Coffee,Cold Brew,4,180,707.48
597,2026-04-04,Bengaluru,Drive-Thru,Coffee,Espresso,1,120,120.97
598,2026-04-04,Bengaluru,Drive-Thru,Merchandise,Mug,2,350,691.75
599,2026-04-04,Bengaluru,Drive-Thru,Coffee,Cold Brew,2,180,355.16
600,2026-04-04,Bengaluru,Drive-Thru,Bakery,Brownie,2,110,217.79
601,2026-04-04,Bengaluru,Drive-Thru,Coffee,Espresso,1,120,121.36
602,2026-04-04,Bengaluru,Drive-Thru,Bakery,Croissant,1,90,90.4
603,2026-04-04,Bengaluru,Drive-Thru,Bakery,Muffin,1,70,69.59
604,2026-04-04,Bengaluru,Drive-Thru,Coffee,Cappuccino,2,140,277.07
605,2026-04-04,Bengaluru,Drive-Thru,Coffee,Espresso,2,120,242.97
606,2026-04-04,Bengaluru,Drive-Thru,Merchandise,Mug,1,350,350.27
607,2026-04-04,Bengaluru,Drive-Thru,Coffee,Espresso,2,120,237.17
608,2026-04-04,Bengaluru,Drive-Thru,Coffee,Filter Coffee,1,60,59.97
609,2026-04-04,Bengaluru,Drive-Thru,Coffee,Espresso,1,120,118.25
610,2026-04-04,Hyderabad,Flagship,Coffee,Cold Brew,3,180,552.34
611,2026-04-04,Hyderabad,Flagship,Coffee,Filter Coffee,3,60,185.35
612,2026-04-04,Hyderabad,Flagship,Coffee,Espresso,1,120,117.18
613,2026-04-04,Hyderabad,Flagship,Merchandise,Mug,1,350,355.86
614,2026-04-04,Hyderabad,Flagship,Coffee,Cappuccino,2,140,272.54
615,2026-04-04,Hyderabad,Flagship,Merchandise,Coffee Beans Pack,1,450,442.16
616,2026-04-04,Hyderabad,Flagship,Coffee,Filter Coffee,2,60,123.2
617,2026-04-04,Hyderabad,Flagship,Coffee,Filter Coffee,2,60,120.49
618,2026-04-04,Hyderabad,Flagship,Coffee,Filter Coffee,1,60,60.59
619,2026-04-04,Hyderabad,Flagship,Merchandise,Mug,2,350,681.68
620,2026-04-04,Hyderabad,Flagship,Merchandise,Mug,2,350,689.0
621,2026-04-04,Hyderabad,Flagship,Bakery,Muffin,1,70,69.89
622,2026-04-04,Hyderabad,Flagship,Coffee,Cappuccino,1,140,143.32
623,2026-04-04,Hyderabad,Flagship,Merchandise,Tumbler,1,550,534.6
624,2026-04-04,Hyderabad,Flagship,Merchandise,Mug,2,350,691.16
625,2026-04-04,Hyderabad,Flagship,Merchandise,Tumbler,1,550,538.13
626,2026-04-04,Hyderabad,Kiosk,Bakery,Croissant,3,90,265.99
627,2026-04-04,Hyderabad,Kiosk,Coffee,Cold Brew,1,180,175.44
628,2026-04-04,Hyderabad,Kiosk,Bakery,Croissant,1,90,89.51
629,2026-04-04,Hyderabad,Kiosk,Coffee,Cappuccino,1,140,137.73
630,2026-04-04,Hyderabad,Kiosk,Merchandise,Mug,1,350,358.17
631,2026-04-04,Hyderabad,Kiosk,Coffee,Espresso,1,120,120.82
632,2026-04-04,Hyderabad,Kiosk,Coffee,Cappuccino,1,140,139.44
633,2026-04-04,Hyderabad,Kiosk,Bakery,Muffin,2,70,142.98
634,2026-04-04,Hyderabad,Kiosk,Coffee,Cappuccino,1,140,143.47
635,2026-04-04,Hyderabad,Kiosk,Bakery,Croissant,2,90,175.08
636,2026-04-04,Hyderabad,Kiosk,Coffee,Cappuccino,1,140,139.67
637,2026-04-04,Hyderabad,Kiosk,Merchandise,Tumbler,1,550,546.42
638,2026-04-04,Hyderabad,Kiosk,Merchandise,Tumbler,3,550,1642.82
639,2026-04-04,Hyderabad,Drive-Thru,Bakery,Brownie,1,110,112.27
640,2026-04-04,Hyderabad,Drive-Thru,Coffee,Filter Coffee,1,60,61.24
641,2026-04-04,Hyderabad,Drive-Thru,Coffee,Filter Coffee,1,60,60.49
642,2026-04-04,Hyderabad,Drive-Thru,Bakery,Croissant,3,90,275.42
643,2026-04-04,Hyderabad,Drive-Thru,Bakery,Brownie,2,110,225.77
644,2026-04-04,Hyderabad,Drive-Thru,Bakery,Muffin,2,70,140.83
645,2026-04-04,Hyderabad,Drive-Thru,Coffee,Cold Brew,2,180,350.87
646,2026-04-04,Hyderabad,Drive-Thru,Coffee,Cappuccino,1,140,137.16
647,2026-04-04,Hyderabad,Drive-Thru,Coffee,Filter Coffee,1,60,58.52
648,2026-04-04,Hyderabad,Drive-Thru,Merchandise,Tumbler,2,550,1102.33
649,2026-04-04,Hyderabad,Drive-Thru,Coffee,Espresso,1,120,118.44
650,2026-04-05,Coimbatore,Flagship,Bakery,Croissant,3,90,270.18
651,2026-04-05,Coimbatore,Flagship,Coffee,Cold Brew,3,180,524.71
652,2026-04-05,Coimbatore,Flagship,Coffee,Cappuccino,1,140,137.94
653,2026-04-05,Coimbatore,Flagship,Bakery,Croissant,1,90,88.06
654,2026-04-05,Coimbatore,Flagship,Bakery,Brownie,1,110,109.85
655,2026-04-05,Coimbatore,Flagship,Coffee,Filter Coffee,3,60,184.75
656,2026-04-05,Coimbatore,Flagship,Merchandise,Coffee Beans Pack,1,450,446.92
657,2026-04-05,Coimbatore,Flagship,Coffee,Cappuccino,1,140,136.6
658,2026-04-05,Coimbatore,Flagship,Bakery,Croissant,1,90,89.06
659,2026-04-05,Coimbatore,Flagship,Bakery,Croissant,2,90,175.01
660,2026-04-05,Coimbatore,Flagship,Merchandise,Coffee Beans Pack,1,450,443.64
661,2026-04-05,Coimbatore,Flagship,Bakery,Croissant,2,90,177.13
662,2026-04-05,Coimbatore,Flagship,Coffee,Cappuccino,1,140,139.76
663,2026-04-05,Coimbatore,Flagship,Merchandise,Tumbler,1,550,535.2
664,2026-04-05,Coimbatore,Flagship,Bakery,Muffin,1,70,70.52
665,2026-04-05,Coimbatore,Flagship,Merchandise,Tumbler,2,550,1123.29
666,2026-04-05,Coimbatore,Flagship,Coffee,Cold Brew,3,180,554.72
667,2026-04-05,Coimbatore,Flagship,Bakery,Croissant,1,90,90.89
668,2026-04-05,Coimbatore,Flagship,Coffee,Cold Brew,2,180,353.36
669,2026-04-05,Coimbatore,Flagship,Coffee,Espresso,2,120,238.65
670,2026-04-05,Coimbatore,Flagship,Coffee,Espresso,1,120,117.91
671,2026-04-05,Coimbatore,Kiosk,Coffee,Cold Brew,2,180,362.75
672,2026-04-05,Coimbatore,Kiosk,Coffee,Cold Brew,1,180,181.96
673,2026-04-05,Coimbatore,Kiosk,Merchandise,Coffee Beans Pack,1,450,462.27
674,2026-04-05,Coimbatore,Kiosk,Coffee,Cold Brew,3,180,552.5
675,2026-04-05,Coimbatore,Kiosk,Merchandise,Tumbler,2,550,1095.33
676,2026-04-05,Coimbatore,Kiosk,Merchandise,Tumbler,1,550,547.71
677,2026-04-05,Coimbatore,Kiosk,Coffee,Cappuccino,1,140,139.0
678,2026-04-05,Coimbatore,Kiosk,Bakery,Croissant,2,90,181.32
679,2026-04-05,Coimbatore,Kiosk,Bakery,Muffin,2,70,138.59
680,2026-04-05,Coimbatore,Kiosk,Coffee,Cappuccino,1,140,140.96
681,2026-04-05,Coimbatore,Drive-Thru,Bakery,Croissant,1,90,91.88
682,2026-04-05,Coimbatore,Drive-Thru,Coffee,Filter Coffee,1,60,61.63
683,2026-04-05,Coimbatore,Drive-Thru,Coffee,Espresso,1,120,121.53
684,2026-04-05,Coimbatore,Drive-Thru,Coffee,Cold Brew,3,180,551.89
685,2026-04-05,Coimbatore,Drive-Thru,Bakery,Croissant,1,90,89.52
686,2026-04-05,Coimbatore,Drive-Thru,Bakery,Croissant,2,90,184.18
687,2026-04-05,Coimbatore,Drive-Thru,Bakery,Croissant,1,90,89.3
688,2026-04-05,Coimbatore,Drive-Thru,Coffee,Espresso,2,120,240.81
689,2026-04-05,Coimbatore,Drive-Thru,Bakery,Muffin,1,70,68.17
690,2026-04-05,Coimbatore,Drive-Thru,Merchandise,Mug,2,350,709.06
691,2026-04-05,Coimbatore,Drive-Thru,Coffee,Espresso,1,120,117.64
692,2026-04-05,Chennai,Flagship,Coffee,Espresso,1,120,121.24
693,2026-04-05,Chennai,Flagship,Coffee,Espresso,2,120,233.13
694,2026-04-05,Chennai,Flagship,Merchandise,Coffee Beans Pack,1,450,449.75
695,2026-04-05,Chennai,Flagship,Coffee,Filter Coffee,1,60,59.65
696,2026-04-05,Chennai,Flagship,Bakery,Muffin,1,70,70.99
697,2026-04-05,Chennai,Flagship,Coffee,Filter Coffee,1,60,58.32
698,2026-04-05,Chennai,Flagship,Coffee,Filter Coffee,1,60,59.88
699,2026-04-05,Chennai,Flagship,Coffee,Espresso,1,120,123.31
700,2026-04-05,Chennai,Flagship,Bakery,Brownie,2,110,217.59
701,2026-04-05,Chennai,Flagship,Bakery,Croissant,2,90,179.36
702,2026-04-05,Chennai,Flagship,Coffee,Filter Coffee,3,60,177.99
703,2026-04-05,Chennai,Flagship,Bakery,Croissant,1,90,88.56
704,2026-04-05,Chennai,Flagship,Bakery,Croissant,1,90,90.8
705,2026-04-05,Chennai,Flagship,Coffee,Filter Coffee,1,60,59.74
706,2026-04-05,Chennai,Flagship,Merchandise,Tumbler,3,550,1608.18
707,2026-04-05,Chennai,Flagship,Bakery,Croissant,1,90,87.4
708,2026-04-05,Chennai,Flagship,Merchandise,Tumbler,2,550,1079.39
709,2026-04-05,Chennai,Flagship,Coffee,Filter Coffee,1,60,60.81
710,2026-04-05,Chennai,Flagship,Coffee,Cold Brew,2,180,363.06
711,2026-04-05,Chennai,Flagship,Coffee,Cold Brew,2,180,368.28
712,2026-04-05,Chennai,Flagship,Coffee,Cold Brew,3,180,547.14
713,2026-04-05,Chennai,Flagship,Coffee,Cold Brew,1,180,183.81
714,2026-04-05,Chennai,Flagship,Merchandise,Coffee Beans Pack,3,450,1351.2
715,2026-04-05,Chennai,Flagship,Bakery,Muffin,2,70,138.42
716,2026-04-05,Chennai,Flagship,Coffee,Cold Brew,3,180,543.13
717,2026-04-05,Chennai,Flagship,Bakery,Croissant,2,90,177.56
718,2026-04-05,Chennai,Flagship,Bakery,Brownie,1,110,112.13
719,2026-04-05,Chennai,Flagship,Bakery,Croissant,1,90,88.59
720,2026-04-05,Chennai,Kiosk,Coffee,Cappuccino,1,140,137.46
721,2026-04-05,Chennai,Kiosk,Coffee,Espresso,1,120,120.7
722,2026-04-05,Chennai,Kiosk,Coffee,Filter Coffee,1,60,60.38
723,2026-04-05,Chennai,Kiosk,Coffee,Filter Coffee,1,60,58.26
724,2026-04-05,Chennai,Kiosk,Coffee,Cold Brew,2,180,362.9
725,2026-04-05,Chennai,Kiosk,Merchandise,Coffee Beans Pack,1,450,445.39
726,2026-04-05,Chennai,Kiosk,Bakery,Brownie,1,110,106.88
727,2026-04-05,Chennai,Kiosk,Coffee,Espresso,1,120,116.88
728,2026-04-05,Chennai,Kiosk,Bakery,Brownie,1,110,112.91
729,2026-04-05,Chennai,Kiosk,Bakery,Brownie,1,110,108.26
730,2026-04-05,Chennai,Kiosk,Bakery,Muffin,1,70,70.39
731,2026-04-05,Chennai,Kiosk,Coffee,Cold Brew,3,180,551.89
732,2026-04-05,Chennai,Kiosk,Bakery,Muffin,1,70,71.41
733,2026-04-05,Chennai,Kiosk,Bakery,Brownie,2,110,223.53
734,2026-04-05,Chennai,Kiosk,Coffee,Cold Brew,1,180,177.09
735,2026-04-05,Chennai,Drive-Thru,Bakery,Croissant,1,90,89.2
736,2026-04-05,Chennai,Drive-Thru,Bakery,Muffin,1,70,71.9
737,2026-04-05,Chennai,Drive-Thru,Coffee,Espresso,2,120,238.53
738,2026-04-05,Chennai,Drive-Thru,Coffee,Cappuccino,1,140,136.6
739,2026-04-05,Chennai,Drive-Thru,Bakery,Croissant,1,90,87.92
740,2026-04-05,Chennai,Drive-Thru,Merchandise,Coffee Beans Pack,2,450,912.13
741,2026-04-05,Chennai,Drive-Thru,Bakery,Brownie,1,110,109.1
742,2026-04-05,Chennai,Drive-Thru,Coffee,Cappuccino,3,140,411.31
743,2026-04-05,Chennai,Drive-Thru,Merchandise,Coffee Beans Pack,1,450,458.18
744,2026-04-05,Chennai,Drive-Thru,Coffee,Espresso,2,120,234.28
745,2026-04-05,Chennai,Drive-Thru,Coffee,Cold Brew,2,180,364.2
746,2026-04-05,Chennai,Drive-Thru,Merchandise,Coffee Beans Pack,1,450,450.96
747,2026-04-05,Chennai,Drive-Thru,Coffee,Cappuccino,2,140,284.27
748,2026-04-05,Chennai,Drive-Thru,Bakery,Brownie,1,110,112.44
749,2026-04-05,Chennai,Drive-Thru,Coffee,Espresso,1,120,118.33
750,2026-04-05,Chennai,Drive-Thru,Bakery,Croissant,1,90,87.73
751,2026-04-05,Chennai,Drive-Thru,Bakery,Brownie,2,110,217.0
752,2026-04-05,Chennai,Drive-Thru,Coffee,Cold Brew,5,180,880.49
753,2026-04-05,Bengaluru,Flagship,Bakery,Croissant,1,90,90.02
754,2026-04-05,Bengaluru,Flagship,Bakery,Brownie,2,110,220.17
755,2026-04-05,Bengaluru,Flagship,Merchandise,Tumbler,1,550,553.76
756,2026-04-05,Bengaluru,Flagship,Coffee,Cappuccino,1,140,140.87
757,2026-04-05,Bengaluru,Flagship,Bakery,Croissant,2,90,181.45
758,2026-04-05,Bengaluru,Flagship,Coffee,Espresso,1,120,121.22
759,2026-04-05,Bengaluru,Flagship,Bakery,Brownie,1,110,107.18
760,2026-04-05,Bengaluru,Flagship,Bakery,Muffin,2,70,140.56
761,2026-04-05,Bengaluru,Flagship,Coffee,Cold Brew,2,180,363.28
762,2026-04-05,Bengaluru,Flagship,Merchandise,Tumbler,1,550,543.06
763,2026-04-05,Bengaluru,Flagship,Coffee,Cold Brew,2,180,363.45
764,2026-04-05,Bengaluru,Flagship,Bakery,Croissant,1,90,88.2
765,2026-04-05,Bengaluru,Flagship,Coffee,Cold Brew,3,180,543.13
766,2026-04-05,Bengaluru,Flagship,Coffee,Cold Brew,1,180,180.18
767,2026-04-05,Bengaluru,Flagship,Bakery,Brownie,2,110,214.92
768,2026-04-05,Bengaluru,Flagship,Coffee,Cold Brew,2,180,362.62
769,2026-04-05,Bengaluru,Flagship,Bakery,Brownie,3,110,327.06
770,2026-04-05,Bengaluru,Flagship,Merchandise,Mug,1,350,355.84
771,2026-04-05,Bengaluru,Flagship,Coffee,Cappuccino,1,140,142.51
772,2026-04-05,Bengaluru,Kiosk,Bakery,Brownie,1,110,113.3
773,2026-04-05,Bengaluru,Kiosk,Coffee,Espresso,1,120,116.66
774,2026-04-05,Bengaluru,Kiosk,Bakery,Croissant,1,90,91.88
775,2026-04-05,Bengaluru,Kiosk,Bakery,Muffin,2,70,140.96
776,2026-04-05,Bengaluru,Kiosk,Coffee,Cappuccino,2,140,277.24
777,2026-04-05,Bengaluru,Kiosk,Bakery,Muffin,2,70,136.93
778,2026-04-05,Bengaluru,Kiosk,Coffee,Cappuccino,1,140,138.65
779,2026-04-05,Bengaluru,Kiosk,Bakery,Brownie,1,110,107.9
780,2026-04-05,Bengaluru,Kiosk,Coffee,Cold Brew,3,180,536.04
781,2026-04-05,Bengaluru,Kiosk,Bakery,Brownie,1,110,112.1
782,2026-04-05,Bengaluru,Kiosk,Coffee,Cappuccino,3,140,423.01
783,2026-04-05,Bengaluru,Kiosk,Coffee,Cold Brew,1,180,182.62
784,2026-04-05,Bengaluru,Kiosk,Merchandise,Mug,2,350,710.6
785,2026-04-05,Bengaluru,Kiosk,Merchandise,Coffee Beans Pack,2,450,908.9
786,2026-04-05,Bengaluru,Kiosk,Coffee,Cappuccino,2,140,281.94
787,2026-04-05,Bengaluru,Kiosk,Coffee,Espresso,1,120,120.78
788,2026-04-05,Bengaluru,Kiosk,Coffee,Cold Brew,1,180,177.31
789,2026-04-05,Bengaluru,Drive-Thru,Bakery,Brownie,1,110,111.95
790,2026-04-05,Bengaluru,Drive-Thru,Bakery,Croissant,1,90,88.46
791,2026-04-05,Bengaluru,Drive-Thru,Bakery,Brownie,3,110,322.76
792,2026-04-05,Bengaluru,Drive-Thru,Coffee,Filter Coffee,2,60,121.9
793,2026-04-05,Bengaluru,Drive-Thru,Bakery,Muffin,2,70,137.31
794,2026-04-05,Bengaluru,Drive-Thru,Coffee,Cold Brew,2,180,361.18
795,2026-04-05,Bengaluru,Drive-Thru,Coffee,Cold Brew,2,180,349.92
796,2026-04-05,Bengaluru,Drive-Thru,Merchandise,Coffee Beans Pack,2,450,893.03
797,2026-04-05,Bengaluru,Drive-Thru,Merchandise,Coffee Beans Pack,1,450,463.25
798,2026-04-05,Bengaluru,Drive-Thru,Bakery,Croissant,1,90,91.34
799,2026-04-05,Bengaluru,Drive-Thru,Coffee,Cold Brew,1,180,183.24
800,2026-04-05,Bengaluru,Drive-Thru,Bakery,Brownie,2,110,219.46
801,2026-04-05,Bengaluru,Drive-Thru,Bakery,Croissant,2,90,183.98
802,2026-04-05,Bengaluru,Drive-Thru,Coffee,Filter Coffee,1,60,60.07
803,2026-04-05,Bengaluru,Drive-Thru,Bakery,Croissant,1,90,87.55
804,2026-04-05,Hyderabad,Flagship,Bakery,Muffin,2,70,138.0
805,2026-04-05,Hyderabad,Flagship,Coffee,Cold Brew,1,180,178.35
806,2026-04-05,Hyderabad,Flagship,Merchandise,Mug,1,350,358.94
807,2026-04-05,Hyderabad,Flagship,Coffee,Cappuccino,1,140,143.03
808,2026-04-05,Hyderabad,Flagship,Coffee,Cappuccino,1,140,138.89
809,2026-04-05,Hyderabad,Flagship,Bakery,Croissant,2,90,175.6
810,2026-04-05,Hyderabad,Flagship,Bakery,Croissant,2,90,179.38
811,2026-04-05,Hyderabad,Flagship,Bakery,Muffin,2,70,135.85
812,2026-04-05,Hyderabad,Flagship,Coffee,Espresso,1,120,119.03
813,2026-04-05,Hyderabad,Flagship,Bakery,Croissant,1,90,89.12
814,2026-04-05,Hyderabad,Flagship,Coffee,Cappuccino,3,140,429.96
815,2026-04-05,Hyderabad,Flagship,Bakery,Muffin,1,70,72.04
816,2026-04-05,Hyderabad,Flagship,Coffee,Filter Coffee,1,60,58.59
817,2026-04-05,Hyderabad,Flagship,Bakery,Brownie,1,110,107.94
818,2026-04-05,Hyderabad,Flagship,Bakery,Muffin,1,70,71.0
819,2026-04-05,Hyderabad,Flagship,Merchandise,Mug,1,350,342.87
820,2026-04-05,Hyderabad,Flagship,Coffee,Cappuccino,1,140,143.36
821,2026-04-05,Hyderabad,Flagship,Coffee,Cappuccino,1,140,140.86
822,2026-04-05,Hyderabad,Flagship,Coffee,Filter Coffee,1,60,59.39
823,2026-04-05,Hyderabad,Flagship,Coffee,Espresso,2,120,246.31
824,2026-04-05,Hyderabad,Flagship,Bakery,Brownie,3,110,328.76
825,2026-04-05,Hyderabad,Flagship,Coffee,Espresso,1,120,121.67
826,2026-04-05,Hyderabad,Flagship,Merchandise,Mug,1,350,347.43
827,2026-04-05,Hyderabad,Flagship,Coffee,Filter Coffee,2,60,123.38
828,2026-04-05,Hyderabad,Flagship,Coffee,Filter Coffee,1,60,59.08
829,2026-04-05,Hyderabad,Flagship,Coffee,Cold Brew,4,180,739.49
830,2026-04-05,Hyderabad,Flagship,Coffee,Espresso,2,120,245.68
831,2026-04-05,Hyderabad,Flagship,Coffee,Cappuccino,1,140,141.04
832,2026-04-05,Hyderabad,Flagship,Merchandise,Coffee Beans Pack,1,450,459.98
833,2026-04-05,Hyderabad,Kiosk,Coffee,Espresso,1,120,118.39
834,2026-04-05,Hyderabad,Kiosk,Coffee,Cold Brew,5,180,897.54
835,2026-04-05,Hyderabad,Kiosk,Coffee,Espresso,2,120,234.58
836,2026-04-05,Hyderabad,Kiosk,Bakery,Brownie,2,110,221.45
837,2026-04-05,Hyderabad,Kiosk,Coffee,Espresso,1,120,123.05
838,2026-04-05,Hyderabad,Kiosk,Coffee,Espresso,1,120,121.55
839,2026-04-05,Hyderabad,Kiosk,Coffee,Cold Brew,1,180,178.45
840,2026-04-05,Hyderabad,Kiosk,Bakery,Croissant,2,90,179.5
841,2026-04-05,Hyderabad,Drive-Thru,Coffee,Cappuccino,1,140,141.35
842,2026-04-05,Hyderabad,Drive-Thru,Bakery,Muffin,1,70,68.18
843,2026-04-05,Hyderabad,Drive-Thru,Coffee,Filter Coffee,1,60,58.35
844,2026-04-05,Hyderabad,Drive-Thru,Merchandise,Tumbler,3,550,1653.33
845,2026-04-05,Hyderabad,Drive-Thru,Coffee,Filter Coffee,1,60,59.98
846,2026-04-05,Hyderabad,Drive-Thru,Coffee,Espresso,1,120,120.34
847,2026-04-05,Hyderabad,Drive-Thru,Coffee,Cappuccino,1,140,142.22
848,2026-04-05,Hyderabad,Drive-Thru,Coffee,Espresso,1,120,116.59
849,2026-04-05,Hyderabad,Drive-Thru,Coffee,Espresso,2,120,236.32
850,2026-04-05,Hyderabad,Drive-Thru,Bakery,Brownie,1,110,110.99
851,2026-04-05,Hyderabad,Drive-Thru,Coffee,Cappuccino,1,140,140.04
852,2026-04-06,Coimbatore,Flagship,Bakery,Brownie,1,110,109.11
853,2026-04-06,Coimbatore,Flagship,Coffee,Cold Brew,1,180,183.62
854,2026-04-06,Coimbatore,Flagship,Merchandise,Tumbler,2,550,1109.01
855,2026-04-06,Coimbatore,Flagship,Bakery,Muffin,2,70,139.87
856,2026-04-06,Coimbatore,Flagship,Bakery,Brownie,1,110,109.34
857,2026-04-06,Coimbatore,Flagship,Coffee,Cappuccino,2,140,272.92
858,2026-04-06,Coimbatore,Flagship,Coffee,Espresso,2,120,234.39
859,2026-04-06,Coimbatore,Flagship,Bakery,Brownie,1,110,110.18
860,2026-04-06,Coimbatore,Flagship,Coffee,Cappuccino,1,140,139.03
861,2026-04-06,Coimbatore,Flagship,Bakery,Croissant,1,90,87.76
862,2026-04-06,Coimbatore,Flagship,Coffee,Filter Coffee,2,60,121.24
863,2026-04-06,Coimbatore,Flagship,Coffee,Filter Coffee,1,60,58.59
864,2026-04-06,Coimbatore,Flagship,Coffee,Cold Brew,3,180,533.9
865,2026-04-06,Coimbatore,Flagship,Merchandise,Mug,1,350,358.28
866,2026-04-06,Coimbatore,Flagship,Coffee,Cappuccino,2,140,275.85
867,2026-04-06,Coimbatore,Flagship,Bakery,Croissant,1,90,87.83
868,2026-04-06,Coimbatore,Flagship,Coffee,Espresso,2,120,237.21
869,2026-04-06,Coimbatore,Flagship,Coffee,Espresso,3,120,358.43
870,2026-04-06,Coimbatore,Kiosk,Coffee,Cappuccino,1,140,142.98
871,2026-04-06,Coimbatore,Kiosk,Bakery,Croissant,1,90,91.24
872,2026-04-06,Coimbatore,Kiosk,Coffee,Filter Coffee,1,60,60.97
873,2026-04-06,Coimbatore,Kiosk,Merchandise,Coffee Beans Pack,1,450,452.51
874,2026-04-06,Coimbatore,Kiosk,Coffee,Cappuccino,1,140,138.9
875,2026-04-06,Coimbatore,Kiosk,Bakery,Brownie,1,110,106.81
876,2026-04-06,Coimbatore,Drive-Thru,Bakery,Muffin,1,70,70.93
877,2026-04-06,Coimbatore,Drive-Thru,Coffee,Espresso,2,120,241.99
878,2026-04-06,Coimbatore,Drive-Thru,Coffee,Filter Coffee,3,60,181.23
879,2026-04-06,Coimbatore,Drive-Thru,Coffee,Espresso,2,120,235.36
880,2026-04-06,Coimbatore,Drive-Thru,Merchandise,Tumbler,1,550,560.68
881,2026-04-06,Coimbatore,Drive-Thru,Coffee,Cold Brew,3,180,538.28
882,2026-04-06,Coimbatore,Drive-Thru,Coffee,Cappuccino,1,140,140.96
883,2026-04-06,Coimbatore,Drive-Thru,Bakery,Croissant,1,90,92.08
884,2026-04-06,Coimbatore,Drive-Thru,Bakery,Muffin,1,70,68.32
885,2026-04-06,Coimbatore,Drive-Thru,Coffee,Cappuccino,1,140,140.3
886,2026-04-06,Chennai,Flagship,Bakery,Brownie,1,110,111.18
887,2026-04-06,Chennai,Flagship,Coffee,Filter Coffee,1,60,58.22
888,2026-04-06,Chennai,Flagship,Bakery,Brownie,1,110,112.81
889,2026-04-06,Chennai,Flagship,Coffee,Cold Brew,2,180,350.67
890,2026-04-06,Chennai,Flagship,Coffee,Filter Coffee,1,60,58.52
891,2026-04-06,Chennai,Flagship,Bakery,Muffin,1,70,70.08
892,2026-04-06,Chennai,Flagship,Coffee,Filter Coffee,1,60,60.84
893,2026-04-06,Chennai,Flagship,Coffee,Espresso,1,120,116.89
894,2026-04-06,Chennai,Flagship,Coffee,Cold Brew,1,180,174.6
895,2026-04-06,Chennai,Flagship,Bakery,Brownie,2,110,216.03
896,2026-04-06,Chennai,Flagship,Bakery,Muffin,3,70,207.79
897,2026-04-06,Chennai,Flagship,Coffee,Cold Brew,2,180,367.38
898,2026-04-06,Chennai,Flagship,Coffee,Cappuccino,1,140,140.08
899,2026-04-06,Chennai,Flagship,Bakery,Muffin,1,70,70.62
900,2026-04-06,Chennai,Flagship,Coffee,Cold Brew,3,180,549.57
901,2026-04-06,Chennai,Flagship,Coffee,Espresso,1,120,119.91
902,2026-04-06,Chennai,Flagship,Coffee,Espresso,2,120,242.83
903,2026-04-06,Chennai,Flagship,Coffee,Cappuccino,1,140,139.36
904,2026-04-06,Chennai,Flagship,Coffee,Filter Coffee,2,60,120.58
905,2026-04-06,Chennai,Flagship,Coffee,Cappuccino,1,140,140.52
906,2026-04-06,Chennai,Flagship,Bakery,Brownie,1,110,111.1
907,2026-04-06,Chennai,Flagship,Merchandise,Mug,1,350,341.77
908,2026-04-06,Chennai,Flagship,Coffee,Filter Coffee,1,60,59.22
909,2026-04-06,Chennai,Kiosk,Merchandise,Tumbler,2,550,1105.94
910,2026-04-06,Chennai,Kiosk,Merchandise,Coffee Beans Pack,1,450,457.46
911,2026-04-06,Chennai,Kiosk,Bakery,Brownie,1,110,109.93
912,2026-04-06,Chennai,Kiosk,Coffee,Espresso,3,120,363.69
913,2026-04-06,Chennai,Kiosk,Coffee,Espresso,3,120,350.11
914,2026-04-06,Chennai,Kiosk,Coffee,Cold Brew,1,180,182.62
915,2026-04-06,Chennai,Kiosk,Coffee,Filter Coffee,1,60,60.47
916,2026-04-06,Chennai,Kiosk,Coffee,Filter Coffee,1,60,58.65
917,2026-04-06,Chennai,Drive-Thru,Bakery,Muffin,1,70,70.58
918,2026-04-06,Chennai,Drive-Thru,Bakery,Croissant,1,90,91.05
919,2026-04-06,Chennai,Drive-Thru,Bakery,Muffin,3,70,212.98
920,2026-04-06,Chennai,Drive-Thru,Coffee,Filter Coffee,2,60,119.54
921,2026-04-06,Chennai,Drive-Thru,Coffee,Cappuccino,2,140,279.5
922,2026-04-06,Chennai,Drive-Thru,Coffee,Espresso,1,120,119.06
923,2026-04-06,Chennai,Drive-Thru,Coffee,Espresso,1,120,119.72
924,2026-04-06,Chennai,Drive-Thru,Bakery,Muffin,1,70,71.86
925,2026-04-06,Chennai,Drive-Thru,Coffee,Cappuccino,1,140,138.22
926,2026-04-06,Bengaluru,Flagship,Coffee,Cappuccino,1,140,142.23
927,2026-04-06,Bengaluru,Flagship,Bakery,Muffin,1,70,69.38
928,2026-04-06,Bengaluru,Flagship,Bakery,Muffin,1,70,67.94
929,2026-04-06,Bengaluru,Flagship,Coffee,Filter Coffee,1,60,59.64
930,2026-04-06,Bengaluru,Flagship,Coffee,Cold Brew,1,180,177.37
931,2026-04-06,Bengaluru,Flagship,Coffee,Cappuccino,1,140,138.27
932,2026-04-06,Bengaluru,Flagship,Merchandise,Tumbler,2,550,1128.48
933,2026-04-06,Bengaluru,Flagship,Bakery,Croissant,2,90,183.11
934,2026-04-06,Bengaluru,Flagship,Merchandise,Coffee Beans Pack,2,450,883.01
935,2026-04-06,Bengaluru,Flagship,Bakery,Croissant,2,90,178.35
936,2026-04-06,Bengaluru,Flagship,Merchandise,Mug,2,350,717.08
937,2026-04-06,Bengaluru,Flagship,Merchandise,Coffee Beans Pack,3,450,1353.27
938,2026-04-06,Bengaluru,Flagship,Coffee,Cappuccino,1,140,144.08
939,2026-04-06,Bengaluru,Flagship,Coffee,Espresso,1,120,118.31
940,2026-04-06,Bengaluru,Flagship,Merchandise,Tumbler,2,550,1093.97
941,2026-04-06,Bengaluru,Flagship,Coffee,Cappuccino,1,140,136.26
942,2026-04-06,Bengaluru,Flagship,Coffee,Espresso,1,120,119.68
943,2026-04-06,Bengaluru,Flagship,Coffee,Cold Brew,1,180,177.91
944,2026-04-06,Bengaluru,Kiosk,Coffee,Cold Brew,3,180,539.88
945,2026-04-06,Bengaluru,Kiosk,Coffee,Cappuccino,1,140,138.18
946,2026-04-06,Bengaluru,Kiosk,Bakery,Croissant,1,90,92.15
947,2026-04-06,Bengaluru,Kiosk,Coffee,Cappuccino,1,140,142.49
948,2026-04-06,Bengaluru,Kiosk,Coffee,Cappuccino,1,140,139.1
949,2026-04-06,Bengaluru,Kiosk,Merchandise,Coffee Beans Pack,3,450,1341.69
950,2026-04-06,Bengaluru,Kiosk,Merchandise,Mug,1,350,345.48
951,2026-04-06,Bengaluru,Kiosk,Bakery,Muffin,2,70,139.99
952,2026-04-06,Bengaluru,Kiosk,Bakery,Croissant,2,90,178.47
953,2026-04-06,Bengaluru,Kiosk,Bakery,Brownie,1,110,110.43
954,2026-04-06,Bengaluru,Kiosk,Merchandise,Tumbler,1,550,534.16
955,2026-04-06,Bengaluru,Kiosk,Coffee,Espresso,3,120,364.65
956,2026-04-06,Bengaluru,Drive-Thru,Coffee,Filter Coffee,3,60,182.83
957,2026-04-06,Bengaluru,Drive-Thru,Merchandise,Mug,1,350,347.04
958,2026-04-06,Bengaluru,Drive-Thru,Bakery,Croissant,2,90,175.2
959,2026-04-06,Bengaluru,Drive-Thru,Coffee,Cold Brew,2,180,363.27
960,2026-04-06,Bengaluru,Drive-Thru,Coffee,Espresso,1,120,122.2
961,2026-04-06,Bengaluru,Drive-Thru,Coffee,Espresso,1,120,122.53
962,2026-04-06,Bengaluru,Drive-Thru,Coffee,Cold Brew,3,180,537.19
963,2026-04-06,Bengaluru,Drive-Thru,Coffee,Filter Coffee,1,60,58.83
964,2026-04-06,Bengaluru,Drive-Thru,Coffee,Espresso,1,120,122.08
965,2026-04-06,Bengaluru,Drive-Thru,Coffee,Filter Coffee,2,60,121.1
966,2026-04-06,Bengaluru,Drive-Thru,Bakery,Croissant,1,90,89.02
967,2026-04-06,Bengaluru,Drive-Thru,Coffee,Filter Coffee,1,60,58.72
968,2026-04-06,Hyderabad,Flagship,Bakery,Brownie,1,110,109.32
969,2026-04-06,Hyderabad,Flagship,Coffee,Espresso,1,120,120.59
970,2026-04-06,Hyderabad,Flagship,Bakery,Croissant,1,90,88.76
971,2026-04-06,Hyderabad,Flagship,Coffee,Cappuccino,1,140,137.2
972,2026-04-06,Hyderabad,Flagship,Coffee,Cold Brew,3,180,536.03
973,2026-04-06,Hyderabad,Flagship,Coffee,Filter Coffee,1,60,60.42
974,2026-04-06,Hyderabad,Flagship,Coffee,Cappuccino,2,140,272.93
975,2026-04-06,Hyderabad,Flagship,Coffee,Espresso,1,120,117.56
976,2026-04-06,Hyderabad,Flagship,Bakery,Croissant,1,90,91.58
977,2026-04-06,Hyderabad,Flagship,Bakery,Croissant,1,90,88.96
978,2026-04-06,Hyderabad,Flagship,Coffee,Cold Brew,2,180,367.51
979,2026-04-06,Hyderabad,Flagship,Coffee,Filter Coffee,2,60,118.97
980,2026-04-06,Hyderabad,Flagship,Merchandise,Coffee Beans Pack,1,450,448.62
981,2026-04-06,Hyderabad,Flagship,Bakery,Muffin,2,70,139.77
982,2026-04-06,Hyderabad,Flagship,Coffee,Cappuccino,1,140,137.73
983,2026-04-06,Hyderabad,Flagship,Bakery,Brownie,2,110,222.25
984,2026-04-06,Hyderabad,Flagship,Bakery,Muffin,1,70,70.93
985,2026-04-06,Hyderabad,Flagship,Bakery,Croissant,1,90,90.03
986,2026-04-06,Hyderabad,Flagship,Coffee,Filter Coffee,1,60,58.65
987,2026-04-06,Hyderabad,Flagship,Coffee,Filter Coffee,1,60,60.61
988,2026-04-06,Hyderabad,Kiosk,Bakery,Brownie,1,110,109.79
989,2026-04-06,Hyderabad,Kiosk,Coffee,Cold Brew,3,180,544.76
990,2026-04-06,Hyderabad,Kiosk,Coffee,Espresso,1,120,117.77
991,2026-04-06,Hyderabad,Kiosk,Coffee,Cappuccino,1,140,141.27
992,2026-04-06,Hyderabad,Kiosk,Coffee,Espresso,2,120,234.23
993,2026-04-06,Hyderabad,Kiosk,Coffee,Cappuccino,1,140,136.92
994,2026-04-06,Hyderabad,Kiosk,Bakery,Muffin,2,70,137.92
995,2026-04-06,Hyderabad,Kiosk,Coffee,Cold Brew,2,180,362.36
996,2026-04-06,Hyderabad,Kiosk,Bakery,Muffin,1,70,68.78
997,2026-04-06,Hyderabad,Kiosk,Coffee,Filter Coffee,1,60,60.29
998,2026-04-06,Hyderabad,Kiosk,Coffee,Espresso,2,120,246.38
999,2026-04-06,Hyderabad,Drive-Thru,Coffee,Espresso,1,120,118.89
1000,2026-04-06,Hyderabad,Drive-Thru,Coffee,Cold Brew,1,180,179.45
1001,2026-04-06,Hyderabad,Drive-Thru,Bakery,Muffin,1,70,70.65
1002,2026-04-06,Hyderabad,Drive-Thru,Merchandise,Mug,1,350,343.68
1003,2026-04-06,Hyderabad,Drive-Thru,Coffee,Cold Brew,3,180,541.85
1004,2026-04-06,Hyderabad,Drive-Thru,Bakery,Brownie,1,110,110.22
1005,2026-04-06,Hyderabad,Drive-Thru,Bakery,Croissant,1,90,88.19
1006,2026-04-06,Hyderabad,Drive-Thru,Coffee,Filter Coffee,1,60,61.29
1007,2026-04-06,Hyderabad,Drive-Thru,Coffee,Espresso,1,120,120.62
1008,2026-04-07,Coimbatore,Flagship,Coffee,Filter Coffee,1,60,61.75
1009,2026-04-07,Coimbatore,Flagship,Bakery,Croissant,3,90,275.84
1010,2026-04-07,Coimbatore,Flagship,Bakery,Brownie,2,110,213.65
1011,2026-04-07,Coimbatore,Flagship,Coffee,Filter Coffee,1,60,58.53
1012,2026-04-07,Coimbatore,Flagship,Merchandise,Coffee Beans Pack,2,450,913.66
1013,2026-04-07,Coimbatore,Flagship,Coffee,Cold Brew,1,180,177.99
1014,2026-04-07,Coimbatore,Flagship,Coffee,Cappuccino,1,140,139.08
1015,2026-04-07,Coimbatore,Flagship,Merchandise,Mug,1,350,356.54
1016,2026-04-07,Coimbatore,Flagship,Merchandise,Tumbler,2,550,1083.2
1017,2026-04-07,Coimbatore,Flagship,Coffee,Espresso,2,120,235.07
1018,2026-04-07,Coimbatore,Flagship,Coffee,Espresso,2,120,236.76
1019,2026-04-07,Coimbatore,Kiosk,Bakery,Croissant,2,90,179.03
1020,2026-04-07,Coimbatore,Kiosk,Coffee,Espresso,1,120,116.83
1021,2026-04-07,Coimbatore,Kiosk,Coffee,Espresso,2,120,240.07
1022,2026-04-07,Coimbatore,Kiosk,Coffee,Cappuccino,1,140,136.61
1023,2026-04-07,Coimbatore,Kiosk,Bakery,Croissant,1,90,89.72
1024,2026-04-07,Coimbatore,Kiosk,Coffee,Espresso,1,120,118.02
1025,2026-04-07,Coimbatore,Kiosk,Bakery,Brownie,2,110,217.28
1026,2026-04-07,Coimbatore,Kiosk,Coffee,Cappuccino,1,140,143.21
1027,2026-04-07,Coimbatore,Drive-Thru,Coffee,Cold Brew,2,180,356.65
1028,2026-04-07,Coimbatore,Drive-Thru,Merchandise,Mug,2,350,693.32
1029,2026-04-07,Coimbatore,Drive-Thru,Coffee,Cappuccino,1,140,141.25
1030,2026-04-07,Coimbatore,Drive-Thru,Coffee,Filter Coffee,1,60,59.05
1031,2026-04-07,Coimbatore,Drive-Thru,Coffee,Espresso,1,120,122.3
1032,2026-04-07,Coimbatore,Drive-Thru,Bakery,Croissant,1,90,88.21
1033,2026-04-07,Coimbatore,Drive-Thru,Bakery,Croissant,1,90,90.8
1034,2026-04-07,Coimbatore,Drive-Thru,Bakery,Croissant,2,90,182.45
1035,2026-04-07,Coimbatore,Drive-Thru,Coffee,Filter Coffee,1,60,60.26
1036,2026-04-07,Coimbatore,Drive-Thru,Coffee,Filter Coffee,1,60,58.3
1037,2026-04-07,Coimbatore,Drive-Thru,Coffee,Espresso,3,120,355.21
1038,2026-04-07,Coimbatore,Drive-Thru,Coffee,Cold Brew,1,180,178.64
1039,2026-04-07,Chennai,Flagship,Bakery,Brownie,1,110,113.1
1040,2026-04-07,Chennai,Flagship,Coffee,Cold Brew,4,180,728.62
1041,2026-04-07,Chennai,Flagship,Bakery,Croissant,2,90,175.5
1042,2026-04-07,Chennai,Flagship,Coffee,Filter Coffee,1,60,58.98
1043,2026-04-07,Chennai,Flagship,Coffee,Cold Brew,3,180,546.78
1044,2026-04-07,Chennai,Flagship,Coffee,Cappuccino,2,140,276.06
1045,2026-04-07,Chennai,Flagship,Bakery,Brownie,2,110,214.24
1046,2026-04-07,Chennai,Flagship,Bakery,Croissant,1,90,91.84
1047,2026-04-07,Chennai,Flagship,Bakery,Brownie,2,110,223.01
1048,2026-04-07,Chennai,Flagship,Bakery,Croissant,2,90,175.5
1049,2026-04-07,Chennai,Flagship,Coffee,Cold Brew,2,180,362.62
1050,2026-04-07,Chennai,Flagship,Coffee,Cold Brew,1,180,179.28
1051,2026-04-07,Chennai,Flagship,Coffee,Espresso,2,120,240.89
1052,2026-04-07,Chennai,Flagship,Bakery,Croissant,1,90,92.27
1053,2026-04-07,Chennai,Flagship,Coffee,Cappuccino,1,140,137.5
1054,2026-04-07,Chennai,Kiosk,Bakery,Muffin,2,70,140.82
1055,2026-04-07,Chennai,Kiosk,Coffee,Filter Coffee,1,60,59.38
1056,2026-04-07,Chennai,Kiosk,Bakery,Croissant,3,90,266.41
1057,2026-04-07,Chennai,Kiosk,Merchandise,Tumbler,1,550,544.68
1058,2026-04-07,Chennai,Kiosk,Coffee,Espresso,1,120,121.44
1059,2026-04-07,Chennai,Kiosk,Coffee,Filter Coffee,1,60,61.49
1060,2026-04-07,Chennai,Kiosk,Merchandise,Coffee Beans Pack,1,450,450.81
1061,2026-04-07,Chennai,Kiosk,Coffee,Cold Brew,3,180,533.11
1062,2026-04-07,Chennai,Drive-Thru,Coffee,Espresso,2,120,239.11
1063,2026-04-07,Chennai,Drive-Thru,Coffee,Cold Brew,2,180,366.52
1064,2026-04-07,Chennai,Drive-Thru,Coffee,Cold Brew,2,180,363.83
1065,2026-04-07,Chennai,Drive-Thru,Bakery,Brownie,2,110,221.08
1066,2026-04-07,Chennai,Drive-Thru,Coffee,Espresso,1,120,117.22
1067,2026-04-07,Chennai,Drive-Thru,Bakery,Muffin,1,70,69.35
1068,2026-04-07,Chennai,Drive-Thru,Coffee,Cappuccino,1,140,139.79
1069,2026-04-07,Chennai,Drive-Thru,Coffee,Filter Coffee,1,60,59.09
1070,2026-04-07,Chennai,Drive-Thru,Coffee,Cappuccino,1,140,137.68
1071,2026-04-07,Chennai,Drive-Thru,Bakery,Muffin,1,70,70.28
1072,2026-04-07,Chennai,Drive-Thru,Coffee,Cold Brew,2,180,357.29
1073,2026-04-07,Chennai,Drive-Thru,Coffee,Espresso,2,120,238.44
1074,2026-04-07,Bengaluru,Flagship,Merchandise,Coffee Beans Pack,1,450,448.83
1075,2026-04-07,Bengaluru,Flagship,Merchandise,Coffee Beans Pack,1,450,439.32
1076,2026-04-07,Bengaluru,Flagship,Merchandise,Coffee Beans Pack,2,450,893.77
1077,2026-04-07,Bengaluru,Flagship,Bakery,Croissant,1,90,91.86
1078,2026-04-07,Bengaluru,Flagship,Bakery,Muffin,1,70,69.77
1079,2026-04-07,Bengaluru,Flagship,Coffee,Filter Coffee,2,60,117.13
1080,2026-04-07,Bengaluru,Flagship,Bakery,Brownie,1,110,111.89
1081,2026-04-07,Bengaluru,Flagship,Coffee,Espresso,1,120,121.2
1082,2026-04-07,Bengaluru,Flagship,Coffee,Espresso,2,120,233.32
1083,2026-04-07,Bengaluru,Flagship,Coffee,Filter Coffee,1,60,58.34
1084,2026-04-07,Bengaluru,Flagship,Bakery,Muffin,1,70,68.96
1085,2026-04-07,Bengaluru,Flagship,Bakery,Brownie,3,110,332.48
1086,2026-04-07,Bengaluru,Flagship,Coffee,Filter Coffee,1,60,59.65
1087,2026-04-07,Bengaluru,Flagship,Coffee,Filter Coffee,3,60,184.23
1088,2026-04-07,Bengaluru,Flagship,Coffee,Cold Brew,1,180,177.64
1089,2026-04-07,Bengaluru,Flagship,Coffee,Espresso,2,120,243.26
1090,2026-04-07,Bengaluru,Flagship,Bakery,Brownie,2,110,219.19
1091,2026-04-07,Bengaluru,Kiosk,Coffee,Espresso,2,120,237.19
1092,2026-04-07,Bengaluru,Kiosk,Bakery,Muffin,1,70,68.01
1093,2026-04-07,Bengaluru,Kiosk,Merchandise,Coffee Beans Pack,2,450,883.84
1094,2026-04-07,Bengaluru,Kiosk,Coffee,Espresso,1,120,123.32
1095,2026-04-07,Bengaluru,Kiosk,Coffee,Cappuccino,3,140,422.09
1096,2026-04-07,Bengaluru,Kiosk,Coffee,Filter Coffee,1,60,59.58
1097,2026-04-07,Bengaluru,Kiosk,Coffee,Espresso,1,120,116.66
1098,2026-04-07,Bengaluru,Drive-Thru,Coffee,Espresso,2,120,235.81
1099,2026-04-07,Bengaluru,Drive-Thru,Coffee,Filter Coffee,1,60,60.7
1100,2026-04-07,Bengaluru,Drive-Thru,Merchandise,Coffee Beans Pack,1,450,449.99
1101,2026-04-07,Bengaluru,Drive-Thru,Coffee,Cold Brew,2,180,368.92
1102,2026-04-07,Bengaluru,Drive-Thru,Bakery,Croissant,1,90,89.19
1103,2026-04-07,Bengaluru,Drive-Thru,Bakery,Brownie,1,110,112.18
1104,2026-04-07,Bengaluru,Drive-Thru,Bakery,Muffin,2,70,139.73
1105,2026-04-07,Bengaluru,Drive-Thru,Coffee,Cappuccino,2,140,276.07
1106,2026-04-07,Bengaluru,Drive-Thru,Coffee,Cappuccino,1,140,143.69
1107,2026-04-07,Bengaluru,Drive-Thru,Bakery,Brownie,1,110,107.78
1108,2026-04-07,Bengaluru,Drive-Thru,Merchandise,Mug,2,350,709.12
1109,2026-04-07,Bengaluru,Drive-Thru,Coffee,Cappuccino,1,140,140.96
1110,2026-04-07,Bengaluru,Drive-Thru,Coffee,Cold Brew,1,180,184.16
1111,2026-04-07,Bengaluru,Drive-Thru,Coffee,Cappuccino,2,140,282.31
1112,2026-04-07,Hyderabad,Flagship,Coffee,Espresso,3,120,355.95
1113,2026-04-07,Hyderabad,Flagship,Coffee,Cappuccino,2,140,283.74
1114,2026-04-07,Hyderabad,Flagship,Coffee,Cold Brew,3,180,536.05
1115,2026-04-07,Hyderabad,Flagship,Bakery,Croissant,1,90,90.17
1116,2026-04-07,Hyderabad,Flagship,Coffee,Cappuccino,1,140,141.94
1117,2026-04-07,Hyderabad,Flagship,Coffee,Cappuccino,1,140,142.87
1118,2026-04-07,Hyderabad,Flagship,Bakery,Muffin,1,70,70.61
1119,2026-04-07,Hyderabad,Flagship,Coffee,Cold Brew,5,180,875.82
1120,2026-04-07,Hyderabad,Flagship,Coffee,Cold Brew,1,180,184.68
1121,2026-04-07,Hyderabad,Flagship,Merchandise,Tumbler,3,550,1608.75
1122,2026-04-07,Hyderabad,Flagship,Bakery,Muffin,1,70,69.93
1123,2026-04-07,Hyderabad,Flagship,Bakery,Muffin,2,70,140.85
1124,2026-04-07,Hyderabad,Flagship,Bakery,Croissant,1,90,89.88
1125,2026-04-07,Hyderabad,Flagship,Coffee,Filter Coffee,2,60,122.01
1126,2026-04-07,Hyderabad,Flagship,Coffee,Filter Coffee,2,60,123.31
1127,2026-04-07,Hyderabad,Flagship,Coffee,Cold Brew,2,180,358.99
1128,2026-04-07,Hyderabad,Kiosk,Merchandise,Tumbler,2,550,1129.04
1129,2026-04-07,Hyderabad,Kiosk,Bakery,Croissant,2,90,182.19
1130,2026-04-07,Hyderabad,Kiosk,Coffee,Cappuccino,1,140,138.35
1131,2026-04-07,Hyderabad,Kiosk,Coffee,Cold Brew,2,180,370.16
1132,2026-04-07,Hyderabad,Kiosk,Coffee,Cold Brew,1,180,185.19
1133,2026-04-07,Hyderabad,Kiosk,Coffee,Cappuccino,1,140,138.13
1134,2026-04-07,Hyderabad,Drive-Thru,Bakery,Muffin,1,70,70.18
1135,2026-04-07,Hyderabad,Drive-Thru,Merchandise,Mug,1,350,341.58
1136,2026-04-07,Hyderabad,Drive-Thru,Coffee,Filter Coffee,2,60,118.2
1137,2026-04-07,Hyderabad,Drive-Thru,Merchandise,Coffee Beans Pack,2,450,892.6
1138,2026-04-07,Hyderabad,Drive-Thru,Bakery,Muffin,1,70,68.62
1139,2026-04-07,Hyderabad,Drive-Thru,Merchandise,Coffee Beans Pack,1,450,458.33
1140,2026-04-07,Hyderabad,Drive-Thru,Coffee,Cold Brew,4,180,705.59
1141,2026-04-07,Hyderabad,Drive-Thru,Merchandise,Coffee Beans Pack,1,450,438.5
1142,2026-04-07,Hyderabad,Drive-Thru,Bakery,Croissant,1,90,91.01
1143,2026-04-08,Coimbatore,Flagship,Bakery,Brownie,1,110,111.76
1144,2026-04-08,Coimbatore,Flagship,Coffee,Cappuccino,2,140,273.99
1145,2026-04-08,Coimbatore,Flagship,Merchandise,Tumbler,2,550,1089.8
1146,2026-04-08,Coimbatore,Flagship,Coffee,Cappuccino,2,140,287.89
1147,2026-04-08,Coimbatore,Flagship,Bakery,Muffin,2,70,136.77
1148,2026-04-08,Coimbatore,Flagship,Coffee,Espresso,2,120,237.67
1149,2026-04-08,Coimbatore,Flagship,Coffee,Filter Coffee,1,60,59.54
1150,2026-04-08,Coimbatore,Flagship,Coffee,Espresso,1,120,121.48
1151,2026-04-08,Coimbatore,Flagship,Bakery,Muffin,1,70,70.01
1152,2026-04-08,Coimbatore,Flagship,Coffee,Filter Coffee,3,60,178.49
1153,2026-04-08,Coimbatore,Flagship,Coffee,Espresso,2,120,235.27
1154,2026-04-08,Coimbatore,Flagship,Bakery,Muffin,1,70,70.81
1155,2026-04-08,Coimbatore,Flagship,Bakery,Brownie,1,110,108.35
1156,2026-04-08,Coimbatore,Flagship,Coffee,Cappuccino,3,140,409.69
1157,2026-04-08,Coimbatore,Kiosk,Coffee,Cappuccino,1,140,138.23
1158,2026-04-08,Coimbatore,Kiosk,Coffee,Filter Coffee,2,60,123.46
1159,2026-04-08,Coimbatore,Kiosk,Coffee,Cappuccino,2,140,281.54
1160,2026-04-08,Coimbatore,Kiosk,Bakery,Muffin,1,70,69.45
1161,2026-04-08,Coimbatore,Kiosk,Coffee,Filter Coffee,2,60,117.35
1162,2026-04-08,Coimbatore,Kiosk,Coffee,Filter Coffee,2,60,121.49
1163,2026-04-08,Coimbatore,Kiosk,Bakery,Muffin,2,70,141.02
1164,2026-04-08,Coimbatore,Drive-Thru,Coffee,Cold Brew,1,180,184.63
1165,2026-04-08,Coimbatore,Drive-Thru,Coffee,Filter Coffee,2,60,121.2
1166,2026-04-08,Coimbatore,Drive-Thru,Coffee,Filter Coffee,1,60,61.51
1167,2026-04-08,Coimbatore,Drive-Thru,Bakery,Muffin,1,70,70.62
1168,2026-04-08,Coimbatore,Drive-Thru,Coffee,Cold Brew,3,180,540.86
1169,2026-04-08,Coimbatore,Drive-Thru,Bakery,Croissant,1,90,90.52
1170,2026-04-08,Coimbatore,Drive-Thru,Bakery,Brownie,2,110,221.98
1171,2026-04-08,Coimbatore,Drive-Thru,Coffee,Cappuccino,1,140,144.11
1172,2026-04-08,Coimbatore,Drive-Thru,Coffee,Cold Brew,1,180,177.54
1173,2026-04-08,Coimbatore,Drive-Thru,Bakery,Muffin,1,70,70.93
1174,2026-04-08,Coimbatore,Drive-Thru,Bakery,Croissant,2,90,180.64
1175,2026-04-08,Coimbatore,Drive-Thru,Coffee,Filter Coffee,2,60,118.15
1176,2026-04-08,Coimbatore,Drive-Thru,Coffee,Filter Coffee,3,60,180.61
1177,2026-04-08,Coimbatore,Drive-Thru,Coffee,Cappuccino,2,140,275.87
1178,2026-04-08,Chennai,Flagship,Merchandise,Coffee Beans Pack,2,450,891.97
1179,2026-04-08,Chennai,Flagship,Bakery,Croissant,2,90,180.38
1180,2026-04-08,Chennai,Flagship,Coffee,Cold Brew,2,180,350.51
1181,2026-04-08,Chennai,Flagship,Bakery,Croissant,2,90,178.2
1182,2026-04-08,Chennai,Flagship,Coffee,Cappuccino,1,140,140.66
1183,2026-04-08,Chennai,Flagship,Coffee,Espresso,1,120,123.46
1184,2026-04-08,Chennai,Flagship,Bakery,Brownie,1,110,108.55
1185,2026-04-08,Chennai,Flagship,Coffee,Cold Brew,1,180,182.48
1186,2026-04-08,Chennai,Flagship,Merchandise,Tumbler,1,550,555.99
1187,2026-04-08,Chennai,Flagship,Coffee,Cold Brew,1,180,179.88
1188,2026-04-08,Chennai,Flagship,Coffee,Espresso,3,120,356.96
1189,2026-04-08,Chennai,Flagship,Bakery,Muffin,1,70,70.19
1190,2026-04-08,Chennai,Flagship,Bakery,Croissant,1,90,87.31
1191,2026-04-08,Chennai,Flagship,Coffee,Filter Coffee,1,60,58.45
1192,2026-04-08,Chennai,Flagship,Bakery,Muffin,1,70,70.26
1193,2026-04-08,Chennai,Kiosk,Merchandise,Mug,2,350,699.85
1194,2026-04-08,Chennai,Kiosk,Coffee,Filter Coffee,1,60,58.31
1195,2026-04-08,Chennai,Kiosk,Bakery,Brownie,1,110,106.84
1196,2026-04-08,Chennai,Kiosk,Coffee,Cold Brew,2,180,358.42
1197,2026-04-08,Chennai,Kiosk,Coffee,Cold Brew,1,180,182.4
1198,2026-04-08,Chennai,Kiosk,Coffee,Espresso,1,120,118.7
1199,2026-04-08,Chennai,Kiosk,Coffee,Cold Brew,2,180,369.59
1200,2026-04-08,Chennai,Kiosk,Coffee,Espresso,2,120,232.89
1201,2026-04-08,Chennai,Kiosk,Merchandise,Mug,1,350,351.83
1202,2026-04-08,Chennai,Drive-Thru,Bakery,Muffin,1,70,68.56
1203,2026-04-08,Chennai,Drive-Thru,Bakery,Croissant,2,90,176.35
1204,2026-04-08,Chennai,Drive-Thru,Merchandise,Mug,1,350,349.42
1205,2026-04-08,Chennai,Drive-Thru,Coffee,Espresso,1,120,118.54
1206,2026-04-08,Chennai,Drive-Thru,Coffee,Espresso,2,120,233.45
1207,2026-04-08,Chennai,Drive-Thru,Merchandise,Coffee Beans Pack,2,450,912.02
1208,2026-04-08,Chennai,Drive-Thru,Coffee,Cold Brew,3,180,534.54
1209,2026-04-08,Chennai,Drive-Thru,Coffee,Cappuccino,1,140,143.29
1210,2026-04-08,Chennai,Drive-Thru,Coffee,Cappuccino,1,140,142.45
1211,2026-04-08,Chennai,Drive-Thru,Coffee,Cold Brew,2,180,353.25
1212,2026-04-08,Chennai,Drive-Thru,Bakery,Croissant,1,90,88.39
1213,2026-04-08,Chennai,Drive-Thru,Bakery,Brownie,3,110,325.89
1214,2026-04-08,Chennai,Drive-Thru,Coffee,Filter Coffee,2,60,116.83
1215,2026-04-08,Chennai,Drive-Thru,Coffee,Cappuccino,1,140,143.56
1216,2026-04-08,Chennai,Drive-Thru,Coffee,Cappuccino,1,140,139.51
1217,2026-04-08,Bengaluru,Flagship,Coffee,Espresso,1,120,119.72
1218,2026-04-08,Bengaluru,Flagship,Bakery,Muffin,2,70,141.81
1219,2026-04-08,Bengaluru,Flagship,Coffee,Cold Brew,2,180,369.74
1220,2026-04-08,Bengaluru,Flagship,Coffee,Cold Brew,1,180,175.98
1221,2026-04-08,Bengaluru,Flagship,Coffee,Filter Coffee,2,60,118.38
1222,2026-04-08,Bengaluru,Flagship,Bakery,Muffin,1,70,67.98
1223,2026-04-08,Bengaluru,Flagship,Coffee,Cappuccino,3,140,415.05
1224,2026-04-08,Bengaluru,Flagship,Bakery,Croissant,1,90,88.91
1225,2026-04-08,Bengaluru,Flagship,Coffee,Filter Coffee,2,60,121.98
1226,2026-04-08,Bengaluru,Flagship,Coffee,Cappuccino,1,140,143.16
1227,2026-04-08,Bengaluru,Flagship,Coffee,Cappuccino,1,140,137.25
1228,2026-04-08,Bengaluru,Flagship,Coffee,Cappuccino,2,140,271.79
1229,2026-04-08,Bengaluru,Flagship,Coffee,Cappuccino,1,140,143.74
1230,2026-04-08,Bengaluru,Flagship,Merchandise,Mug,3,350,1021.69
1231,2026-04-08,Bengaluru,Flagship,Coffee,Cold Brew,3,180,541.1
1232,2026-04-08,Bengaluru,Flagship,Coffee,Cappuccino,1,140,137.68
1233,2026-04-08,Bengaluru,Flagship,Coffee,Cold Brew,4,180,738.26
1234,2026-04-08,Bengaluru,Flagship,Bakery,Muffin,2,70,142.66
1235,2026-04-08,Bengaluru,Kiosk,Coffee,Filter Coffee,2,60,119.57
1236,2026-04-08,Bengaluru,Kiosk,Bakery,Croissant,1,90,91.18
1237,2026-04-08,Bengaluru,Kiosk,Coffee,Filter Coffee,1,60,61.69
1238,2026-04-08,Bengaluru,Kiosk,Coffee,Cappuccino,1,140,138.17
1239,2026-04-08,Bengaluru,Kiosk,Bakery,Brownie,1,110,112.79
1240,2026-04-08,Bengaluru,Kiosk,Bakery,Brownie,1,110,106.71
1241,2026-04-08,Bengaluru,Kiosk,Coffee,Filter Coffee,1,60,58.33
1242,2026-04-08,Bengaluru,Kiosk,Coffee,Espresso,3,120,365.87
1243,2026-04-08,Bengaluru,Kiosk,Coffee,Cappuccino,1,140,139.43
1244,2026-04-08,Bengaluru,Kiosk,Coffee,Filter Coffee,1,60,61.64
1245,2026-04-08,Bengaluru,Kiosk,Coffee,Espresso,1,120,118.88
1246,2026-04-08,Bengaluru,Kiosk,Merchandise,Mug,1,350,357.09
1247,2026-04-08,Bengaluru,Drive-Thru,Bakery,Muffin,1,70,68.49
1248,2026-04-08,Bengaluru,Drive-Thru,Bakery,Croissant,1,90,87.86
1249,2026-04-08,Bengaluru,Drive-Thru,Coffee,Cold Brew,3,180,526.96
1250,2026-04-08,Bengaluru,Drive-Thru,Bakery,Muffin,1,70,70.96
1251,2026-04-08,Bengaluru,Drive-Thru,Merchandise,Tumbler,3,550,1637.56
1252,2026-04-08,Bengaluru,Drive-Thru,Bakery,Brownie,2,110,226.18
1253,2026-04-08,Bengaluru,Drive-Thru,Merchandise,Coffee Beans Pack,1,450,444.51
1254,2026-04-08,Bengaluru,Drive-Thru,Coffee,Filter Coffee,1,60,58.2
1255,2026-04-08,Bengaluru,Drive-Thru,Bakery,Muffin,1,70,69.54
1256,2026-04-08,Bengaluru,Drive-Thru,Bakery,Croissant,2,90,175.72
1257,2026-04-08,Hyderabad,Flagship,Coffee,Espresso,2,120,236.35
1258,2026-04-08,Hyderabad,Flagship,Bakery,Croissant,1,90,91.55
1259,2026-04-08,Hyderabad,Flagship,Merchandise,Mug,1,350,351.16
1260,2026-04-08,Hyderabad,Flagship,Coffee,Cappuccino,2,140,280.72
1261,2026-04-08,Hyderabad,Flagship,Coffee,Cold Brew,2,180,355.65
1262,2026-04-08,Hyderabad,Flagship,Coffee,Cold Brew,1,180,179.69
1263,2026-04-08,Hyderabad,Flagship,Coffee,Cold Brew,4,180,703.89
1264,2026-04-08,Hyderabad,Flagship,Bakery,Muffin,1,70,68.25
1265,2026-04-08,Hyderabad,Flagship,Coffee,Cappuccino,3,140,423.99
1266,2026-04-08,Hyderabad,Flagship,Coffee,Cold Brew,4,180,733.79
1267,2026-04-08,Hyderabad,Flagship,Coffee,Cold Brew,4,180,733.32
1268,2026-04-08,Hyderabad,Flagship,Coffee,Cold Brew,1,180,179.51
1269,2026-04-08,Hyderabad,Flagship,Coffee,Cold Brew,3,180,541.64
1270,2026-04-08,Hyderabad,Flagship,Coffee,Cappuccino,2,140,287.86
1271,2026-04-08,Hyderabad,Flagship,Coffee,Cappuccino,2,140,285.55
1272,2026-04-08,Hyderabad,Flagship,Merchandise,Mug,1,350,346.08
1273,2026-04-08,Hyderabad,Flagship,Coffee,Cold Brew,2,180,361.62
1274,2026-04-08,Hyderabad,Flagship,Merchandise,Coffee Beans Pack,2,450,897.18
1275,2026-04-08,Hyderabad,Flagship,Merchandise,Tumbler,1,550,539.94
1276,2026-04-08,Hyderabad,Kiosk,Bakery,Brownie,1,110,109.91
1277,2026-04-08,Hyderabad,Kiosk,Coffee,Cold Brew,1,180,184.84
1278,2026-04-08,Hyderabad,Kiosk,Merchandise,Tumbler,1,550,558.23
1279,2026-04-08,Hyderabad,Kiosk,Bakery,Croissant,1,90,90.27
1280,2026-04-08,Hyderabad,Kiosk,Bakery,Muffin,2,70,137.34
1281,2026-04-08,Hyderabad,Kiosk,Bakery,Croissant,2,90,174.79
1282,2026-04-08,Hyderabad,Drive-Thru,Bakery,Muffin,2,70,140.42
1283,2026-04-08,Hyderabad,Drive-Thru,Coffee,Cold Brew,1,180,181.84
1284,2026-04-08,Hyderabad,Drive-Thru,Coffee,Filter Coffee,1,60,59.98
1285,2026-04-08,Hyderabad,Drive-Thru,Coffee,Filter Coffee,1,60,61.0
1286,2026-04-08,Hyderabad,Drive-Thru,Bakery,Brownie,2,110,215.25
1287,2026-04-08,Hyderabad,Drive-Thru,Bakery,Brownie,2,110,225.07
1288,2026-04-08,Hyderabad,Drive-Thru,Coffee,Espresso,1,120,119.84
1289,2026-04-08,Hyderabad,Drive-Thru,Bakery,Muffin,1,70,68.98
1290,2026-04-08,Hyderabad,Drive-Thru,Coffee,Cold Brew,2,180,363.55
1291,2026-04-09,Coimbatore,Flagship,Coffee,Espresso,1,120,122.19
1292,2026-04-09,Coimbatore,Flagship,Bakery,Muffin,1,70,70.55
1293,2026-04-09,Coimbatore,Flagship,Coffee,Filter Coffee,2,60,117.32
1294,2026-04-09,Coimbatore,Flagship,Coffee,Espresso,2,120,238.92
1295,2026-04-09,Coimbatore,Flagship,Coffee,Filter Coffee,2,60,117.02
1296,2026-04-09,Coimbatore,Flagship,Bakery,Brownie,1,110,107.72
1297,2026-04-09,Coimbatore,Flagship,Coffee,Cold Brew,3,180,551.02
1298,2026-04-09,Coimbatore,Flagship,Coffee,Espresso,1,120,121.84
1299,2026-04-09,Coimbatore,Flagship,Merchandise,Mug,2,350,693.26
1300,2026-04-09,Coimbatore,Flagship,Merchandise,Mug,2,350,704.9
1301,2026-04-09,Coimbatore,Flagship,Coffee,Cold Brew,2,180,354.22
1302,2026-04-09,Coimbatore,Flagship,Coffee,Filter Coffee,2,60,120.82
1303,2026-04-09,Coimbatore,Flagship,Bakery,Brownie,3,110,335.02
1304,2026-04-09,Coimbatore,Flagship,Coffee,Cold Brew,2,180,352.38
1305,2026-04-09,Coimbatore,Flagship,Bakery,Brownie,1,110,111.8
1306,2026-04-09,Coimbatore,Flagship,Bakery,Brownie,2,110,221.4
1307,2026-04-09,Coimbatore,Kiosk,Coffee,Cold Brew,4,180,712.37
1308,2026-04-09,Coimbatore,Kiosk,Bakery,Brownie,1,110,112.25
1309,2026-04-09,Coimbatore,Kiosk,Coffee,Cold Brew,1,180,180.81
1310,2026-04-09,Coimbatore,Kiosk,Merchandise,Tumbler,1,550,565.44
1311,2026-04-09,Coimbatore,Kiosk,Bakery,Brownie,2,110,219.61
1312,2026-04-09,Coimbatore,Kiosk,Coffee,Espresso,3,120,356.26
1313,2026-04-09,Coimbatore,Kiosk,Coffee,Cold Brew,1,180,182.04
1314,2026-04-09,Coimbatore,Kiosk,Merchandise,Mug,2,350,710.84
1315,2026-04-09,Coimbatore,Kiosk,Coffee,Cappuccino,2,140,275.28
1316,2026-04-09,Coimbatore,Drive-Thru,Coffee,Cold Brew,3,180,553.32
1317,2026-04-09,Coimbatore,Drive-Thru,Bakery,Croissant,2,90,183.69
1318,2026-04-09,Coimbatore,Drive-Thru,Coffee,Filter Coffee,1,60,58.86
1319,2026-04-09,Coimbatore,Drive-Thru,Bakery,Brownie,1,110,113.23
1320,2026-04-09,Coimbatore,Drive-Thru,Coffee,Espresso,2,120,243.64
1321,2026-04-09,Coimbatore,Drive-Thru,Coffee,Filter Coffee,1,60,59.38
1322,2026-04-09,Coimbatore,Drive-Thru,Coffee,Espresso,2,120,240.89
1323,2026-04-09,Coimbatore,Drive-Thru,Coffee,Cold Brew,1,180,179.25
1324,2026-04-09,Coimbatore,Drive-Thru,Coffee,Cappuccino,3,140,420.2
1325,2026-04-09,Coimbatore,Drive-Thru,Merchandise,Tumbler,3,550,1612.43
1326,2026-04-09,Coimbatore,Drive-Thru,Coffee,Cappuccino,2,140,282.78
1327,2026-04-09,Coimbatore,Drive-Thru,Merchandise,Coffee Beans Pack,1,450,453.79
1328,2026-04-09,Chennai,Flagship,Coffee,Cappuccino,1,140,140.57
1329,2026-04-09,Chennai,Flagship,Coffee,Cold Brew,3,180,541.58
1330,2026-04-09,Chennai,Flagship,Merchandise,Tumbler,1,550,554.83
1331,2026-04-09,Chennai,Flagship,Coffee,Cappuccino,2,140,277.66
1332,2026-04-09,Chennai,Flagship,Coffee,Espresso,1,120,123.46
1333,2026-04-09,Chennai,Flagship,Coffee,Espresso,1,120,118.13
1334,2026-04-09,Chennai,Flagship,Coffee,Cold Brew,1,180,177.63
1335,2026-04-09,Chennai,Flagship,Coffee,Cold Brew,3,180,538.45
1336,2026-04-09,Chennai,Flagship,Coffee,Espresso,1,120,121.98
1337,2026-04-09,Chennai,Flagship,Coffee,Filter Coffee,1,60,58.97
1338,2026-04-09,Chennai,Flagship,Merchandise,Mug,1,350,341.42
1339,2026-04-09,Chennai,Flagship,Bakery,Muffin,1,70,70.41
1340,2026-04-09,Chennai,Flagship,Coffee,Cappuccino,1,140,144.0
1341,2026-04-09,Chennai,Flagship,Merchandise,Tumbler,2,550,1090.71
1342,2026-04-09,Chennai,Flagship,Merchandise,Coffee Beans Pack,1,450,441.83
1343,2026-04-09,Chennai,Flagship,Coffee,Cappuccino,2,140,279.02
1344,2026-04-09,Chennai,Flagship,Bakery,Croissant,1,90,89.28
1345,2026-04-09,Chennai,Flagship,Coffee,Espresso,1,120,122.23
1346,2026-04-09,Chennai,Flagship,Bakery,Croissant,2,90,177.57
1347,2026-04-09,Chennai,Flagship,Merchandise,Tumbler,1,550,561.66
1348,2026-04-09,Chennai,Kiosk,Bakery,Croissant,1,90,92.06
1349,2026-04-09,Chennai,Kiosk,Coffee,Espresso,2,120,233.37
1350,2026-04-09,Chennai,Kiosk,Coffee,Cappuccino,2,140,286.88
1351,2026-04-09,Chennai,Kiosk,Coffee,Cappuccino,1,140,139.71
1352,2026-04-09,Chennai,Kiosk,Bakery,Muffin,2,70,140.19
1353,2026-04-09,Chennai,Kiosk,Coffee,Cappuccino,1,140,139.57
1354,2026-04-09,Chennai,Kiosk,Merchandise,Coffee Beans Pack,3,450,1380.29
1355,2026-04-09,Chennai,Kiosk,Bakery,Brownie,2,110,215.69
1356,2026-04-09,Chennai,Drive-Thru,Bakery,Muffin,2,70,136.45
1357,2026-04-09,Chennai,Drive-Thru,Coffee,Filter Coffee,2,60,117.8
1358,2026-04-09,Chennai,Drive-Thru,Bakery,Croissant,3,90,268.19
1359,2026-04-09,Chennai,Drive-Thru,Coffee,Cold Brew,3,180,544.81
1360,2026-04-09,Chennai,Drive-Thru,Bakery,Croissant,1,90,88.53
1361,2026-04-09,Chennai,Drive-Thru,Bakery,Croissant,1,90,90.58
1362,2026-04-09,Chennai,Drive-Thru,Coffee,Cold Brew,3,180,533.34
1363,2026-04-09,Chennai,Drive-Thru,Coffee,Cappuccino,2,140,280.36
1364,2026-04-09,Chennai,Drive-Thru,Coffee,Filter Coffee,3,60,175.78
1365,2026-04-09,Chennai,Drive-Thru,Coffee,Filter Coffee,2,60,119.03
1366,2026-04-09,Chennai,Drive-Thru,Coffee,Espresso,2,120,240.24
1367,2026-04-09,Chennai,Drive-Thru,Bakery,Muffin,1,70,68.8
1368,2026-04-09,Chennai,Drive-Thru,Coffee,Espresso,1,120,122.95
1369,2026-04-09,Chennai,Drive-Thru,Merchandise,Tumbler,1,550,534.86
1370,2026-04-09,Chennai,Drive-Thru,Coffee,Espresso,1,120,122.32
1371,2026-04-09,Chennai,Drive-Thru,Merchandise,Tumbler,1,550,564.94
1372,2026-04-09,Bengaluru,Flagship,Coffee,Espresso,1,120,122.31
1373,2026-04-09,Bengaluru,Flagship,Coffee,Espresso,1,120,118.33
1374,2026-04-09,Bengaluru,Flagship,Bakery,Muffin,1,70,71.49
1375,2026-04-09,Bengaluru,Flagship,Bakery,Brownie,1,110,107.66
1376,2026-04-09,Bengaluru,Flagship,Coffee,Filter Coffee,1,60,61.07
1377,2026-04-09,Bengaluru,Flagship,Coffee,Cold Brew,1,180,180.55
1378,2026-04-09,Bengaluru,Flagship,Coffee,Cold Brew,3,180,529.02
1379,2026-04-09,Bengaluru,Flagship,Bakery,Brownie,2,110,226.45
1380,2026-04-09,Bengaluru,Flagship,Coffee,Cold Brew,2,180,369.97
1381,2026-04-09,Bengaluru,Flagship,Coffee,Cold Brew,3,180,525.95
1382,2026-04-09,Bengaluru,Flagship,Coffee,Cappuccino,2,140,283.84
1383,2026-04-09,Bengaluru,Flagship,Coffee,Cold Brew,3,180,529.94
1384,2026-04-09,Bengaluru,Flagship,Bakery,Croissant,1,90,88.62
1385,2026-04-09,Bengaluru,Flagship,Bakery,Croissant,1,90,89.15
1386,2026-04-09,Bengaluru,Flagship,Coffee,Espresso,2,120,233.92
1387,2026-04-09,Bengaluru,Flagship,Coffee,Cappuccino,2,140,284.9
1388,2026-04-09,Bengaluru,Flagship,Coffee,Filter Coffee,1,60,59.15
1389,2026-04-09,Bengaluru,Flagship,Coffee,Cappuccino,3,140,424.91
1390,2026-04-09,Bengaluru,Flagship,Bakery,Brownie,2,110,219.64
1391,2026-04-09,Bengaluru,Flagship,Bakery,Croissant,1,90,92.3
1392,2026-04-09,Bengaluru,Kiosk,Coffee,Filter Coffee,1,60,60.5
1393,2026-04-09,Bengaluru,Kiosk,Coffee,Cappuccino,1,140,142.59
1394,2026-04-09,Bengaluru,Kiosk,Bakery,Brownie,2,110,225.95
1395,2026-04-09,Bengaluru,Kiosk,Coffee,Filter Coffee,1,60,60.03
1396,2026-04-09,Bengaluru,Kiosk,Bakery,Croissant,2,90,177.64
1397,2026-04-09,Bengaluru,Kiosk,Bakery,Muffin,2,70,144.05
1398,2026-04-09,Bengaluru,Kiosk,Coffee,Cappuccino,1,140,143.76
1399,2026-04-09,Bengaluru,Kiosk,Merchandise,Tumbler,1,550,556.25
1400,2026-04-09,Bengaluru,Kiosk,Coffee,Espresso,3,120,360.65
1401,2026-04-09,Bengaluru,Kiosk,Coffee,Cappuccino,1,140,141.26
1402,2026-04-09,Bengaluru,Drive-Thru,Merchandise,Mug,2,350,684.89
1403,2026-04-09,Bengaluru,Drive-Thru,Bakery,Brownie,2,110,217.09
1404,2026-04-09,Bengaluru,Drive-Thru,Merchandise,Mug,1,350,359.82
1405,2026-04-09,Bengaluru,Drive-Thru,Coffee,Filter Coffee,1,60,60.99
1406,2026-04-09,Bengaluru,Drive-Thru,Bakery,Croissant,1,90,87.75
1407,2026-04-09,Bengaluru,Drive-Thru,Merchandise,Mug,1,350,358.74
1408,2026-04-09,Bengaluru,Drive-Thru,Bakery,Muffin,3,70,211.36
1409,2026-04-09,Bengaluru,Drive-Thru,Coffee,Cappuccino,1,140,139.3
1410,2026-04-09,Bengaluru,Drive-Thru,Bakery,Croissant,1,90,91.98
1411,2026-04-09,Bengaluru,Drive-Thru,Coffee,Espresso,3,120,364.07
1412,2026-04-09,Bengaluru,Drive-Thru,Bakery,Croissant,2,90,182.26
1413,2026-04-09,Bengaluru,Drive-Thru,Bakery,Muffin,1,70,69.06
1414,2026-04-09,Bengaluru,Drive-Thru,Bakery,Muffin,1,70,71.88
1415,2026-04-09,Bengaluru,Drive-Thru,Coffee,Cappuccino,2,140,280.88
1416,2026-04-09,Bengaluru,Drive-Thru,Bakery,Brownie,1,110,111.79
1417,2026-04-09,Bengaluru,Drive-Thru,Bakery,Brownie,2,110,225.02
1418,2026-04-09,Hyderabad,Flagship,Bakery,Croissant,1,90,92.16
1419,2026-04-09,Hyderabad,Flagship,Coffee,Espresso,1,120,120.85
1420,2026-04-09,Hyderabad,Flagship,Coffee,Filter Coffee,1,60,58.4
1421,2026-04-09,Hyderabad,Flagship,Coffee,Espresso,3,120,360.6
1422,2026-04-09,Hyderabad,Flagship,Merchandise,Mug,3,350,1031.15
1423,2026-04-09,Hyderabad,Flagship,Merchandise,Mug,2,350,719.06
1424,2026-04-09,Hyderabad,Flagship,Bakery,Brownie,2,110,217.18
1425,2026-04-09,Hyderabad,Flagship,Merchandise,Tumbler,2,550,1092.5
1426,2026-04-09,Hyderabad,Flagship,Merchandise,Coffee Beans Pack,1,450,459.98
1427,2026-04-09,Hyderabad,Flagship,Merchandise,Coffee Beans Pack,3,450,1323.27
1428,2026-04-09,Hyderabad,Flagship,Merchandise,Mug,1,350,358.44
1429,2026-04-09,Hyderabad,Flagship,Coffee,Cold Brew,4,180,728.83
1430,2026-04-09,Hyderabad,Flagship,Bakery,Brownie,1,110,112.24
1431,2026-04-09,Hyderabad,Flagship,Bakery,Muffin,2,70,137.18
1432,2026-04-09,Hyderabad,Flagship,Coffee,Cappuccino,2,140,282.69
1433,2026-04-09,Hyderabad,Flagship,Merchandise,Mug,1,350,359.77
1434,2026-04-09,Hyderabad,Flagship,Coffee,Cold Brew,2,180,352.11
1435,2026-04-09,Hyderabad,Kiosk,Coffee,Cold Brew,4,180,698.55
1436,2026-04-09,Hyderabad,Kiosk,Merchandise,Tumbler,2,550,1094.06
1437,2026-04-09,Hyderabad,Kiosk,Coffee,Cold Brew,1,180,180.41
1438,2026-04-09,Hyderabad,Kiosk,Coffee,Cold Brew,2,180,367.03
1439,2026-04-09,Hyderabad,Kiosk,Merchandise,Tumbler,3,550,1615.15
1440,2026-04-09,Hyderabad,Kiosk,Coffee,Filter Coffee,1,60,58.25
1441,2026-04-09,Hyderabad,Kiosk,Coffee,Espresso,2,120,238.63
1442,2026-04-09,Hyderabad,Drive-Thru,Coffee,Cappuccino,1,140,136.49
1443,2026-04-09,Hyderabad,Drive-Thru,Coffee,Filter Coffee,1,60,59.44
1444,2026-04-09,Hyderabad,Drive-Thru,Coffee,Cold Brew,3,180,552.6
1445,2026-04-09,Hyderabad,Drive-Thru,Coffee,Filter Coffee,3,60,177.4
1446,2026-04-09,Hyderabad,Drive-Thru,Merchandise,Coffee Beans Pack,1,450,443.02
1447,2026-04-09,Hyderabad,Drive-Thru,Coffee,Filter Coffee,1,60,59.36
1448,2026-04-09,Hyderabad,Drive-Thru,Coffee,Espresso,2,120,238.77
1449,2026-04-09,Hyderabad,Drive-Thru,Bakery,Brownie,1,110,112.9
1450,2026-04-09,Hyderabad,Drive-Thru,Bakery,Croissant,1,90,91.66
1451,2026-04-09,Hyderabad,Drive-Thru,Bakery,Muffin,1,70,70.0
1452,2026-04-09,Hyderabad,Drive-Thru,Bakery,Croissant,2,90,179.73
1453,2026-04-09,Hyderabad,Drive-Thru,Coffee,Espresso,1,120,118.88
1454,2026-04-09,Hyderabad,Drive-Thru,Coffee,Espresso,1,120,122.01
1455,2026-04-09,Hyderabad,Drive-Thru,Merchandise,Coffee Beans Pack,3,450,1361.21
1456,2026-04-09,Hyderabad,Drive-Thru,Coffee,Cold Brew,2,180,352.16
1457,2026-04-09,Hyderabad,Drive-Thru,Coffee,Filter Coffee,1,60,59.4
1458,2026-04-10,Coimbatore,Flagship,Coffee,Cold Brew,2,180,356.03
1459,2026-04-10,Coimbatore,Flagship,Coffee,Cappuccino,3,140,417.36
1460,2026-04-10,Coimbatore,Flagship,Coffee,Cappuccino,2,140,282.1
1461,2026-04-10,Coimbatore,Flagship,Coffee,Cappuccino,1,140,139.12
1462,2026-04-10,Coimbatore,Flagship,Coffee,Cappuccino,1,140,141.49
1463,2026-04-10,Coimbatore,Flagship,Coffee,Cappuccino,1,140,141.05
1464,2026-04-10,Coimbatore,Flagship,Coffee,Filter Coffee,2,60,117.16
1465,2026-04-10,Coimbatore,Flagship,Bakery,Brownie,1,110,113.19
1466,2026-04-10,Coimbatore,Flagship,Coffee,Espresso,2,120,245.24
1467,2026-04-10,Coimbatore,Flagship,Bakery,Brownie,1,110,107.97
1468,2026-04-10,Coimbatore,Flagship,Merchandise,Tumbler,2,550,1083.45
1469,2026-04-10,Coimbatore,Flagship,Coffee,Espresso,1,120,119.51
1470,2026-04-10,Coimbatore,Flagship,Coffee,Filter Coffee,1,60,61.66
1471,2026-04-10,Coimbatore,Flagship,Coffee,Espresso,3,120,370.53
1472,2026-04-10,Coimbatore,Flagship,Coffee,Espresso,1,120,120.3
1473,2026-04-10,Coimbatore,Flagship,Coffee,Cappuccino,2,140,275.04
1474,2026-04-10,Coimbatore,Flagship,Coffee,Filter Coffee,1,60,58.2
1475,2026-04-10,Coimbatore,Flagship,Coffee,Filter Coffee,1,60,61.1
1476,2026-04-10,Coimbatore,Flagship,Coffee,Cold Brew,5,180,891.16
1477,2026-04-10,Coimbatore,Kiosk,Coffee,Filter Coffee,1,60,59.84
1478,2026-04-10,Coimbatore,Kiosk,Coffee,Espresso,2,120,234.9
1479,2026-04-10,Coimbatore,Kiosk,Coffee,Cappuccino,1,140,135.8
1480,2026-04-10,Coimbatore,Kiosk,Coffee,Espresso,1,120,122.83
1481,2026-04-10,Coimbatore,Kiosk,Bakery,Croissant,1,90,91.8
1482,2026-04-10,Coimbatore,Kiosk,Bakery,Brownie,2,110,214.21
1483,2026-04-10,Coimbatore,Kiosk,Coffee,Cappuccino,1,140,137.82
1484,2026-04-10,Coimbatore,Kiosk,Bakery,Croissant,1,90,91.28
1485,2026-04-10,Coimbatore,Kiosk,Coffee,Cold Brew,1,180,175.41
1486,2026-04-10,Coimbatore,Drive-Thru,Coffee,Filter Coffee,1,60,61.66
1487,2026-04-10,Coimbatore,Drive-Thru,Coffee,Filter Coffee,2,60,120.94
1488,2026-04-10,Coimbatore,Drive-Thru,Coffee,Cappuccino,1,140,143.68
1489,2026-04-10,Coimbatore,Drive-Thru,Bakery,Brownie,2,110,223.12
1490,2026-04-10,Coimbatore,Drive-Thru,Coffee,Espresso,2,120,240.12
1491,2026-04-10,Coimbatore,Drive-Thru,Coffee,Cold Brew,3,180,542.06
1492,2026-04-10,Coimbatore,Drive-Thru,Coffee,Espresso,2,120,238.1
1493,2026-04-10,Coimbatore,Drive-Thru,Bakery,Brownie,1,110,110.2
1494,2026-04-10,Chennai,Flagship,Coffee,Espresso,1,120,117.78
1495,2026-04-10,Chennai,Flagship,Bakery,Muffin,2,70,139.98
1496,2026-04-10,Chennai,Flagship,Merchandise,Tumbler,1,550,548.51
1497,2026-04-10,Chennai,Flagship,Coffee,Cold Brew,3,180,550.27
1498,2026-04-10,Chennai,Flagship,Bakery,Brownie,3,110,327.8
1499,2026-04-10,Chennai,Flagship,Merchandise,Mug,3,350,1042.97
1500,2026-04-10,Chennai,Flagship,Merchandise,Tumbler,1,550,557.43
1501,2026-04-10,Chennai,Flagship,Bakery,Brownie,1,110,109.68
1502,2026-04-10,Chennai,Flagship,Merchandise,Tumbler,1,550,542.25
1503,2026-04-10,Chennai,Flagship,Bakery,Croissant,1,90,92.35
1504,2026-04-10,Chennai,Flagship,Bakery,Croissant,2,90,181.86
1505,2026-04-10,Chennai,Flagship,Coffee,Cappuccino,2,140,284.06
1506,2026-04-10,Chennai,Flagship,Coffee,Espresso,1,120,122.09
1507,2026-04-10,Chennai,Flagship,Bakery,Brownie,1,110,109.45
1508,2026-04-10,Chennai,Flagship,Bakery,Brownie,1,110,107.72
1509,2026-04-10,Chennai,Flagship,Bakery,Brownie,2,110,221.57
1510,2026-04-10,Chennai,Flagship,Coffee,Espresso,2,120,233.17
1511,2026-04-10,Chennai,Flagship,Bakery,Croissant,1,90,91.98
1512,2026-04-10,Chennai,Flagship,Coffee,Cappuccino,1,140,141.14
1513,2026-04-10,Chennai,Flagship,Bakery,Brownie,1,110,113.2
1514,2026-04-10,Chennai,Flagship,Coffee,Cold Brew,1,180,179.51
1515,2026-04-10,Chennai,Kiosk,Coffee,Cold Brew,2,180,354.96
1516,2026-04-10,Chennai,Kiosk,Coffee,Cold Brew,3,180,525.19
1517,2026-04-10,Chennai,Kiosk,Merchandise,Mug,1,350,341.06
1518,2026-04-10,Chennai,Kiosk,Coffee,Cappuccino,2,140,284.84
1519,2026-04-10,Chennai,Kiosk,Bakery,Brownie,1,110,109.77
1520,2026-04-10,Chennai,Kiosk,Coffee,Espresso,1,120,116.79
1521,2026-04-10,Chennai,Kiosk,Coffee,Filter Coffee,2,60,120.87
1522,2026-04-10,Chennai,Kiosk,Merchandise,Mug,2,350,699.95
1523,2026-04-10,Chennai,Kiosk,Merchandise,Tumbler,2,550,1067.85
1524,2026-04-10,Chennai,Drive-Thru,Bakery,Muffin,1,70,68.65
1525,2026-04-10,Chennai,Drive-Thru,Merchandise,Tumbler,2,550,1096.72
1526,2026-04-10,Chennai,Drive-Thru,Bakery,Brownie,1,110,109.27
1527,2026-04-10,Chennai,Drive-Thru,Coffee,Filter Coffee,2,60,120.22
1528,2026-04-10,Chennai,Drive-Thru,Coffee,Cappuccino,1,140,140.52
1529,2026-04-10,Chennai,Drive-Thru,Coffee,Espresso,1,120,120.22
1530,2026-04-10,Chennai,Drive-Thru,Bakery,Muffin,2,70,136.06
1531,2026-04-10,Chennai,Drive-Thru,Bakery,Brownie,2,110,224.68
1532,2026-04-10,Chennai,Drive-Thru,Bakery,Croissant,1,90,90.83
1533,2026-04-10,Chennai,Drive-Thru,Bakery,Brownie,1,110,107.26
1534,2026-04-10,Chennai,Drive-Thru,Coffee,Filter Coffee,1,60,60.05
1535,2026-04-10,Chennai,Drive-Thru,Bakery,Muffin,1,70,71.57
1536,2026-04-10,Chennai,Drive-Thru,Coffee,Cold Brew,3,180,536.27
1537,2026-04-10,Chennai,Drive-Thru,Bakery,Brownie,2,110,222.6
1538,2026-04-10,Chennai,Drive-Thru,Coffee,Cold Brew,2,180,354.57
1539,2026-04-10,Bengaluru,Flagship,Coffee,Espresso,1,120,118.3
1540,2026-04-10,Bengaluru,Flagship,Coffee,Cappuccino,1,140,137.65
1541,2026-04-10,Bengaluru,Flagship,Coffee,Filter Coffee,1,60,60.01
1542,2026-04-10,Bengaluru,Flagship,Coffee,Cappuccino,1,140,140.8
1543,2026-04-10,Bengaluru,Flagship,Bakery,Muffin,1,70,71.52
1544,2026-04-10,Bengaluru,Flagship,Merchandise,Coffee Beans Pack,1,450,452.31
1545,2026-04-10,Bengaluru,Flagship,Coffee,Espresso,1,120,118.77
1546,2026-04-10,Bengaluru,Flagship,Merchandise,Coffee Beans Pack,1,450,440.65
1547,2026-04-10,Bengaluru,Flagship,Merchandise,Mug,1,350,350.49
1548,2026-04-10,Bengaluru,Flagship,Merchandise,Tumbler,1,550,534.52
1549,2026-04-10,Bengaluru,Flagship,Bakery,Muffin,1,70,71.38
1550,2026-04-10,Bengaluru,Flagship,Coffee,Cold Brew,3,180,542.02
1551,2026-04-10,Bengaluru,Flagship,Coffee,Filter Coffee,2,60,121.41
1552,2026-04-10,Bengaluru,Flagship,Coffee,Cappuccino,1,140,139.26
1553,2026-04-10,Bengaluru,Flagship,Coffee,Filter Coffee,1,60,61.34
1554,2026-04-10,Bengaluru,Flagship,Bakery,Brownie,2,110,219.95
1555,2026-04-10,Bengaluru,Flagship,Coffee,Cappuccino,1,140,139.57
1556,2026-04-10,Bengaluru,Flagship,Coffee,Cold Brew,3,180,554.1
1557,2026-04-10,Bengaluru,Flagship,Coffee,Filter Coffee,1,60,58.67
1558,2026-04-10,Bengaluru,Flagship,Coffee,Filter Coffee,2,60,120.6
1559,2026-04-10,Bengaluru,Flagship,Merchandise,Mug,1,350,346.58
1560,2026-04-10,Bengaluru,Flagship,Bakery,Croissant,1,90,90.12
1561,2026-04-10,Bengaluru,Flagship,Bakery,Croissant,1,90,87.35
1562,2026-04-10,Bengaluru,Flagship,Bakery,Croissant,1,90,92.17
1563,2026-04-10,Bengaluru,Kiosk,Coffee,Cappuccino,3,140,413.18
1564,2026-04-10,Bengaluru,Kiosk,Coffee,Cappuccino,1,140,140.93
1565,2026-04-10,Bengaluru,Kiosk,Bakery,Croissant,1,90,89.2
1566,2026-04-10,Bengaluru,Kiosk,Bakery,Muffin,3,70,210.55
1567,2026-04-10,Bengaluru,Kiosk,Coffee,Cappuccino,2,140,287.92
1568,2026-04-10,Bengaluru,Kiosk,Coffee,Cold Brew,3,180,533.02
1569,2026-04-10,Bengaluru,Kiosk,Coffee,Filter Coffee,1,60,61.31
1570,2026-04-10,Bengaluru,Kiosk,Coffee,Filter Coffee,2,60,120.66
1571,2026-04-10,Bengaluru,Drive-Thru,Coffee,Cold Brew,3,180,539.96
1572,2026-04-10,Bengaluru,Drive-Thru,Coffee,Cappuccino,1,140,138.82
1573,2026-04-10,Bengaluru,Drive-Thru,Bakery,Brownie,1,110,112.36
1574,2026-04-10,Bengaluru,Drive-Thru,Merchandise,Mug,2,350,707.46
1575,2026-04-10,Bengaluru,Drive-Thru,Coffee,Filter Coffee,3,60,179.96
1576,2026-04-10,Bengaluru,Drive-Thru,Coffee,Cold Brew,1,180,177.08
1577,2026-04-10,Bengaluru,Drive-Thru,Coffee,Espresso,1,120,121.74
1578,2026-04-10,Bengaluru,Drive-Thru,Bakery,Brownie,1,110,109.59
1579,2026-04-10,Bengaluru,Drive-Thru,Merchandise,Coffee Beans Pack,1,450,453.05
1580,2026-04-10,Bengaluru,Drive-Thru,Merchandise,Tumbler,1,550,547.13
1581,2026-04-10,Bengaluru,Drive-Thru,Merchandise,Mug,2,350,706.85
1582,2026-04-10,Bengaluru,Drive-Thru,Coffee,Cappuccino,3,140,425.88
1583,2026-04-10,Bengaluru,Drive-Thru,Coffee,Espresso,1,120,119.68
1584,2026-04-10,Hyderabad,Flagship,Merchandise,Mug,2,350,716.75
1585,2026-04-10,Hyderabad,Flagship,Coffee,Filter Coffee,1,60,59.85
1586,2026-04-10,Hyderabad,Flagship,Coffee,Cappuccino,1,140,138.65
1587,2026-04-10,Hyderabad,Flagship,Coffee,Filter Coffee,1,60,58.62
1588,2026-04-10,Hyderabad,Flagship,Coffee,Filter Coffee,1,60,58.56
1589,2026-04-10,Hyderabad,Flagship,Coffee,Filter Coffee,3,60,177.83
1590,2026-04-10,Hyderabad,Flagship,Coffee,Espresso,1,120,119.77
1591,2026-04-10,Hyderabad,Flagship,Coffee,Cappuccino,1,140,141.93
1592,2026-04-10,Hyderabad,Flagship,Merchandise,Mug,2,350,717.44
1593,2026-04-10,Hyderabad,Flagship,Bakery,Croissant,2,90,184.13
1594,2026-04-10,Hyderabad,Flagship,Bakery,Brownie,3,110,321.53
1595,2026-04-10,Hyderabad,Flagship,Coffee,Cold Brew,2,180,352.84
1596,2026-04-10,Hyderabad,Flagship,Bakery,Croissant,2,90,176.38
1597,2026-04-10,Hyderabad,Flagship,Bakery,Brownie,1,110,109.21
1598,2026-04-10,Hyderabad,Flagship,Merchandise,Tumbler,2,550,1124.35
1599,2026-04-10,Hyderabad,Flagship,Bakery,Brownie,1,110,107.21
1600,2026-04-10,Hyderabad,Flagship,Merchandise,Tumbler,1,550,549.16
1601,2026-04-10,Hyderabad,Flagship,Bakery,Brownie,2,110,215.21
1602,2026-04-10,Hyderabad,Flagship,Merchandise,Mug,2,350,716.61
1603,2026-04-10,Hyderabad,Flagship,Merchandise,Coffee Beans Pack,2,450,889.78
1604,2026-04-10,Hyderabad,Kiosk,Merchandise,Mug,1,350,353.36
1605,2026-04-10,Hyderabad,Kiosk,Merchandise,Tumbler,3,550,1697.38
1606,2026-04-10,Hyderabad,Kiosk,Bakery,Brownie,1,110,107.92
1607,2026-04-10,Hyderabad,Kiosk,Coffee,Cold Brew,2,180,362.8
1608,2026-04-10,Hyderabad,Kiosk,Merchandise,Coffee Beans Pack,1,450,463.04
1609,2026-04-10,Hyderabad,Kiosk,Bakery,Muffin,1,70,70.59
1610,2026-04-10,Hyderabad,Kiosk,Merchandise,Coffee Beans Pack,1,450,437.17
1611,2026-04-10,Hyderabad,Kiosk,Coffee,Cold Brew,1,180,177.99
1612,2026-04-10,Hyderabad,Kiosk,Coffee,Espresso,2,120,239.0
1613,2026-04-10,Hyderabad,Drive-Thru,Bakery,Brownie,1,110,113.1
1614,2026-04-10,Hyderabad,Drive-Thru,Coffee,Cappuccino,2,140,278.68
1615,2026-04-10,Hyderabad,Drive-Thru,Coffee,Espresso,1,120,122.17
1616,2026-04-10,Hyderabad,Drive-Thru,Bakery,Muffin,2,70,139.5
1617,2026-04-10,Hyderabad,Drive-Thru,Coffee,Filter Coffee,3,60,177.9
1618,2026-04-10,Hyderabad,Drive-Thru,Coffee,Cappuccino,2,140,285.18
1619,2026-04-10,Hyderabad,Drive-Thru,Merchandise,Mug,2,350,708.15
1620,2026-04-10,Hyderabad,Drive-Thru,Coffee,Cappuccino,2,140,274.01
1621,2026-04-10,Hyderabad,Drive-Thru,Bakery,Muffin,2,70,139.13
1622,2026-04-10,Hyderabad,Drive-Thru,Coffee,Cold Brew,5,180,882.46
1623,2026-04-10,Hyderabad,Drive-Thru,Bakery,Croissant,1,90,88.38
1624,2026-04-10,Hyderabad,Drive-Thru,Bakery,Brownie,2,110,223.89
1625,2026-04-10,Hyderabad,Drive-Thru,Coffee,Espresso,1,120,116.76
1626,2026-04-10,Hyderabad,Drive-Thru,Bakery,Muffin,2,70,140.2
1627,2026-04-11,Coimbatore,Flagship,Coffee,Cold Brew,4,180,702.13
1628,2026-04-11,Coimbatore,Flagship,Bakery,Croissant,2,90,176.48
1629,2026-04-11,Coimbatore,Flagship,Coffee,Filter Coffee,3,60,177.81
1630,2026-04-11,Coimbatore,Flagship,Merchandise,Coffee Beans Pack,1,450,446.69
1631,2026-04-11,Coimbatore,Flagship,Merchandise,Coffee Beans Pack,1,450,452.52
1632,2026-04-11,Coimbatore,Flagship,Bakery,Brownie,1,110,112.27
1633,2026-04-11,Coimbatore,Flagship,Bakery,Muffin,1,70,71.53
1634,2026-04-11,Coimbatore,Flagship,Coffee,Filter Coffee,3,60,180.13
1635,2026-04-11,Coimbatore,Flagship,Bakery,Croissant,1,90,89.57
1636,2026-04-11,Coimbatore,Flagship,Coffee,Filter Coffee,1,60,61.21
1637,2026-04-11,Coimbatore,Flagship,Bakery,Muffin,2,70,143.88
1638,2026-04-11,Coimbatore,Flagship,Coffee,Filter Coffee,2,60,121.18
1639,2026-04-11,Coimbatore,Flagship,Coffee,Cold Brew,3,180,553.3
1640,2026-04-11,Coimbatore,Flagship,Coffee,Cappuccino,2,140,279.03
1641,2026-04-11,Coimbatore,Flagship,Coffee,Cappuccino,1,140,141.01
1642,2026-04-11,Coimbatore,Flagship,Coffee,Cold Brew,2,180,352.72
1643,2026-04-11,Coimbatore,Flagship,Merchandise,Tumbler,1,550,548.73
1644,2026-04-11,Coimbatore,Flagship,Bakery,Brownie,2,110,223.68
1645,2026-04-11,Coimbatore,Kiosk,Coffee,Cappuccino,1,140,137.76
1646,2026-04-11,Coimbatore,Kiosk,Merchandise,Tumbler,1,550,557.54
1647,2026-04-11,Coimbatore,Kiosk,Bakery,Croissant,3,90,262.11
1648,2026-04-11,Coimbatore,Kiosk,Bakery,Muffin,1,70,71.33
1649,2026-04-11,Coimbatore,Kiosk,Coffee,Filter Coffee,1,60,59.13
1650,2026-04-11,Coimbatore,Kiosk,Coffee,Espresso,1,120,121.9
1651,2026-04-11,Coimbatore,Kiosk,Bakery,Brownie,1,110,107.15
1652,2026-04-11,Coimbatore,Kiosk,Coffee,Filter Coffee,3,60,178.83
1653,2026-04-11,Coimbatore,Drive-Thru,Coffee,Cold Brew,2,180,363.76
1654,2026-04-11,Coimbatore,Drive-Thru,Coffee,Filter Coffee,3,60,174.65
1655,2026-04-11,Coimbatore,Drive-Thru,Merchandise,Tumbler,2,550,1076.76
1656,2026-04-11,Coimbatore,Drive-Thru,Coffee,Cappuccino,2,140,277.78
1657,2026-04-11,Coimbatore,Drive-Thru,Bakery,Brownie,1,110,107.22
1658,2026-04-11,Coimbatore,Drive-Thru,Bakery,Brownie,2,110,213.42
1659,2026-04-11,Coimbatore,Drive-Thru,Coffee,Cappuccino,1,140,141.98
1660,2026-04-11,Coimbatore,Drive-Thru,Coffee,Espresso,1,120,118.03
1661,2026-04-11,Coimbatore,Drive-Thru,Bakery,Brownie,1,110,111.53
1662,2026-04-11,Coimbatore,Drive-Thru,Bakery,Muffin,1,70,69.86
1663,2026-04-11,Coimbatore,Drive-Thru,Bakery,Muffin,1,70,70.49
1664,2026-04-11,Coimbatore,Drive-Thru,Coffee,Espresso,2,120,239.85
1665,2026-04-11,Coimbatore,Drive-Thru,Bakery,Brownie,2,110,214.85
1666,2026-04-11,Coimbatore,Drive-Thru,Merchandise,Mug,1,350,344.2
1667,2026-04-11,Coimbatore,Drive-Thru,Coffee,Espresso,3,120,351.97
1668,2026-04-11,Coimbatore,Drive-Thru,Merchandise,Coffee Beans Pack,2,450,883.38
1669,2026-04-11,Chennai,Flagship,Coffee,Cold Brew,1,180,181.79
1670,2026-04-11,Chennai,Flagship,Coffee,Cappuccino,1,140,142.03
1671,2026-04-11,Chennai,Flagship,Coffee,Cappuccino,1,140,141.11
1672,2026-04-11,Chennai,Flagship,Coffee,Filter Coffee,2,60,118.95
1673,2026-04-11,Chennai,Flagship,Bakery,Brownie,1,110,108.15
1674,2026-04-11,Chennai,Flagship,Bakery,Brownie,3,110,321.91
1675,2026-04-11,Chennai,Flagship,Merchandise,Coffee Beans Pack,2,450,889.74
1676,2026-04-11,Chennai,Flagship,Coffee,Cold Brew,2,180,363.75
1677,2026-04-11,Chennai,Flagship,Bakery,Muffin,1,70,70.33
1678,2026-04-11,Chennai,Flagship,Bakery,Croissant,2,90,184.6
1679,2026-04-11,Chennai,Flagship,Coffee,Cappuccino,1,140,140.52
1680,2026-04-11,Chennai,Flagship,Coffee,Cappuccino,1,140,142.29
1681,2026-04-11,Chennai,Flagship,Bakery,Brownie,1,110,108.66
1682,2026-04-11,Chennai,Flagship,Coffee,Cappuccino,1,140,141.43
1683,2026-04-11,Chennai,Flagship,Bakery,Muffin,1,70,69.19
1684,2026-04-11,Chennai,Flagship,Coffee,Cold Brew,1,180,181.2
1685,2026-04-11,Chennai,Flagship,Coffee,Espresso,1,120,118.33
1686,2026-04-11,Chennai,Flagship,Coffee,Cappuccino,1,140,138.97
1687,2026-04-11,Chennai,Flagship,Bakery,Muffin,2,70,136.69
1688,2026-04-11,Chennai,Flagship,Coffee,Filter Coffee,1,60,59.6
1689,2026-04-11,Chennai,Flagship,Coffee,Filter Coffee,1,60,60.04
1690,2026-04-11,Chennai,Flagship,Bakery,Brownie,2,110,220.88
1691,2026-04-11,Chennai,Flagship,Merchandise,Coffee Beans Pack,1,450,462.49
1692,2026-04-11,Chennai,Flagship,Coffee,Filter Coffee,1,60,59.67
1693,2026-04-11,Chennai,Flagship,Coffee,Filter Coffee,1,60,60.72
1694,2026-04-11,Chennai,Flagship,Coffee,Cold Brew,1,180,183.85
1695,2026-04-11,Chennai,Flagship,Coffee,Cappuccino,3,140,415.45
1696,2026-04-11,Chennai,Flagship,Merchandise,Mug,1,350,358.94
1697,2026-04-11,Chennai,Kiosk,Bakery,Muffin,1,70,71.47
1698,2026-04-11,Chennai,Kiosk,Merchandise,Tumbler,1,550,566.42
1699,2026-04-11,Chennai,Kiosk,Coffee,Filter Coffee,3,60,176.01
1700,2026-04-11,Chennai,Kiosk,Coffee,Cold Brew,3,180,529.41
1701,2026-04-11,Chennai,Kiosk,Coffee,Cappuccino,1,140,143.29
1702,2026-04-11,Chennai,Kiosk,Bakery,Brownie,1,110,109.52
1703,2026-04-11,Chennai,Kiosk,Coffee,Cappuccino,3,140,422.02
1704,2026-04-11,Chennai,Kiosk,Bakery,Croissant,1,90,88.97
1705,2026-04-11,Chennai,Kiosk,Coffee,Cappuccino,2,140,273.97
1706,2026-04-11,Chennai,Kiosk,Coffee,Cold Brew,4,180,720.05
1707,2026-04-11,Chennai,Kiosk,Coffee,Cold Brew,2,180,353.11
1708,2026-04-11,Chennai,Kiosk,Bakery,Muffin,1,70,68.44
1709,2026-04-11,Chennai,Kiosk,Coffee,Cold Brew,2,180,359.01
1710,2026-04-11,Chennai,Kiosk,Bakery,Muffin,1,70,68.68
1711,2026-04-11,Chennai,Drive-Thru,Coffee,Espresso,1,120,122.65
1712,2026-04-11,Chennai,Drive-Thru,Bakery,Muffin,2,70,141.51
1713,2026-04-11,Chennai,Drive-Thru,Coffee,Espresso,1,120,116.82
1714,2026-04-11,Chennai,Drive-Thru,Coffee,Filter Coffee,1,60,60.14
1715,2026-04-11,Chennai,Drive-Thru,Bakery,Brownie,2,110,220.16
1716,2026-04-11,Chennai,Drive-Thru,Coffee,Cappuccino,1,140,136.53
1717,2026-04-11,Chennai,Drive-Thru,Bakery,Brownie,1,110,109.72
1718,2026-04-11,Chennai,Drive-Thru,Bakery,Muffin,1,70,70.47
1719,2026-04-11,Chennai,Drive-Thru,Coffee,Filter Coffee,1,60,60.08
1720,2026-04-11,Chennai,Drive-Thru,Coffee,Cappuccino,2,140,281.05
1721,2026-04-11,Chennai,Drive-Thru,Coffee,Cappuccino,1,140,138.32
1722,2026-04-11,Chennai,Drive-Thru,Coffee,Cold Brew,1,180,175.84
1723,2026-04-11,Chennai,Drive-Thru,Coffee,Filter Coffee,3,60,181.07
1724,2026-04-11,Chennai,Drive-Thru,Coffee,Cold Brew,3,180,541.94
1725,2026-04-11,Chennai,Drive-Thru,Coffee,Cold Brew,3,180,526.23
1726,2026-04-11,Chennai,Drive-Thru,Coffee,Cold Brew,2,180,358.41
1727,2026-04-11,Chennai,Drive-Thru,Bakery,Brownie,2,110,226.36
1728,2026-04-11,Bengaluru,Flagship,Coffee,Cappuccino,2,140,271.64
1729,2026-04-11,Bengaluru,Flagship,Coffee,Espresso,1,120,116.71
1730,2026-04-11,Bengaluru,Flagship,Coffee,Cold Brew,3,180,531.05
1731,2026-04-11,Bengaluru,Flagship,Coffee,Cappuccino,2,140,284.75
1732,2026-04-11,Bengaluru,Flagship,Coffee,Espresso,1,120,123.24
1733,2026-04-11,Bengaluru,Flagship,Coffee,Espresso,1,120,121.25
1734,2026-04-11,Bengaluru,Flagship,Bakery,Croissant,2,90,184.25
1735,2026-04-11,Bengaluru,Flagship,Bakery,Muffin,1,70,69.23
1736,2026-04-11,Bengaluru,Flagship,Bakery,Croissant,2,90,183.12
1737,2026-04-11,Bengaluru,Flagship,Merchandise,Coffee Beans Pack,1,450,458.35
1738,2026-04-11,Bengaluru,Flagship,Bakery,Croissant,1,90,89.81
1739,2026-04-11,Bengaluru,Flagship,Coffee,Cold Brew,2,180,353.89
1740,2026-04-11,Bengaluru,Flagship,Bakery,Muffin,1,70,70.77
1741,2026-04-11,Bengaluru,Flagship,Bakery,Brownie,2,110,224.0
1742,2026-04-11,Bengaluru,Flagship,Merchandise,Tumbler,1,550,557.37
1743,2026-04-11,Bengaluru,Flagship,Bakery,Brownie,1,110,107.61
1744,2026-04-11,Bengaluru,Flagship,Coffee,Cappuccino,1,140,142.29
1745,2026-04-11,Bengaluru,Flagship,Coffee,Filter Coffee,1,60,58.21
1746,2026-04-11,Bengaluru,Flagship,Bakery,Muffin,1,70,69.12
1747,2026-04-11,Bengaluru,Flagship,Coffee,Cappuccino,1,140,142.28
1748,2026-04-11,Bengaluru,Flagship,Merchandise,Coffee Beans Pack,1,450,448.49
1749,2026-04-11,Bengaluru,Flagship,Bakery,Muffin,2,70,140.53
1750,2026-04-11,Bengaluru,Flagship,Coffee,Espresso,1,120,122.51
1751,2026-04-11,Bengaluru,Flagship,Bakery,Croissant,1,90,91.6
1752,2026-04-11,Bengaluru,Flagship,Coffee,Cold Brew,3,180,524.72
1753,2026-04-11,Bengaluru,Flagship,Coffee,Cold Brew,2,180,366.22
1754,2026-04-11,Bengaluru,Flagship,Bakery,Croissant,2,90,175.47
1755,2026-04-11,Bengaluru,Flagship,Merchandise,Tumbler,1,550,564.75
1756,2026-04-11,Bengaluru,Flagship,Coffee,Cappuccino,1,140,143.67
1757,2026-04-11,Bengaluru,Kiosk,Coffee,Espresso,3,120,369.13
1758,2026-04-11,Bengaluru,Kiosk,Coffee,Espresso,1,120,118.49
1759,2026-04-11,Bengaluru,Kiosk,Bakery,Brownie,1,110,112.79
1760,2026-04-11,Bengaluru,Kiosk,Bakery,Croissant,2,90,181.66
1761,2026-04-11,Bengaluru,Kiosk,Bakery,Muffin,2,70,136.9
1762,2026-04-11,Bengaluru,Kiosk,Coffee,Cold Brew,2,180,359.5
1763,2026-04-11,Bengaluru,Kiosk,Coffee,Espresso,1,120,117.07
1764,2026-04-11,Bengaluru,Kiosk,Coffee,Cappuccino,1,140,143.08
1765,2026-04-11,Bengaluru,Kiosk,Coffee,Cappuccino,1,140,138.54
1766,2026-04-11,Bengaluru,Kiosk,Coffee,Filter Coffee,1,60,58.96
1767,2026-04-11,Bengaluru,Kiosk,Bakery,Muffin,1,70,68.79
1768,2026-04-11,Bengaluru,Kiosk,Bakery,Brownie,1,110,113.18
1769,2026-04-11,Bengaluru,Kiosk,Merchandise,Mug,2,350,715.13
1770,2026-04-11,Bengaluru,Kiosk,Coffee,Espresso,1,120,119.68
1771,2026-04-11,Bengaluru,Kiosk,Coffee,Cold Brew,2,180,364.49
1772,2026-04-11,Bengaluru,Drive-Thru,Coffee,Filter Coffee,1,60,61.66
1773,2026-04-11,Bengaluru,Drive-Thru,Bakery,Brownie,1,110,106.75
1774,2026-04-11,Bengaluru,Drive-Thru,Bakery,Muffin,1,70,72.06
1775,2026-04-11,Bengaluru,Drive-Thru,Coffee,Espresso,1,120,119.56
1776,2026-04-11,Bengaluru,Drive-Thru,Coffee,Cold Brew,2,180,352.67
1777,2026-04-11,Bengaluru,Drive-Thru,Coffee,Espresso,2,120,239.67
1778,2026-04-11,Bengaluru,Drive-Thru,Coffee,Cold Brew,1,180,179.95
1779,2026-04-11,Bengaluru,Drive-Thru,Bakery,Brownie,2,110,220.28
1780,2026-04-11,Bengaluru,Drive-Thru,Bakery,Brownie,2,110,214.01
1781,2026-04-11,Bengaluru,Drive-Thru,Merchandise,Tumbler,2,550,1088.96
1782,2026-04-11,Bengaluru,Drive-Thru,Coffee,Filter Coffee,1,60,61.19
1783,2026-04-11,Bengaluru,Drive-Thru,Bakery,Brownie,3,110,333.12
1784,2026-04-11,Bengaluru,Drive-Thru,Merchandise,Mug,1,350,343.33
1785,2026-04-11,Bengaluru,Drive-Thru,Coffee,Cold Brew,1,180,174.74
1786,2026-04-11,Bengaluru,Drive-Thru,Coffee,Filter Coffee,1,60,60.89
1787,2026-04-11,Bengaluru,Drive-Thru,Merchandise,Tumbler,1,550,539.54
1788,2026-04-11,Bengaluru,Drive-Thru,Coffee,Cold Brew,4,180,719.35
1789,2026-04-11,Bengaluru,Drive-Thru,Coffee,Filter Coffee,2,60,119.53
1790,2026-04-11,Bengaluru,Drive-Thru,Coffee,Espresso,1,120,121.75
1791,2026-04-11,Hyderabad,Flagship,Coffee,Filter Coffee,1,60,59.47
1792,2026-04-11,Hyderabad,Flagship,Coffee,Cappuccino,3,140,425.72
1793,2026-04-11,Hyderabad,Flagship,Bakery,Croissant,1,90,90.72
1794,2026-04-11,Hyderabad,Flagship,Coffee,Filter Coffee,1,60,61.07
1795,2026-04-11,Hyderabad,Flagship,Bakery,Croissant,1,90,87.32
1796,2026-04-11,Hyderabad,Flagship,Coffee,Espresso,3,120,363.42
1797,2026-04-11,Hyderabad,Flagship,Coffee,Espresso,1,120,122.26
1798,2026-04-11,Hyderabad,Flagship,Coffee,Cappuccino,2,140,284.85
1799,2026-04-11,Hyderabad,Flagship,Bakery,Croissant,1,90,92.03
1800,2026-04-11,Hyderabad,Flagship,Coffee,Cold Brew,2,180,349.94
1801,2026-04-11,Hyderabad,Flagship,Coffee,Filter Coffee,1,60,61.54
1802,2026-04-11,Hyderabad,Flagship,Merchandise,Mug,2,350,720.9
1803,2026-04-11,Hyderabad,Flagship,Coffee,Filter Coffee,2,60,122.86
1804,2026-04-11,Hyderabad,Flagship,Bakery,Muffin,2,70,137.59
1805,2026-04-11,Hyderabad,Flagship,Bakery,Muffin,3,70,213.05
1806,2026-04-11,Hyderabad,Flagship,Coffee,Espresso,1,120,121.21
1807,2026-04-11,Hyderabad,Flagship,Bakery,Muffin,3,70,206.47
1808,2026-04-11,Hyderabad,Flagship,Bakery,Croissant,2,90,175.5
1809,2026-04-11,Hyderabad,Flagship,Coffee,Cappuccino,3,140,427.25
1810,2026-04-11,Hyderabad,Flagship,Coffee,Cappuccino,1,140,136.37
1811,2026-04-11,Hyderabad,Kiosk,Merchandise,Tumbler,2,550,1111.39
1812,2026-04-11,Hyderabad,Kiosk,Coffee,Espresso,1,120,120.33
1813,2026-04-11,Hyderabad,Kiosk,Coffee,Cappuccino,1,140,136.36
1814,2026-04-11,Hyderabad,Kiosk,Bakery,Croissant,1,90,91.38
1815,2026-04-11,Hyderabad,Kiosk,Bakery,Brownie,1,110,111.87
1816,2026-04-11,Hyderabad,Kiosk,Bakery,Croissant,1,90,92.32
1817,2026-04-11,Hyderabad,Kiosk,Bakery,Muffin,1,70,71.92
1818,2026-04-11,Hyderabad,Kiosk,Bakery,Croissant,2,90,182.75
1819,2026-04-11,Hyderabad,Kiosk,Merchandise,Coffee Beans Pack,1,450,448.93
1820,2026-04-11,Hyderabad,Kiosk,Bakery,Croissant,3,90,269.02
1821,2026-04-11,Hyderabad,Kiosk,Coffee,Espresso,3,120,355.3
1822,2026-04-11,Hyderabad,Kiosk,Coffee,Cold Brew,3,180,533.89
1823,2026-04-11,Hyderabad,Kiosk,Bakery,Brownie,1,110,109.55
1824,2026-04-11,Hyderabad,Drive-Thru,Coffee,Espresso,2,120,247.1
1825,2026-04-11,Hyderabad,Drive-Thru,Merchandise,Tumbler,3,550,1633.36
1826,2026-04-11,Hyderabad,Drive-Thru,Coffee,Espresso,1,120,120.64
1827,2026-04-11,Hyderabad,Drive-Thru,Coffee,Espresso,2,120,245.85
1828,2026-04-11,Hyderabad,Drive-Thru,Coffee,Filter Coffee,1,60,61.17
1829,2026-04-11,Hyderabad,Drive-Thru,Bakery,Muffin,1,70,68.82
1830,2026-04-11,Hyderabad,Drive-Thru,Coffee,Cold Brew,3,180,542.84
1831,2026-04-11,Hyderabad,Drive-Thru,Coffee,Cappuccino,1,140,140.89
1832,2026-04-11,Hyderabad,Drive-Thru,Merchandise,Coffee Beans Pack,1,450,444.92
1833,2026-04-11,Hyderabad,Drive-Thru,Bakery,Brownie,1,110,112.3
1834,2026-04-11,Hyderabad,Drive-Thru,Bakery,Muffin,1,70,71.41
1835,2026-04-11,Hyderabad,Drive-Thru,Bakery,Croissant,2,90,180.78
1836,2026-04-11,Hyderabad,Drive-Thru,Coffee,Cold Brew,2,180,369.59
1837,2026-04-11,Hyderabad,Drive-Thru,Merchandise,Mug,1,350,357.7
1838,2026-04-11,Hyderabad,Drive-Thru,Coffee,Espresso,2,120,239.91
1839,2026-04-11,Hyderabad,Drive-Thru,Coffee,Filter Coffee,2,60,121.74
1840,2026-04-12,Coimbatore,Flagship,Merchandise,Coffee Beans Pack,1,450,442.7
1841,2026-04-12,Coimbatore,Flagship,Bakery,Brownie,2,110,217.63
1842,2026-04-12,Coimbatore,Flagship,Bakery,Brownie,1,110,108.6
1843,2026-04-12,Coimbatore,Flagship,Bakery,Muffin,3,70,213.79
1844,2026-04-12,Coimbatore,Flagship,Coffee,Filter Coffee,1,60,60.01
1845,2026-04-12,Coimbatore,Flagship,Coffee,Espresso,1,120,121.2
1846,2026-04-12,Coimbatore,Flagship,Coffee,Cold Brew,3,180,528.44
1847,2026-04-12,Coimbatore,Flagship,Bakery,Muffin,2,70,139.02
1848,2026-04-12,Coimbatore,Flagship,Bakery,Croissant,1,90,89.9
1849,2026-04-12,Coimbatore,Flagship,Coffee,Filter Coffee,2,60,118.32
1850,2026-04-12,Coimbatore,Flagship,Coffee,Filter Coffee,1,60,60.13
1851,2026-04-12,Coimbatore,Flagship,Merchandise,Coffee Beans Pack,1,450,445.56
1852,2026-04-12,Coimbatore,Flagship,Coffee,Espresso,1,120,120.39
1853,2026-04-12,Coimbatore,Flagship,Coffee,Cappuccino,2,140,285.18
1854,2026-04-12,Coimbatore,Flagship,Bakery,Croissant,2,90,183.68
1855,2026-04-12,Coimbatore,Flagship,Coffee,Espresso,1,120,120.05
1856,2026-04-12,Coimbatore,Flagship,Coffee,Espresso,2,120,236.2
1857,2026-04-12,Coimbatore,Flagship,Bakery,Muffin,1,70,70.1
1858,2026-04-12,Coimbatore,Flagship,Coffee,Espresso,1,120,118.08
1859,2026-04-12,Coimbatore,Flagship,Bakery,Muffin,2,70,136.65
1860,2026-04-12,Coimbatore,Flagship,Coffee,Filter Coffee,2,60,123.16
1861,2026-04-12,Coimbatore,Flagship,Bakery,Muffin,2,70,137.67
1862,2026-04-12,Coimbatore,Flagship,Coffee,Filter Coffee,2,60,117.0
1863,2026-04-12,Coimbatore,Kiosk,Coffee,Filter Coffee,1,60,60.09
1864,2026-04-12,Coimbatore,Kiosk,Bakery,Muffin,1,70,67.97
1865,2026-04-12,Coimbatore,Kiosk,Bakery,Muffin,3,70,207.54
1866,2026-04-12,Coimbatore,Kiosk,Bakery,Muffin,1,70,68.28
1867,2026-04-12,Coimbatore,Kiosk,Bakery,Brownie,3,110,323.43
1868,2026-04-12,Coimbatore,Kiosk,Coffee,Filter Coffee,3,60,177.12
1869,2026-04-12,Coimbatore,Kiosk,Coffee,Filter Coffee,3,60,185.37
1870,2026-04-12,Coimbatore,Kiosk,Bakery,Muffin,1,70,70.13
1871,2026-04-12,Coimbatore,Drive-Thru,Coffee,Cold Brew,3,180,535.75
1872,2026-04-12,Coimbatore,Drive-Thru,Coffee,Filter Coffee,2,60,122.59
1873,2026-04-12,Coimbatore,Drive-Thru,Coffee,Cappuccino,1,140,143.95
1874,2026-04-12,Coimbatore,Drive-Thru,Coffee,Filter Coffee,2,60,116.83
1875,2026-04-12,Coimbatore,Drive-Thru,Bakery,Brownie,2,110,221.1
1876,2026-04-12,Coimbatore,Drive-Thru,Coffee,Filter Coffee,1,60,59.22
1877,2026-04-12,Coimbatore,Drive-Thru,Bakery,Brownie,2,110,216.95
1878,2026-04-12,Coimbatore,Drive-Thru,Bakery,Muffin,1,70,68.0
1879,2026-04-12,Coimbatore,Drive-Thru,Bakery,Muffin,2,70,139.15
1880,2026-04-12,Coimbatore,Drive-Thru,Coffee,Cold Brew,3,180,550.06
1881,2026-04-12,Coimbatore,Drive-Thru,Coffee,Cappuccino,1,140,142.29
1882,2026-04-12,Coimbatore,Drive-Thru,Coffee,Cold Brew,1,180,180.3
1883,2026-04-12,Coimbatore,Drive-Thru,Bakery,Croissant,1,90,88.1
1884,2026-04-12,Chennai,Flagship,Bakery,Brownie,1,110,108.61
1885,2026-04-12,Chennai,Flagship,Merchandise,Tumbler,2,550,1068.43
1886,2026-04-12,Chennai,Flagship,Coffee,Espresso,2,120,238.07
1887,2026-04-12,Chennai,Flagship,Coffee,Cold Brew,3,180,551.97
1888,2026-04-12,Chennai,Flagship,Coffee,Cappuccino,1,140,140.44
1889,2026-04-12,Chennai,Flagship,Coffee,Filter Coffee,2,60,117.4
1890,2026-04-12,Chennai,Flagship,Coffee,Cold Brew,4,180,736.02
1891,2026-04-12,Chennai,Flagship,Coffee,Filter Coffee,1,60,59.65
1892,2026-04-12,Chennai,Flagship,Coffee,Filter Coffee,2,60,118.19
1893,2026-04-12,Chennai,Flagship,Coffee,Filter Coffee,2,60,119.47
1894,2026-04-12,Chennai,Flagship,Bakery,Muffin,2,70,141.15
1895,2026-04-12,Chennai,Flagship,Coffee,Filter Coffee,2,60,122.84
1896,2026-04-12,Chennai,Flagship,Coffee,Cappuccino,1,140,137.47
1897,2026-04-12,Chennai,Flagship,Bakery,Brownie,1,110,112.45
1898,2026-04-12,Chennai,Flagship,Coffee,Filter Coffee,1,60,58.62
1899,2026-04-12,Chennai,Flagship,Merchandise,Coffee Beans Pack,1,450,458.33
1900,2026-04-12,Chennai,Flagship,Coffee,Filter Coffee,1,60,58.95
1901,2026-04-12,Chennai,Flagship,Bakery,Brownie,1,110,107.05
1902,2026-04-12,Chennai,Flagship,Bakery,Brownie,1,110,111.41
1903,2026-04-12,Chennai,Flagship,Coffee,Filter Coffee,1,60,58.4
1904,2026-04-12,Chennai,Flagship,Coffee,Cappuccino,3,140,429.65
1905,2026-04-12,Chennai,Flagship,Coffee,Cold Brew,4,180,706.95
1906,2026-04-12,Chennai,Flagship,Coffee,Cold Brew,1,180,178.23
1907,2026-04-12,Chennai,Flagship,Bakery,Muffin,2,70,136.64
1908,2026-04-12,Chennai,Flagship,Bakery,Croissant,1,90,87.48
1909,2026-04-12,Chennai,Flagship,Coffee,Filter Coffee,1,60,59.72
1910,2026-04-12,Chennai,Flagship,Coffee,Cappuccino,2,140,287.98
1911,2026-04-12,Chennai,Flagship,Bakery,Brownie,1,110,109.96
1912,2026-04-12,Chennai,Flagship,Coffee,Espresso,1,120,121.73
1913,2026-04-12,Chennai,Flagship,Bakery,Brownie,1,110,109.53
1914,2026-04-12,Chennai,Kiosk,Coffee,Cold Brew,2,180,353.87
1915,2026-04-12,Chennai,Kiosk,Coffee,Cold Brew,1,180,184.42
1916,2026-04-12,Chennai,Kiosk,Coffee,Espresso,1,120,117.81
1917,2026-04-12,Chennai,Kiosk,Bakery,Muffin,2,70,137.71
1918,2026-04-12,Chennai,Kiosk,Bakery,Croissant,2,90,181.83
1919,2026-04-12,Chennai,Kiosk,Coffee,Espresso,3,120,357.18
1920,2026-04-12,Chennai,Kiosk,Merchandise,Mug,1,350,352.0
1921,2026-04-12,Chennai,Kiosk,Bakery,Brownie,2,110,214.02
1922,2026-04-12,Chennai,Kiosk,Merchandise,Coffee Beans Pack,1,450,449.01
1923,2026-04-12,Chennai,Kiosk,Bakery,Brownie,1,110,112.73
1924,2026-04-12,Chennai,Drive-Thru,Merchandise,Tumbler,2,550,1077.39
1925,2026-04-12,Chennai,Drive-Thru,Coffee,Espresso,1,120,122.11
1926,2026-04-12,Chennai,Drive-Thru,Bakery,Croissant,2,90,181.48
1927,2026-04-12,Chennai,Drive-Thru,Merchandise,Mug,2,350,691.25
1928,2026-04-12,Chennai,Drive-Thru,Coffee,Cold Brew,3,180,552.18
1929,2026-04-12,Chennai,Drive-Thru,Coffee,Cappuccino,2,140,286.71
1930,2026-04-12,Chennai,Drive-Thru,Coffee,Espresso,1,120,118.53
1931,2026-04-12,Chennai,Drive-Thru,Coffee,Filter Coffee,1,60,61.55
1932,2026-04-12,Chennai,Drive-Thru,Coffee,Cold Brew,1,180,183.5
1933,2026-04-12,Chennai,Drive-Thru,Coffee,Cappuccino,1,140,138.07
1934,2026-04-12,Chennai,Drive-Thru,Coffee,Espresso,3,120,362.77
1935,2026-04-12,Chennai,Drive-Thru,Bakery,Croissant,1,90,91.4
1936,2026-04-12,Chennai,Drive-Thru,Coffee,Cappuccino,2,140,283.08
1937,2026-04-12,Chennai,Drive-Thru,Bakery,Brownie,1,110,110.94
1938,2026-04-12,Chennai,Drive-Thru,Coffee,Filter Coffee,1,60,60.2
1939,2026-04-12,Chennai,Drive-Thru,Coffee,Cappuccino,1,140,138.84
1940,2026-04-12,Chennai,Drive-Thru,Bakery,Brownie,1,110,107.48
1941,2026-04-12,Chennai,Drive-Thru,Bakery,Croissant,1,90,91.55
1942,2026-04-12,Bengaluru,Flagship,Coffee,Cappuccino,1,140,139.9
1943,2026-04-12,Bengaluru,Flagship,Coffee,Cold Brew,3,180,525.12
1944,2026-04-12,Bengaluru,Flagship,Merchandise,Mug,2,350,712.65
1945,2026-04-12,Bengaluru,Flagship,Bakery,Croissant,1,90,88.73
1946,2026-04-12,Bengaluru,Flagship,Bakery,Muffin,3,70,212.81
1947,2026-04-12,Bengaluru,Flagship,Coffee,Cold Brew,2,180,358.31
1948,2026-04-12,Bengaluru,Flagship,Coffee,Espresso,1,120,122.61
1949,2026-04-12,Bengaluru,Flagship,Bakery,Croissant,2,90,182.71
1950,2026-04-12,Bengaluru,Flagship,Bakery,Croissant,1,90,88.45
1951,2026-04-12,Bengaluru,Flagship,Merchandise,Mug,2,350,700.47
1952,2026-04-12,Bengaluru,Flagship,Coffee,Cold Brew,2,180,357.49
1953,2026-04-12,Bengaluru,Flagship,Coffee,Espresso,1,120,119.8
1954,2026-04-12,Bengaluru,Flagship,Coffee,Cappuccino,2,140,286.56
1955,2026-04-12,Bengaluru,Flagship,Bakery,Muffin,1,70,70.83
1956,2026-04-12,Bengaluru,Flagship,Coffee,Espresso,1,120,123.23
1957,2026-04-12,Bengaluru,Flagship,Merchandise,Tumbler,1,550,554.01
1958,2026-04-12,Bengaluru,Flagship,Coffee,Cappuccino,1,140,137.58
1959,2026-04-12,Bengaluru,Flagship,Coffee,Filter Coffee,3,60,174.78
1960,2026-04-12,Bengaluru,Flagship,Coffee,Cappuccino,2,140,272.49
1961,2026-04-12,Bengaluru,Flagship,Coffee,Cold Brew,3,180,548.68
1962,2026-04-12,Bengaluru,Flagship,Coffee,Cappuccino,2,140,286.17
1963,2026-04-12,Bengaluru,Flagship,Coffee,Cappuccino,2,140,281.13
1964,2026-04-12,Bengaluru,Kiosk,Bakery,Brownie,1,110,107.21
1965,2026-04-12,Bengaluru,Kiosk,Coffee,Cold Brew,2,180,356.14
1966,2026-04-12,Bengaluru,Kiosk,Coffee,Cappuccino,2,140,278.08
1967,2026-04-12,Bengaluru,Kiosk,Bakery,Croissant,1,90,89.37
1968,2026-04-12,Bengaluru,Kiosk,Bakery,Muffin,2,70,143.35
1969,2026-04-12,Bengaluru,Kiosk,Merchandise,Tumbler,1,550,549.05
1970,2026-04-12,Bengaluru,Kiosk,Bakery,Croissant,1,90,89.11
1971,2026-04-12,Bengaluru,Kiosk,Bakery,Muffin,3,70,205.38
1972,2026-04-12,Bengaluru,Kiosk,Coffee,Espresso,2,120,239.85
1973,2026-04-12,Bengaluru,Kiosk,Bakery,Muffin,2,70,139.95
1974,2026-04-12,Bengaluru,Kiosk,Merchandise,Coffee Beans Pack,1,450,439.21
1975,2026-04-12,Bengaluru,Kiosk,Coffee,Cappuccino,2,140,281.72
1976,2026-04-12,Bengaluru,Drive-Thru,Bakery,Muffin,1,70,70.57
1977,2026-04-12,Bengaluru,Drive-Thru,Merchandise,Tumbler,1,550,562.94
1978,2026-04-12,Bengaluru,Drive-Thru,Coffee,Espresso,1,120,118.81
1979,2026-04-12,Bengaluru,Drive-Thru,Coffee,Filter Coffee,2,60,117.2
1980,2026-04-12,Bengaluru,Drive-Thru,Coffee,Cappuccino,1,140,143.25
1981,2026-04-12,Bengaluru,Drive-Thru,Bakery,Muffin,1,70,71.48
1982,2026-04-12,Bengaluru,Drive-Thru,Coffee,Cold Brew,4,180,702.87
1983,2026-04-12,Bengaluru,Drive-Thru,Bakery,Brownie,1,110,106.76
1984,2026-04-12,Bengaluru,Drive-Thru,Merchandise,Mug,1,350,353.99
1985,2026-04-12,Bengaluru,Drive-Thru,Bakery,Muffin,1,70,69.86
1986,2026-04-12,Bengaluru,Drive-Thru,Merchandise,Mug,1,350,358.12
1987,2026-04-12,Bengaluru,Drive-Thru,Bakery,Brownie,2,110,220.57
1988,2026-04-12,Bengaluru,Drive-Thru,Bakery,Croissant,2,90,177.04
1989,2026-04-12,Bengaluru,Drive-Thru,Coffee,Espresso,2,120,244.93
1990,2026-04-12,Bengaluru,Drive-Thru,Coffee,Cold Brew,2,180,362.67
1991,2026-04-12,Hyderabad,Flagship,Coffee,Espresso,3,120,358.2
1992,2026-04-12,Hyderabad,Flagship,Coffee,Filter Coffee,2,60,121.4
1993,2026-04-12,Hyderabad,Flagship,Coffee,Filter Coffee,1,60,61.12
1994,2026-04-12,Hyderabad,Flagship,Merchandise,Mug,1,350,355.93
1995,2026-04-12,Hyderabad,Flagship,Coffee,Filter Coffee,1,60,58.52
1996,2026-04-12,Hyderabad,Flagship,Coffee,Filter Coffee,1,60,59.99
1997,2026-04-12,Hyderabad,Flagship,Bakery,Brownie,2,110,215.73
1998,2026-04-12,Hyderabad,Flagship,Coffee,Cold Brew,1,180,175.81
1999,2026-04-12,Hyderabad,Flagship,Coffee,Filter Coffee,2,60,117.38
2000,2026-04-12,Hyderabad,Flagship,Coffee,Espresso,1,120,117.05
2001,2026-04-12,Hyderabad,Flagship,Merchandise,Tumbler,2,550,1084.91
2002,2026-04-12,Hyderabad,Flagship,Bakery,Muffin,1,70,68.64
2003,2026-04-12,Hyderabad,Flagship,Coffee,Cold Brew,3,180,530.38
2004,2026-04-12,Hyderabad,Flagship,Coffee,Cappuccino,1,140,143.4
2005,2026-04-12,Hyderabad,Flagship,Coffee,Cold Brew,2,180,359.09
2006,2026-04-12,Hyderabad,Flagship,Coffee,Filter Coffee,2,60,122.05
2007,2026-04-12,Hyderabad,Flagship,Coffee,Cold Brew,2,180,364.26
2008,2026-04-12,Hyderabad,Flagship,Bakery,Croissant,1,90,89.01
2009,2026-04-12,Hyderabad,Flagship,Merchandise,Coffee Beans Pack,1,450,447.49
2010,2026-04-12,Hyderabad,Flagship,Coffee,Espresso,1,120,121.86
2011,2026-04-12,Hyderabad,Flagship,Coffee,Filter Coffee,3,60,179.47
2012,2026-04-12,Hyderabad,Flagship,Coffee,Filter Coffee,1,60,58.39
2013,2026-04-12,Hyderabad,Flagship,Coffee,Filter Coffee,1,60,59.15
2014,2026-04-12,Hyderabad,Flagship,Coffee,Cold Brew,2,180,352.72
2015,2026-04-12,Hyderabad,Flagship,Coffee,Cappuccino,2,140,285.18
2016,2026-04-12,Hyderabad,Kiosk,Coffee,Filter Coffee,2,60,120.36
2017,2026-04-12,Hyderabad,Kiosk,Bakery,Muffin,1,70,71.62
2018,2026-04-12,Hyderabad,Kiosk,Coffee,Cappuccino,3,140,407.62
2019,2026-04-12,Hyderabad,Kiosk,Coffee,Espresso,1,120,117.7
2020,2026-04-12,Hyderabad,Kiosk,Coffee,Cold Brew,4,180,740.47
2021,2026-04-12,Hyderabad,Kiosk,Coffee,Espresso,1,120,120.45
2022,2026-04-12,Hyderabad,Kiosk,Coffee,Filter Coffee,1,60,58.2
2023,2026-04-12,Hyderabad,Kiosk,Coffee,Filter Coffee,1,60,58.24
2024,2026-04-12,Hyderabad,Kiosk,Coffee,Filter Coffee,1,60,60.57
2025,2026-04-12,Hyderabad,Kiosk,Coffee,Filter Coffee,1,60,60.39
2026,2026-04-12,Hyderabad,Kiosk,Coffee,Cold Brew,3,180,554.89
2027,2026-04-12,Hyderabad,Kiosk,Bakery,Muffin,1,70,70.37
2028,2026-04-12,Hyderabad,Drive-Thru,Coffee,Cappuccino,1,140,137.02
2029,2026-04-12,Hyderabad,Drive-Thru,Coffee,Filter Coffee,1,60,59.62
2030,2026-04-12,Hyderabad,Drive-Thru,Coffee,Espresso,2,120,235.76
2031,2026-04-12,Hyderabad,Drive-Thru,Coffee,Cappuccino,2,140,273.83
2032,2026-04-12,Hyderabad,Drive-Thru,Coffee,Espresso,1,120,116.82
2033,2026-04-12,Hyderabad,Drive-Thru,Bakery,Brownie,1,110,109.2
2034,2026-04-12,Hyderabad,Drive-Thru,Bakery,Muffin,3,70,215.68
2035,2026-04-12,Hyderabad,Drive-Thru,Bakery,Brownie,3,110,324.13
2036,2026-04-12,Hyderabad,Drive-Thru,Bakery,Muffin,1,70,68.82
2037,2026-04-12,Hyderabad,Drive-Thru,Coffee,Cold Brew,3,180,526.18
2038,2026-04-12,Hyderabad,Drive-Thru,Coffee,Espresso,2,120,238.95
2039,2026-04-12,Hyderabad,Drive-Thru,Coffee,Cappuccino,1,140,143.67
2040,2026-04-12,Hyderabad,Drive-Thru,Coffee,Cappuccino,1,140,139.87
2041,2026-04-13,Coimbatore,Flagship,Coffee,Espresso,1,120,120.71
2042,2026-04-13,Coimbatore,Flagship,Bakery,Muffin,2,70,135.91
2043,2026-04-13,Coimbatore,Flagship,Coffee,Cappuccino,1,140,135.89
2044,2026-04-13,Coimbatore,Flagship,Coffee,Cappuccino,1,140,135.91
2045,2026-04-13,Coimbatore,Flagship,Merchandise,Coffee Beans Pack,1,450,452.84
2046,2026-04-13,Coimbatore,Flagship,Coffee,Filter Coffee,1,60,61.14
2047,2026-04-13,Coimbatore,Flagship,Bakery,Muffin,2,70,143.07
2048,2026-04-13,Coimbatore,Flagship,Merchandise,Tumbler,2,550,1086.73
2049,2026-04-13,Coimbatore,Flagship,Coffee,Cold Brew,2,180,369.13
2050,2026-04-13,Coimbatore,Flagship,Bakery,Brownie,1,110,110.3
2051,2026-04-13,Coimbatore,Flagship,Coffee,Espresso,3,120,353.26
2052,2026-04-13,Coimbatore,Flagship,Merchandise,Tumbler,2,550,1103.5
2053,2026-04-13,Coimbatore,Kiosk,Coffee,Cappuccino,2,140,281.89
2054,2026-04-13,Coimbatore,Kiosk,Coffee,Espresso,2,120,246.86
2055,2026-04-13,Coimbatore,Kiosk,Coffee,Espresso,1,120,118.14
2056,2026-04-13,Coimbatore,Kiosk,Bakery,Croissant,1,90,88.08
2057,2026-04-13,Coimbatore,Kiosk,Coffee,Cold Brew,3,180,531.35
2058,2026-04-13,Coimbatore,Kiosk,Merchandise,Coffee Beans Pack,1,450,439.22
2059,2026-04-13,Coimbatore,Kiosk,Coffee,Espresso,1,120,116.5
2060,2026-04-13,Coimbatore,Kiosk,Coffee,Cold Brew,3,180,527.75
2061,2026-04-13,Coimbatore,Kiosk,Merchandise,Mug,1,350,346.97
2062,2026-04-13,Coimbatore,Drive-Thru,Bakery,Brownie,3,110,329.1
2063,2026-04-13,Coimbatore,Drive-Thru,Coffee,Cappuccino,1,140,142.79
2064,2026-04-13,Coimbatore,Drive-Thru,Coffee,Cappuccino,1,140,142.25
2065,2026-04-13,Coimbatore,Drive-Thru,Coffee,Espresso,1,120,117.71
2066,2026-04-13,Coimbatore,Drive-Thru,Bakery,Croissant,1,90,90.67
2067,2026-04-13,Coimbatore,Drive-Thru,Bakery,Brownie,1,110,112.91
2068,2026-04-13,Coimbatore,Drive-Thru,Bakery,Brownie,1,110,109.6
2069,2026-04-13,Coimbatore,Drive-Thru,Coffee,Filter Coffee,3,60,179.59
2070,2026-04-13,Coimbatore,Drive-Thru,Coffee,Cappuccino,1,140,143.47
2071,2026-04-13,Coimbatore,Drive-Thru,Coffee,Cold Brew,1,180,176.27
2072,2026-04-13,Coimbatore,Drive-Thru,Coffee,Cappuccino,2,140,287.74
2073,2026-04-13,Coimbatore,Drive-Thru,Bakery,Brownie,2,110,221.96
2074,2026-04-13,Chennai,Flagship,Coffee,Cappuccino,1,140,139.06
2075,2026-04-13,Chennai,Flagship,Bakery,Brownie,1,110,113.24
2076,2026-04-13,Chennai,Flagship,Merchandise,Tumbler,2,550,1113.15
2077,2026-04-13,Chennai,Flagship,Coffee,Filter Coffee,1,60,60.17
2078,2026-04-13,Chennai,Flagship,Coffee,Cappuccino,2,140,288.27
2079,2026-04-13,Chennai,Flagship,Bakery,Croissant,1,90,92.22
2080,2026-04-13,Chennai,Flagship,Coffee,Espresso,1,120,118.62
2081,2026-04-13,Chennai,Flagship,Bakery,Croissant,2,90,180.5
2082,2026-04-13,Chennai,Flagship,Bakery,Muffin,1,70,70.23
2083,2026-04-13,Chennai,Flagship,Coffee,Cold Brew,2,180,366.0
2084,2026-04-13,Chennai,Flagship,Coffee,Cappuccino,2,140,285.07
2085,2026-04-13,Chennai,Flagship,Bakery,Brownie,1,110,107.68
2086,2026-04-13,Chennai,Flagship,Coffee,Filter Coffee,1,60,59.52
2087,2026-04-13,Chennai,Flagship,Merchandise,Mug,1,350,340.8
2088,2026-04-13,Chennai,Flagship,Bakery,Muffin,1,70,69.05
2089,2026-04-13,Chennai,Flagship,Coffee,Espresso,2,120,238.53
2090,2026-04-13,Chennai,Flagship,Coffee,Espresso,2,120,240.38
2091,2026-04-13,Chennai,Flagship,Coffee,Cappuccino,3,140,419.88
2092,2026-04-13,Chennai,Flagship,Coffee,Cold Brew,3,180,528.15
2093,2026-04-13,Chennai,Flagship,Coffee,Cold Brew,1,180,177.76
2094,2026-04-13,Chennai,Flagship,Bakery,Muffin,1,70,68.05
2095,2026-04-13,Chennai,Kiosk,Bakery,Brownie,1,110,109.84
2096,2026-04-13,Chennai,Kiosk,Merchandise,Mug,1,350,357.84
2097,2026-04-13,Chennai,Kiosk,Coffee,Espresso,2,120,244.44
2098,2026-04-13,Chennai,Kiosk,Bakery,Brownie,1,110,110.36
2099,2026-04-13,Chennai,Kiosk,Bakery,Brownie,1,110,110.73
2100,2026-04-13,Chennai,Kiosk,Bakery,Croissant,2,90,184.06
2101,2026-04-13,Chennai,Kiosk,Coffee,Filter Coffee,2,60,122.63
2102,2026-04-13,Chennai,Kiosk,Bakery,Brownie,1,110,110.26
2103,2026-04-13,Chennai,Drive-Thru,Coffee,Cold Brew,3,180,542.89
2104,2026-04-13,Chennai,Drive-Thru,Bakery,Brownie,2,110,221.21
2105,2026-04-13,Chennai,Drive-Thru,Coffee,Filter Coffee,2,60,121.06
2106,2026-04-13,Chennai,Drive-Thru,Bakery,Croissant,1,90,89.64
2107,2026-04-13,Chennai,Drive-Thru,Coffee,Filter Coffee,1,60,60.3
2108,2026-04-13,Chennai,Drive-Thru,Coffee,Cold Brew,3,180,539.23
2109,2026-04-13,Chennai,Drive-Thru,Coffee,Cappuccino,1,140,142.2
2110,2026-04-13,Chennai,Drive-Thru,Bakery,Croissant,1,90,89.5
2111,2026-04-13,Chennai,Drive-Thru,Merchandise,Coffee Beans Pack,1,450,438.58
2112,2026-04-13,Chennai,Drive-Thru,Bakery,Croissant,1,90,90.65
2113,2026-04-13,Chennai,Drive-Thru,Coffee,Filter Coffee,1,60,59.03
2114,2026-04-13,Chennai,Drive-Thru,Coffee,Espresso,2,120,244.0
2115,2026-04-13,Chennai,Drive-Thru,Coffee,Espresso,1,120,118.61
2116,2026-04-13,Chennai,Drive-Thru,Bakery,Muffin,1,70,69.8
2117,2026-04-13,Bengaluru,Flagship,Bakery,Croissant,1,90,91.53
2118,2026-04-13,Bengaluru,Flagship,Bakery,Brownie,1,110,108.23
2119,2026-04-13,Bengaluru,Flagship,Coffee,Filter Coffee,2,60,117.12
2120,2026-04-13,Bengaluru,Flagship,Coffee,Cold Brew,3,180,553.21
2121,2026-04-13,Bengaluru,Flagship,Merchandise,Tumbler,3,550,1619.35
2122,2026-04-13,Bengaluru,Flagship,Coffee,Cold Brew,2,180,369.36
2123,2026-04-13,Bengaluru,Flagship,Coffee,Filter Coffee,2,60,116.96
2124,2026-04-13,Bengaluru,Flagship,Coffee,Filter Coffee,2,60,123.57
2125,2026-04-13,Bengaluru,Flagship,Coffee,Cold Brew,2,180,351.53
2126,2026-04-13,Bengaluru,Flagship,Coffee,Cold Brew,2,180,355.57
2127,2026-04-13,Bengaluru,Flagship,Coffee,Espresso,2,120,247.01
2128,2026-04-13,Bengaluru,Flagship,Coffee,Cold Brew,3,180,528.35
2129,2026-04-13,Bengaluru,Flagship,Coffee,Filter Coffee,1,60,59.21
2130,2026-04-13,Bengaluru,Flagship,Bakery,Muffin,1,70,70.24
2131,2026-04-13,Bengaluru,Flagship,Bakery,Muffin,2,70,140.23
2132,2026-04-13,Bengaluru,Kiosk,Bakery,Brownie,1,110,109.47
2133,2026-04-13,Bengaluru,Kiosk,Coffee,Cappuccino,3,140,421.21
2134,2026-04-13,Bengaluru,Kiosk,Coffee,Espresso,2,120,245.33
2135,2026-04-13,Bengaluru,Kiosk,Merchandise,Mug,2,350,718.07
2136,2026-04-13,Bengaluru,Kiosk,Bakery,Brownie,3,110,323.69
2137,2026-04-13,Bengaluru,Kiosk,Merchandise,Coffee Beans Pack,1,450,455.55
2138,2026-04-13,Bengaluru,Kiosk,Bakery,Brownie,3,110,325.77
2139,2026-04-13,Bengaluru,Kiosk,Coffee,Cappuccino,1,140,139.95
2140,2026-04-13,Bengaluru,Kiosk,Merchandise,Tumbler,2,550,1097.27
2141,2026-04-13,Bengaluru,Kiosk,Merchandise,Coffee Beans Pack,1,450,456.19
2142,2026-04-13,Bengaluru,Kiosk,Merchandise,Mug,1,350,356.78
2143,2026-04-13,Bengaluru,Kiosk,Coffee,Filter Coffee,1,60,61.61
2144,2026-04-13,Bengaluru,Drive-Thru,Coffee,Espresso,1,120,117.37
2145,2026-04-13,Bengaluru,Drive-Thru,Bakery,Brownie,1,110,113.01
2146,2026-04-13,Bengaluru,Drive-Thru,Bakery,Muffin,1,70,71.25
2147,2026-04-13,Bengaluru,Drive-Thru,Bakery,Brownie,2,110,216.23
2148,2026-04-13,Bengaluru,Drive-Thru,Coffee,Espresso,1,120,117.24
2149,2026-04-13,Bengaluru,Drive-Thru,Bakery,Brownie,2,110,222.17
2150,2026-04-13,Bengaluru,Drive-Thru,Coffee,Espresso,1,120,116.71
2151,2026-04-13,Bengaluru,Drive-Thru,Bakery,Croissant,1,90,91.26
2152,2026-04-13,Bengaluru,Drive-Thru,Coffee,Cappuccino,1,140,136.22
2153,2026-04-13,Bengaluru,Drive-Thru,Coffee,Cappuccino,2,140,273.51
2154,2026-04-13,Bengaluru,Drive-Thru,Coffee,Filter Coffee,2,60,117.81
2155,2026-04-13,Bengaluru,Drive-Thru,Coffee,Espresso,2,120,234.49
2156,2026-04-13,Bengaluru,Drive-Thru,Coffee,Espresso,2,120,246.94
2157,2026-04-13,Bengaluru,Drive-Thru,Coffee,Cappuccino,1,140,141.93
2158,2026-04-13,Bengaluru,Drive-Thru,Coffee,Cold Brew,2,180,352.18
2159,2026-04-13,Bengaluru,Drive-Thru,Coffee,Filter Coffee,2,60,119.84
2160,2026-04-13,Bengaluru,Drive-Thru,Coffee,Cappuccino,1,140,136.06
2161,2026-04-13,Hyderabad,Flagship,Coffee,Cold Brew,3,180,542.37
2162,2026-04-13,Hyderabad,Flagship,Coffee,Cappuccino,2,140,286.77
2163,2026-04-13,Hyderabad,Flagship,Coffee,Cappuccino,2,140,272.51
2164,2026-04-13,Hyderabad,Flagship,Coffee,Cold Brew,4,180,702.47
2165,2026-04-13,Hyderabad,Flagship,Merchandise,Coffee Beans Pack,1,450,439.12
2166,2026-04-13,Hyderabad,Flagship,Merchandise,Coffee Beans Pack,1,450,455.58
2167,2026-04-13,Hyderabad,Flagship,Coffee,Filter Coffee,1,60,59.85
2168,2026-04-13,Hyderabad,Flagship,Coffee,Filter Coffee,1,60,61.65
2169,2026-04-13,Hyderabad,Flagship,Bakery,Muffin,1,70,70.76
2170,2026-04-13,Hyderabad,Flagship,Coffee,Espresso,1,120,117.47
2171,2026-04-13,Hyderabad,Flagship,Bakery,Muffin,1,70,71.98
2172,2026-04-13,Hyderabad,Flagship,Coffee,Cold Brew,3,180,534.64
2173,2026-04-13,Hyderabad,Flagship,Coffee,Cold Brew,2,180,362.09
2174,2026-04-13,Hyderabad,Flagship,Coffee,Cold Brew,2,180,361.76
2175,2026-04-13,Hyderabad,Kiosk,Coffee,Cold Brew,2,180,367.88
2176,2026-04-13,Hyderabad,Kiosk,Bakery,Croissant,3,90,274.87
2177,2026-04-13,Hyderabad,Kiosk,Coffee,Cappuccino,1,140,138.81
2178,2026-04-13,Hyderabad,Kiosk,Merchandise,Mug,2,350,695.9
2179,2026-04-13,Hyderabad,Kiosk,Coffee,Espresso,2,120,232.92
2180,2026-04-13,Hyderabad,Kiosk,Merchandise,Tumbler,2,550,1083.21
2181,2026-04-13,Hyderabad,Kiosk,Merchandise,Mug,2,350,713.68
2182,2026-04-13,Hyderabad,Kiosk,Coffee,Espresso,2,120,234.29
2183,2026-04-13,Hyderabad,Kiosk,Coffee,Filter Coffee,1,60,60.33
2184,2026-04-13,Hyderabad,Kiosk,Bakery,Croissant,2,90,178.33
2185,2026-04-13,Hyderabad,Kiosk,Coffee,Cold Brew,2,180,365.34
2186,2026-04-13,Hyderabad,Drive-Thru,Coffee,Filter Coffee,1,60,60.26
2187,2026-04-13,Hyderabad,Drive-Thru,Coffee,Cappuccino,1,140,143.5
2188,2026-04-13,Hyderabad,Drive-Thru,Coffee,Cappuccino,2,140,287.94
2189,2026-04-13,Hyderabad,Drive-Thru,Merchandise,Mug,1,350,355.79
2190,2026-04-13,Hyderabad,Drive-Thru,Bakery,Muffin,1,70,67.98
2191,2026-04-13,Hyderabad,Drive-Thru,Bakery,Croissant,3,90,276.05
2192,2026-04-13,Hyderabad,Drive-Thru,Coffee,Espresso,1,120,121.33
2193,2026-04-13,Hyderabad,Drive-Thru,Merchandise,Coffee Beans Pack,1,450,461.04
2194,2026-04-13,Hyderabad,Drive-Thru,Bakery,Muffin,2,70,136.15
2195,2026-04-13,Hyderabad,Drive-Thru,Coffee,Espresso,1,120,121.59
2196,2026-04-13,Hyderabad,Drive-Thru,Merchandise,Coffee Beans Pack,1,450,449.8
2197,2026-04-13,Hyderabad,Drive-Thru,Bakery,Brownie,1,110,110.1
2198,2026-04-13,Hyderabad,Drive-Thru,Bakery,Brownie,1,110,107.69
2199,2026-04-14,Coimbatore,Flagship,Bakery,Brownie,1,110,112.64
2200,2026-04-14,Coimbatore,Flagship,Coffee,Espresso,2,120,241.09
2201,2026-04-14,Coimbatore,Flagship,Bakery,Croissant,1,90,91.98
2202,2026-04-14,Coimbatore,Flagship,Coffee,Cold Brew,3,180,550.97
2203,2026-04-14,Coimbatore,Flagship,Merchandise,Coffee Beans Pack,1,450,458.08
2204,2026-04-14,Coimbatore,Flagship,Merchandise,Mug,1,350,341.33
2205,2026-04-14,Coimbatore,Flagship,Coffee,Filter Coffee,1,60,58.42
2206,2026-04-14,Coimbatore,Flagship,Coffee,Cappuccino,2,140,275.2
2207,2026-04-14,Coimbatore,Flagship,Coffee,Cappuccino,1,140,144.2
2208,2026-04-14,Coimbatore,Flagship,Coffee,Cold Brew,3,180,527.22
2209,2026-04-14,Coimbatore,Flagship,Coffee,Cold Brew,1,180,174.74
2210,2026-04-14,Coimbatore,Flagship,Merchandise,Mug,1,350,357.64
2211,2026-04-14,Coimbatore,Flagship,Bakery,Muffin,1,70,70.45
2212,2026-04-14,Coimbatore,Flagship,Coffee,Cappuccino,1,140,140.42
2213,2026-04-14,Coimbatore,Kiosk,Merchandise,Tumbler,2,550,1067.29
2214,2026-04-14,Coimbatore,Kiosk,Merchandise,Mug,1,350,356.43
2215,2026-04-14,Coimbatore,Kiosk,Coffee,Espresso,1,120,119.9
2216,2026-04-14,Coimbatore,Kiosk,Merchandise,Mug,2,350,679.48
2217,2026-04-14,Coimbatore,Kiosk,Coffee,Espresso,1,120,118.14
2218,2026-04-14,Coimbatore,Kiosk,Bakery,Croissant,1,90,90.22
2219,2026-04-14,Coimbatore,Kiosk,Coffee,Cappuccino,1,140,139.03
2220,2026-04-14,Coimbatore,Kiosk,Coffee,Cappuccino,3,140,411.26
2221,2026-04-14,Coimbatore,Kiosk,Merchandise,Tumbler,1,550,565.95
2222,2026-04-14,Coimbatore,Drive-Thru,Merchandise,Mug,2,350,691.98
2223,2026-04-14,Coimbatore,Drive-Thru,Coffee,Filter Coffee,3,60,183.9
2224,2026-04-14,Coimbatore,Drive-Thru,Coffee,Cold Brew,3,180,529.92
2225,2026-04-14,Coimbatore,Drive-Thru,Coffee,Filter Coffee,3,60,176.02
2226,2026-04-14,Coimbatore,Drive-Thru,Bakery,Brownie,2,110,221.99
2227,2026-04-14,Coimbatore,Drive-Thru,Bakery,Muffin,1,70,68.29
2228,2026-04-14,Coimbatore,Drive-Thru,Coffee,Cappuccino,1,140,138.61
2229,2026-04-14,Coimbatore,Drive-Thru,Bakery,Brownie,1,110,112.55
2230,2026-04-14,Coimbatore,Drive-Thru,Merchandise,Coffee Beans Pack,3,450,1322.34
2231,2026-04-14,Coimbatore,Drive-Thru,Coffee,Espresso,1,120,117.25
2232,2026-04-14,Coimbatore,Drive-Thru,Coffee,Espresso,2,120,233.72
2233,2026-04-14,Chennai,Flagship,Merchandise,Coffee Beans Pack,1,450,442.63
2234,2026-04-14,Chennai,Flagship,Coffee,Espresso,1,120,120.6
2235,2026-04-14,Chennai,Flagship,Bakery,Brownie,1,110,107.25
2236,2026-04-14,Chennai,Flagship,Coffee,Espresso,2,120,240.18
2237,2026-04-14,Chennai,Flagship,Merchandise,Mug,1,350,355.16
2238,2026-04-14,Chennai,Flagship,Bakery,Croissant,2,90,184.81
2239,2026-04-14,Chennai,Flagship,Coffee,Cold Brew,4,180,708.51
2240,2026-04-14,Chennai,Flagship,Coffee,Espresso,1,120,123.31
2241,2026-04-14,Chennai,Flagship,Coffee,Espresso,1,120,121.61
2242,2026-04-14,Chennai,Flagship,Coffee,Cappuccino,2,140,273.65
2243,2026-04-14,Chennai,Flagship,Coffee,Filter Coffee,1,60,61.49
2244,2026-04-14,Chennai,Flagship,Coffee,Cappuccino,1,140,140.18
2245,2026-04-14,Chennai,Flagship,Bakery,Muffin,1,70,69.75
2246,2026-04-14,Chennai,Flagship,Coffee,Cappuccino,3,140,428.3
2247,2026-04-14,Chennai,Flagship,Coffee,Espresso,1,120,120.62
2248,2026-04-14,Chennai,Flagship,Bakery,Brownie,1,110,107.2
2249,2026-04-14,Chennai,Flagship,Bakery,Brownie,2,110,216.26
2250,2026-04-14,Chennai,Flagship,Bakery,Muffin,2,70,142.72
2251,2026-04-14,Chennai,Flagship,Coffee,Cappuccino,1,140,138.88
2252,2026-04-14,Chennai,Flagship,Coffee,Cold Brew,3,180,530.14
2253,2026-04-14,Chennai,Flagship,Coffee,Filter Coffee,1,60,60.03
2254,2026-04-14,Chennai,Flagship,Coffee,Espresso,1,120,118.84
2255,2026-04-14,Chennai,Flagship,Merchandise,Mug,2,350,692.43
2256,2026-04-14,Chennai,Kiosk,Coffee,Espresso,1,120,120.87
2257,2026-04-14,Chennai,Kiosk,Coffee,Filter Coffee,1,60,59.04
2258,2026-04-14,Chennai,Kiosk,Coffee,Filter Coffee,1,60,61.52
2259,2026-04-14,Chennai,Kiosk,Bakery,Croissant,2,90,181.03
2260,2026-04-14,Chennai,Kiosk,Bakery,Croissant,2,90,177.22
2261,2026-04-14,Chennai,Kiosk,Coffee,Filter Coffee,1,60,60.54
2262,2026-04-14,Chennai,Kiosk,Coffee,Cappuccino,1,140,139.2
2263,2026-04-14,Chennai,Kiosk,Bakery,Brownie,2,110,217.42
2264,2026-04-14,Chennai,Kiosk,Coffee,Espresso,1,120,121.55
2265,2026-04-14,Chennai,Drive-Thru,Coffee,Cappuccino,1,140,140.13
2266,2026-04-14,Chennai,Drive-Thru,Coffee,Espresso,1,120,121.44
2267,2026-04-14,Chennai,Drive-Thru,Coffee,Espresso,1,120,119.54
2268,2026-04-14,Chennai,Drive-Thru,Bakery,Muffin,2,70,141.31
2269,2026-04-14,Chennai,Drive-Thru,Bakery,Croissant,1,90,87.38
2270,2026-04-14,Chennai,Drive-Thru,Bakery,Brownie,1,110,108.99
2271,2026-04-14,Chennai,Drive-Thru,Coffee,Cappuccino,3,140,421.35
2272,2026-04-14,Chennai,Drive-Thru,Coffee,Cold Brew,2,180,362.94
2273,2026-04-14,Chennai,Drive-Thru,Coffee,Espresso,1,120,118.51
2274,2026-04-14,Bengaluru,Flagship,Bakery,Brownie,2,110,221.5
2275,2026-04-14,Bengaluru,Flagship,Coffee,Cappuccino,2,140,280.53
2276,2026-04-14,Bengaluru,Flagship,Coffee,Cold Brew,4,180,730.16
2277,2026-04-14,Bengaluru,Flagship,Coffee,Espresso,1,120,116.69
2278,2026-04-14,Bengaluru,Flagship,Coffee,Cappuccino,1,140,140.2
2279,2026-04-14,Bengaluru,Flagship,Coffee,Cold Brew,3,180,529.23
2280,2026-04-14,Bengaluru,Flagship,Coffee,Cappuccino,1,140,141.68
2281,2026-04-14,Bengaluru,Flagship,Coffee,Espresso,2,120,234.92
2282,2026-04-14,Bengaluru,Flagship,Coffee,Cappuccino,1,140,137.5
2283,2026-04-14,Bengaluru,Flagship,Coffee,Espresso,3,120,369.32
2284,2026-04-14,Bengaluru,Flagship,Coffee,Cappuccino,1,140,136.35
2285,2026-04-14,Bengaluru,Flagship,Merchandise,Coffee Beans Pack,1,450,460.89
2286,2026-04-14,Bengaluru,Flagship,Bakery,Brownie,1,110,109.52
2287,2026-04-14,Bengaluru,Flagship,Coffee,Cold Brew,2,180,367.91
2288,2026-04-14,Bengaluru,Flagship,Coffee,Cold Brew,3,180,555.79
2289,2026-04-14,Bengaluru,Flagship,Bakery,Brownie,2,110,215.32
2290,2026-04-14,Bengaluru,Flagship,Bakery,Brownie,1,110,107.93
2291,2026-04-14,Bengaluru,Flagship,Merchandise,Tumbler,1,550,548.77
2292,2026-04-14,Bengaluru,Kiosk,Coffee,Filter Coffee,3,60,184.95
2293,2026-04-14,Bengaluru,Kiosk,Bakery,Muffin,1,70,69.86
2294,2026-04-14,Bengaluru,Kiosk,Coffee,Espresso,2,120,241.31
2295,2026-04-14,Bengaluru,Kiosk,Coffee,Espresso,3,120,351.93
2296,2026-04-14,Bengaluru,Kiosk,Coffee,Cold Brew,4,180,700.77
2297,2026-04-14,Bengaluru,Kiosk,Coffee,Filter Coffee,2,60,120.12
2298,2026-04-14,Bengaluru,Kiosk,Bakery,Croissant,2,90,183.86
2299,2026-04-14,Bengaluru,Kiosk,Bakery,Muffin,3,70,208.5
2300,2026-04-14,Bengaluru,Kiosk,Merchandise,Coffee Beans Pack,1,450,443.35
2301,2026-04-14,Bengaluru,Kiosk,Coffee,Cappuccino,1,140,137.59
2302,2026-04-14,Bengaluru,Drive-Thru,Coffee,Cold Brew,3,180,535.82
2303,2026-04-14,Bengaluru,Drive-Thru,Coffee,Espresso,3,120,360.73
2304,2026-04-14,Bengaluru,Drive-Thru,Coffee,Espresso,1,120,123.24
2305,2026-04-14,Bengaluru,Drive-Thru,Coffee,Cappuccino,1,140,142.37
2306,2026-04-14,Bengaluru,Drive-Thru,Coffee,Cold Brew,2,180,351.6
2307,2026-04-14,Bengaluru,Drive-Thru,Coffee,Filter Coffee,2,60,117.09
2308,2026-04-14,Bengaluru,Drive-Thru,Coffee,Cappuccino,1,140,143.71
2309,2026-04-14,Bengaluru,Drive-Thru,Coffee,Filter Coffee,2,60,119.84
2310,2026-04-14,Bengaluru,Drive-Thru,Coffee,Filter Coffee,1,60,58.77
2311,2026-04-14,Bengaluru,Drive-Thru,Bakery,Brownie,1,110,110.9
2312,2026-04-14,Hyderabad,Flagship,Bakery,Muffin,3,70,204.28
2313,2026-04-14,Hyderabad,Flagship,Coffee,Espresso,2,120,246.91
2314,2026-04-14,Hyderabad,Flagship,Bakery,Croissant,3,90,277.05
2315,2026-04-14,Hyderabad,Flagship,Coffee,Cappuccino,2,140,286.66
2316,2026-04-14,Hyderabad,Flagship,Coffee,Espresso,2,120,235.47
2317,2026-04-14,Hyderabad,Flagship,Bakery,Muffin,1,70,68.47
2318,2026-04-14,Hyderabad,Flagship,Coffee,Espresso,1,120,121.31
2319,2026-04-14,Hyderabad,Flagship,Bakery,Muffin,3,70,204.99
2320,2026-04-14,Hyderabad,Flagship,Coffee,Espresso,2,120,237.08
2321,2026-04-14,Hyderabad,Flagship,Coffee,Filter Coffee,1,60,58.3
2322,2026-04-14,Hyderabad,Flagship,Coffee,Filter Coffee,1,60,60.48
2323,2026-04-14,Hyderabad,Flagship,Bakery,Croissant,1,90,89.74
2324,2026-04-14,Hyderabad,Flagship,Bakery,Brownie,3,110,328.56
2325,2026-04-14,Hyderabad,Flagship,Bakery,Brownie,3,110,338.66
2326,2026-04-14,Hyderabad,Flagship,Bakery,Muffin,1,70,70.61
2327,2026-04-14,Hyderabad,Flagship,Bakery,Brownie,1,110,107.38
2328,2026-04-14,Hyderabad,Kiosk,Bakery,Brownie,1,110,107.93
2329,2026-04-14,Hyderabad,Kiosk,Coffee,Espresso,2,120,239.35
2330,2026-04-14,Hyderabad,Kiosk,Bakery,Brownie,2,110,221.29
2331,2026-04-14,Hyderabad,Kiosk,Bakery,Muffin,2,70,138.93
2332,2026-04-14,Hyderabad,Kiosk,Coffee,Filter Coffee,1,60,58.98
2333,2026-04-14,Hyderabad,Kiosk,Coffee,Filter Coffee,2,60,123.13
2334,2026-04-14,Hyderabad,Kiosk,Bakery,Croissant,2,90,179.84
2335,2026-04-14,Hyderabad,Kiosk,Bakery,Muffin,1,70,68.67
2336,2026-04-14,Hyderabad,Kiosk,Bakery,Muffin,2,70,138.12
2337,2026-04-14,Hyderabad,Kiosk,Coffee,Espresso,2,120,236.16
2338,2026-04-14,Hyderabad,Kiosk,Bakery,Croissant,1,90,87.47
2339,2026-04-14,Hyderabad,Drive-Thru,Coffee,Espresso,3,120,349.89
2340,2026-04-14,Hyderabad,Drive-Thru,Coffee,Cold Brew,2,180,361.97
2341,2026-04-14,Hyderabad,Drive-Thru,Coffee,Filter Coffee,1,60,59.13
2342,2026-04-14,Hyderabad,Drive-Thru,Bakery,Croissant,1,90,90.78
2343,2026-04-14,Hyderabad,Drive-Thru,Merchandise,Mug,1,350,344.46
2344,2026-04-14,Hyderabad,Drive-Thru,Coffee,Filter Coffee,1,60,59.26
2345,2026-04-14,Hyderabad,Drive-Thru,Coffee,Cappuccino,2,140,276.35
2346,2026-04-14,Hyderabad,Drive-Thru,Coffee,Filter Coffee,2,60,120.2
2347,2026-04-14,Hyderabad,Drive-Thru,Merchandise,Mug,2,350,694.96
2348,2026-04-15,Coimbatore,Flagship,Bakery,Muffin,2,70,136.01
2349,2026-04-15,Coimbatore,Flagship,Merchandise,Mug,2,350,712.0
2350,2026-04-15,Coimbatore,Flagship,Merchandise,Coffee Beans Pack,2,450,897.85
2351,2026-04-15,Coimbatore,Flagship,Bakery,Muffin,2,70,140.24
2352,2026-04-15,Coimbatore,Flagship,Merchandise,Mug,3,350,1055.34
2353,2026-04-15,Coimbatore,Flagship,Coffee,Espresso,1,120,121.48
2354,2026-04-15,Coimbatore,Flagship,Coffee,Filter Coffee,3,60,180.91
2355,2026-04-15,Coimbatore,Flagship,Coffee,Cold Brew,1,180,176.34
2356,2026-04-15,Coimbatore,Flagship,Bakery,Muffin,3,70,204.86
2357,2026-04-15,Coimbatore,Flagship,Bakery,Muffin,1,70,71.04
2358,2026-04-15,Coimbatore,Flagship,Coffee,Cold Brew,2,180,364.64
2359,2026-04-15,Coimbatore,Flagship,Bakery,Muffin,1,70,70.41
2360,2026-04-15,Coimbatore,Flagship,Coffee,Espresso,1,120,122.66
2361,2026-04-15,Coimbatore,Flagship,Bakery,Muffin,2,70,144.17
2362,2026-04-15,Coimbatore,Kiosk,Coffee,Cold Brew,2,180,359.08
2363,2026-04-15,Coimbatore,Kiosk,Coffee,Cappuccino,1,140,139.12
2364,2026-04-15,Coimbatore,Kiosk,Coffee,Cold Brew,3,180,554.01
2365,2026-04-15,Coimbatore,Kiosk,Bakery,Brownie,1,110,110.31
2366,2026-04-15,Coimbatore,Kiosk,Bakery,Muffin,2,70,143.14
2367,2026-04-15,Coimbatore,Kiosk,Coffee,Cappuccino,2,140,284.86
2368,2026-04-15,Coimbatore,Kiosk,Merchandise,Tumbler,2,550,1125.45
2369,2026-04-15,Coimbatore,Drive-Thru,Bakery,Brownie,1,110,112.02
2370,2026-04-15,Coimbatore,Drive-Thru,Coffee,Filter Coffee,2,60,121.17
2371,2026-04-15,Coimbatore,Drive-Thru,Coffee,Cappuccino,2,140,284.26
2372,2026-04-15,Coimbatore,Drive-Thru,Coffee,Espresso,1,120,117.49
2373,2026-04-15,Coimbatore,Drive-Thru,Coffee,Cappuccino,2,140,286.96
2374,2026-04-15,Coimbatore,Drive-Thru,Bakery,Brownie,1,110,111.59
2375,2026-04-15,Coimbatore,Drive-Thru,Bakery,Croissant,1,90,89.42
2376,2026-04-15,Coimbatore,Drive-Thru,Bakery,Croissant,1,90,87.75
2377,2026-04-15,Coimbatore,Drive-Thru,Coffee,Filter Coffee,3,60,185.08
2378,2026-04-15,Coimbatore,Drive-Thru,Bakery,Croissant,1,90,91.01
2379,2026-04-15,Coimbatore,Drive-Thru,Coffee,Cappuccino,3,140,412.83
2380,2026-04-15,Coimbatore,Drive-Thru,Bakery,Croissant,2,90,181.62
2381,2026-04-15,Coimbatore,Drive-Thru,Coffee,Espresso,1,120,121.85
2382,2026-04-15,Coimbatore,Drive-Thru,Coffee,Espresso,1,120,118.05
2383,2026-04-15,Chennai,Flagship,Coffee,Filter Coffee,1,60,59.73
2384,2026-04-15,Chennai,Flagship,Coffee,Espresso,2,120,243.46
2385,2026-04-15,Chennai,Flagship,Coffee,Filter Coffee,1,60,60.3
2386,2026-04-15,Chennai,Flagship,Bakery,Brownie,1,110,112.28
2387,2026-04-15,Chennai,Flagship,Merchandise,Tumbler,1,550,538.52
2388,2026-04-15,Chennai,Flagship,Coffee,Espresso,1,120,123.37
2389,2026-04-15,Chennai,Flagship,Bakery,Muffin,2,70,141.23
2390,2026-04-15,Chennai,Flagship,Coffee,Cappuccino,1,140,140.46
2391,2026-04-15,Chennai,Flagship,Bakery,Muffin,1,70,69.46
2392,2026-04-15,Chennai,Flagship,Bakery,Croissant,3,90,275.33
2393,2026-04-15,Chennai,Flagship,Bakery,Muffin,2,70,140.03
2394,2026-04-15,Chennai,Flagship,Coffee,Cappuccino,1,140,143.69
2395,2026-04-15,Chennai,Flagship,Coffee,Filter Coffee,1,60,58.57
2396,2026-04-15,Chennai,Flagship,Coffee,Cold Brew,3,180,533.23
2397,2026-04-15,Chennai,Flagship,Coffee,Espresso,1,120,117.23
2398,2026-04-15,Chennai,Flagship,Coffee,Filter Coffee,2,60,123.36
2399,2026-04-15,Chennai,Flagship,Coffee,Filter Coffee,3,60,176.95
2400,2026-04-15,Chennai,Flagship,Bakery,Croissant,1,90,87.66
2401,2026-04-15,Chennai,Kiosk,Bakery,Muffin,1,70,68.75
2402,2026-04-15,Chennai,Kiosk,Bakery,Brownie,2,110,215.89
2403,2026-04-15,Chennai,Kiosk,Coffee,Cappuccino,1,140,139.59
2404,2026-04-15,Chennai,Kiosk,Bakery,Brownie,1,110,109.11
2405,2026-04-15,Chennai,Kiosk,Bakery,Croissant,2,90,185.13
2406,2026-04-15,Chennai,Kiosk,Bakery,Brownie,2,110,220.0
2407,2026-04-15,Chennai,Kiosk,Coffee,Cappuccino,2,140,274.8
2408,2026-04-15,Chennai,Kiosk,Coffee,Cappuccino,1,140,142.75
2409,2026-04-15,Chennai,Drive-Thru,Bakery,Brownie,2,110,225.41
2410,2026-04-15,Chennai,Drive-Thru,Coffee,Filter Coffee,1,60,59.41
2411,2026-04-15,Chennai,Drive-Thru,Coffee,Espresso,2,120,233.61
2412,2026-04-15,Chennai,Drive-Thru,Bakery,Muffin,1,70,70.56
2413,2026-04-15,Chennai,Drive-Thru,Coffee,Cappuccino,1,140,142.92
2414,2026-04-15,Chennai,Drive-Thru,Coffee,Espresso,1,120,116.4
2415,2026-04-15,Chennai,Drive-Thru,Coffee,Espresso,3,120,354.38
2416,2026-04-15,Chennai,Drive-Thru,Coffee,Cold Brew,2,180,359.34
2417,2026-04-15,Chennai,Drive-Thru,Bakery,Muffin,2,70,136.59
2418,2026-04-15,Chennai,Drive-Thru,Coffee,Cold Brew,4,180,715.49
2419,2026-04-15,Chennai,Drive-Thru,Coffee,Espresso,1,120,119.53
2420,2026-04-15,Chennai,Drive-Thru,Merchandise,Tumbler,2,550,1097.99
2421,2026-04-15,Chennai,Drive-Thru,Bakery,Brownie,3,110,334.9
2422,2026-04-15,Chennai,Drive-Thru,Coffee,Cold Brew,2,180,354.58
2423,2026-04-15,Chennai,Drive-Thru,Coffee,Filter Coffee,2,60,121.08
2424,2026-04-15,Chennai,Drive-Thru,Bakery,Muffin,1,70,70.99
2425,2026-04-15,Bengaluru,Flagship,Coffee,Espresso,1,120,120.35
2426,2026-04-15,Bengaluru,Flagship,Coffee,Espresso,1,120,119.52
2427,2026-04-15,Bengaluru,Flagship,Merchandise,Mug,1,350,341.26
2428,2026-04-15,Bengaluru,Flagship,Bakery,Croissant,1,90,88.7
2429,2026-04-15,Bengaluru,Flagship,Coffee,Cold Brew,2,180,364.3
2430,2026-04-15,Bengaluru,Flagship,Bakery,Muffin,1,70,68.63
2431,2026-04-15,Bengaluru,Flagship,Coffee,Cold Brew,3,180,525.2
2432,2026-04-15,Bengaluru,Flagship,Merchandise,Coffee Beans Pack,2,450,926.06
2433,2026-04-15,Bengaluru,Flagship,Coffee,Cappuccino,1,140,135.88
2434,2026-04-15,Bengaluru,Flagship,Bakery,Croissant,1,90,90.43
2435,2026-04-15,Bengaluru,Flagship,Merchandise,Mug,2,350,701.86
2436,2026-04-15,Bengaluru,Flagship,Coffee,Filter Coffee,1,60,58.94
2437,2026-04-15,Bengaluru,Flagship,Coffee,Espresso,1,120,116.83
2438,2026-04-15,Bengaluru,Flagship,Coffee,Cappuccino,2,140,283.25
2439,2026-04-15,Bengaluru,Flagship,Bakery,Muffin,3,70,204.04
2440,2026-04-15,Bengaluru,Flagship,Merchandise,Tumbler,2,550,1102.7
2441,2026-04-15,Bengaluru,Flagship,Bakery,Croissant,1,90,88.11
2442,2026-04-15,Bengaluru,Flagship,Coffee,Espresso,1,120,118.91
2443,2026-04-15,Bengaluru,Kiosk,Merchandise,Coffee Beans Pack,1,450,443.07
2444,2026-04-15,Bengaluru,Kiosk,Coffee,Cappuccino,1,140,137.25
2445,2026-04-15,Bengaluru,Kiosk,Bakery,Croissant,1,90,87.39
2446,2026-04-15,Bengaluru,Kiosk,Coffee,Filter Coffee,3,60,176.93
2447,2026-04-15,Bengaluru,Kiosk,Coffee,Filter Coffee,2,60,119.72
2448,2026-04-15,Bengaluru,Kiosk,Coffee,Filter Coffee,1,60,60.12
2449,2026-04-15,Bengaluru,Kiosk,Coffee,Cold Brew,2,180,370.0
2450,2026-04-15,Bengaluru,Kiosk,Coffee,Cold Brew,3,180,531.1
2451,2026-04-15,Bengaluru,Kiosk,Merchandise,Tumbler,2,550,1107.96
2452,2026-04-15,Bengaluru,Kiosk,Coffee,Cappuccino,2,140,273.24
2453,2026-04-15,Bengaluru,Kiosk,Bakery,Brownie,1,110,110.74
2454,2026-04-15,Bengaluru,Kiosk,Bakery,Croissant,2,90,184.76
2455,2026-04-15,Bengaluru,Drive-Thru,Coffee,Cold Brew,3,180,546.37
2456,2026-04-15,Bengaluru,Drive-Thru,Bakery,Croissant,1,90,91.9
2457,2026-04-15,Bengaluru,Drive-Thru,Coffee,Espresso,1,120,119.51
2458,2026-04-15,Bengaluru,Drive-Thru,Bakery,Muffin,1,70,68.46
2459,2026-04-15,Bengaluru,Drive-Thru,Coffee,Espresso,2,120,246.87
2460,2026-04-15,Bengaluru,Drive-Thru,Bakery,Brownie,1,110,112.37
2461,2026-04-15,Bengaluru,Drive-Thru,Coffee,Filter Coffee,2,60,123.11
2462,2026-04-15,Bengaluru,Drive-Thru,Bakery,Croissant,3,90,271.98
2463,2026-04-15,Bengaluru,Drive-Thru,Coffee,Espresso,1,120,117.71
2464,2026-04-15,Bengaluru,Drive-Thru,Merchandise,Coffee Beans Pack,1,450,459.61
2465,2026-04-15,Bengaluru,Drive-Thru,Coffee,Filter Coffee,1,60,60.59
2466,2026-04-15,Bengaluru,Drive-Thru,Merchandise,Coffee Beans Pack,1,450,447.24
2467,2026-04-15,Bengaluru,Drive-Thru,Coffee,Filter Coffee,2,60,119.24
2468,2026-04-15,Bengaluru,Drive-Thru,Coffee,Filter Coffee,2,60,119.83
2469,2026-04-15,Hyderabad,Flagship,Coffee,Espresso,1,120,116.75
2470,2026-04-15,Hyderabad,Flagship,Coffee,Filter Coffee,1,60,59.82
2471,2026-04-15,Hyderabad,Flagship,Coffee,Filter Coffee,1,60,59.29
2472,2026-04-15,Hyderabad,Flagship,Coffee,Filter Coffee,1,60,59.12
2473,2026-04-15,Hyderabad,Flagship,Coffee,Cappuccino,1,140,138.49
2474,2026-04-15,Hyderabad,Flagship,Coffee,Filter Coffee,1,60,59.6
2475,2026-04-15,Hyderabad,Flagship,Coffee,Filter Coffee,3,60,180.05
2476,2026-04-15,Hyderabad,Flagship,Coffee,Espresso,1,120,120.1
2477,2026-04-15,Hyderabad,Flagship,Coffee,Cappuccino,1,140,139.29
2478,2026-04-15,Hyderabad,Flagship,Coffee,Cold Brew,4,180,703.33
2479,2026-04-15,Hyderabad,Flagship,Bakery,Muffin,1,70,68.92
2480,2026-04-15,Hyderabad,Flagship,Coffee,Filter Coffee,1,60,59.73
2481,2026-04-15,Hyderabad,Flagship,Merchandise,Mug,1,350,343.2
2482,2026-04-15,Hyderabad,Flagship,Coffee,Filter Coffee,1,60,61.03
2483,2026-04-15,Hyderabad,Flagship,Bakery,Brownie,2,110,218.49
2484,2026-04-15,Hyderabad,Flagship,Coffee,Espresso,1,120,117.87
2485,2026-04-15,Hyderabad,Flagship,Coffee,Filter Coffee,3,60,184.04
2486,2026-04-15,Hyderabad,Flagship,Coffee,Filter Coffee,1,60,58.39
2487,2026-04-15,Hyderabad,Flagship,Coffee,Espresso,1,120,119.22
2488,2026-04-15,Hyderabad,Flagship,Coffee,Cappuccino,1,140,142.54
2489,2026-04-15,Hyderabad,Kiosk,Bakery,Muffin,3,70,213.31
2490,2026-04-15,Hyderabad,Kiosk,Bakery,Croissant,2,90,175.08
2491,2026-04-15,Hyderabad,Kiosk,Bakery,Croissant,1,90,92.65
2492,2026-04-15,Hyderabad,Kiosk,Merchandise,Coffee Beans Pack,1,450,449.1
2493,2026-04-15,Hyderabad,Kiosk,Coffee,Espresso,1,120,122.43
2494,2026-04-15,Hyderabad,Kiosk,Coffee,Espresso,2,120,234.72
2495,2026-04-15,Hyderabad,Kiosk,Coffee,Espresso,1,120,122.36
2496,2026-04-15,Hyderabad,Drive-Thru,Coffee,Espresso,3,120,357.93
2497,2026-04-15,Hyderabad,Drive-Thru,Merchandise,Coffee Beans Pack,1,450,441.94
2498,2026-04-15,Hyderabad,Drive-Thru,Coffee,Cold Brew,1,180,176.1
2499,2026-04-15,Hyderabad,Drive-Thru,Coffee,Cold Brew,1,180,183.76
2500,2026-04-15,Hyderabad,Drive-Thru,Coffee,Cold Brew,3,180,545.39
2501,2026-04-15,Hyderabad,Drive-Thru,Coffee,Espresso,1,120,121.68
2502,2026-04-15,Hyderabad,Drive-Thru,Coffee,Filter Coffee,1,60,60.91
2503,2026-04-15,Hyderabad,Drive-Thru,Bakery,Croissant,2,90,184.2
2504,2026-04-15,Hyderabad,Drive-Thru,Coffee,Cappuccino,1,140,137.41
2505,2026-04-16,Coimbatore,Flagship,Bakery,Brownie,1,110,113.25
2506,2026-04-16,Coimbatore,Flagship,Bakery,Croissant,3,90,265.75
2507,2026-04-16,Coimbatore,Flagship,Coffee,Espresso,1,120,121.59
2508,2026-04-16,Coimbatore,Flagship,Coffee,Filter Coffee,1,60,61.03
2509,2026-04-16,Coimbatore,Flagship,Bakery,Brownie,2,110,221.45
2510,2026-04-16,Coimbatore,Flagship,Bakery,Croissant,1,90,87.43
2511,2026-04-16,Coimbatore,Flagship,Coffee,Filter Coffee,2,60,118.01
2512,2026-04-16,Coimbatore,Flagship,Coffee,Filter Coffee,1,60,60.79
2513,2026-04-16,Coimbatore,Flagship,Coffee,Filter Coffee,2,60,119.44
2514,2026-04-16,Coimbatore,Flagship,Coffee,Espresso,1,120,117.3
2515,2026-04-16,Coimbatore,Flagship,Coffee,Filter Coffee,1,60,61.23
2516,2026-04-16,Coimbatore,Flagship,Merchandise,Mug,1,350,343.79
2517,2026-04-16,Coimbatore,Flagship,Coffee,Espresso,2,120,238.18
2518,2026-04-16,Coimbatore,Flagship,Coffee,Filter Coffee,3,60,185.0
2519,2026-04-16,Coimbatore,Flagship,Coffee,Espresso,1,120,123.38
2520,2026-04-16,Coimbatore,Flagship,Coffee,Filter Coffee,1,60,59.16
2521,2026-04-16,Coimbatore,Flagship,Bakery,Croissant,1,90,89.23
2522,2026-04-16,Coimbatore,Flagship,Coffee,Cappuccino,3,140,430.96
2523,2026-04-16,Coimbatore,Kiosk,Coffee,Filter Coffee,1,60,60.37
2524,2026-04-16,Coimbatore,Kiosk,Merchandise,Coffee Beans Pack,1,450,448.29
2525,2026-04-16,Coimbatore,Kiosk,Bakery,Muffin,3,70,204.37
2526,2026-04-16,Coimbatore,Kiosk,Coffee,Cappuccino,1,140,136.57
2527,2026-04-16,Coimbatore,Kiosk,Merchandise,Mug,1,350,351.21
2528,2026-04-16,Coimbatore,Drive-Thru,Coffee,Cold Brew,3,180,524.98
2529,2026-04-16,Coimbatore,Drive-Thru,Coffee,Cold Brew,3,180,539.85
2530,2026-04-16,Coimbatore,Drive-Thru,Coffee,Cold Brew,3,180,525.61
2531,2026-04-16,Coimbatore,Drive-Thru,Coffee,Filter Coffee,1,60,60.68
2532,2026-04-16,Coimbatore,Drive-Thru,Coffee,Cold Brew,2,180,355.65
2533,2026-04-16,Coimbatore,Drive-Thru,Coffee,Cold Brew,3,180,545.99
2534,2026-04-16,Coimbatore,Drive-Thru,Coffee,Cappuccino,2,140,276.63
2535,2026-04-16,Coimbatore,Drive-Thru,Coffee,Cappuccino,3,140,413.99
2536,2026-04-16,Chennai,Flagship,Merchandise,Coffee Beans Pack,3,450,1343.13
2537,2026-04-16,Chennai,Flagship,Bakery,Croissant,1,90,92.24
2538,2026-04-16,Chennai,Flagship,Coffee,Filter Coffee,1,60,60.9
2539,2026-04-16,Chennai,Flagship,Bakery,Croissant,1,90,91.26
2540,2026-04-16,Chennai,Flagship,Coffee,Cold Brew,3,180,525.79
2541,2026-04-16,Chennai,Flagship,Merchandise,Coffee Beans Pack,1,450,458.49
2542,2026-04-16,Chennai,Flagship,Coffee,Filter Coffee,1,60,61.23
2543,2026-04-16,Chennai,Flagship,Merchandise,Mug,1,350,351.35
2544,2026-04-16,Chennai,Flagship,Coffee,Espresso,1,120,122.62
2545,2026-04-16,Chennai,Flagship,Bakery,Brownie,1,110,109.24
2546,2026-04-16,Chennai,Flagship,Coffee,Cold Brew,1,180,181.0
2547,2026-04-16,Chennai,Flagship,Bakery,Brownie,1,110,109.92
2548,2026-04-16,Chennai,Flagship,Coffee,Cappuccino,3,140,415.66
2549,2026-04-16,Chennai,Flagship,Coffee,Cold Brew,3,180,546.53
2550,2026-04-16,Chennai,Flagship,Coffee,Cappuccino,1,140,140.94
2551,2026-04-16,Chennai,Flagship,Coffee,Filter Coffee,1,60,61.57
2552,2026-04-16,Chennai,Kiosk,Coffee,Filter Coffee,1,60,61.23
2553,2026-04-16,Chennai,Kiosk,Coffee,Espresso,2,120,246.91
2554,2026-04-16,Chennai,Kiosk,Coffee,Cappuccino,1,140,139.07
2555,2026-04-16,Chennai,Kiosk,Coffee,Cold Brew,2,180,368.15
2556,2026-04-16,Chennai,Kiosk,Coffee,Espresso,1,120,119.26
2557,2026-04-16,Chennai,Kiosk,Coffee,Cold Brew,3,180,544.93
2558,2026-04-16,Chennai,Kiosk,Coffee,Cappuccino,1,140,141.43
2559,2026-04-16,Chennai,Kiosk,Coffee,Cappuccino,1,140,136.51
2560,2026-04-16,Chennai,Kiosk,Coffee,Cappuccino,2,140,276.21
2561,2026-04-16,Chennai,Drive-Thru,Bakery,Muffin,1,70,70.29
2562,2026-04-16,Chennai,Drive-Thru,Coffee,Filter Coffee,1,60,59.7
2563,2026-04-16,Chennai,Drive-Thru,Bakery,Croissant,3,90,265.62
2564,2026-04-16,Chennai,Drive-Thru,Bakery,Brownie,2,110,222.94
2565,2026-04-16,Chennai,Drive-Thru,Coffee,Espresso,1,120,116.85
2566,2026-04-16,Chennai,Drive-Thru,Coffee,Cold Brew,2,180,356.99
2567,2026-04-16,Chennai,Drive-Thru,Merchandise,Mug,1,350,354.58
2568,2026-04-16,Chennai,Drive-Thru,Coffee,Espresso,2,120,245.57
2569,2026-04-16,Chennai,Drive-Thru,Bakery,Croissant,1,90,91.98
2570,2026-04-16,Bengaluru,Flagship,Merchandise,Mug,1,350,356.67
2571,2026-04-16,Bengaluru,Flagship,Merchandise,Coffee Beans Pack,1,450,447.71
2572,2026-04-16,Bengaluru,Flagship,Bakery,Croissant,1,90,87.71
2573,2026-04-16,Bengaluru,Flagship,Bakery,Muffin,1,70,70.84
2574,2026-04-16,Bengaluru,Flagship,Bakery,Muffin,1,70,67.98
2575,2026-04-16,Bengaluru,Flagship,Coffee,Filter Coffee,2,60,116.81
2576,2026-04-16,Bengaluru,Flagship,Coffee,Cold Brew,4,180,720.31
2577,2026-04-16,Bengaluru,Flagship,Coffee,Filter Coffee,2,60,117.93
2578,2026-04-16,Bengaluru,Flagship,Bakery,Croissant,1,90,90.59
2579,2026-04-16,Bengaluru,Flagship,Coffee,Espresso,1,120,121.95
2580,2026-04-16,Bengaluru,Flagship,Coffee,Espresso,1,120,121.36
2581,2026-04-16,Bengaluru,Flagship,Bakery,Croissant,1,90,92.42
2582,2026-04-16,Bengaluru,Flagship,Coffee,Cold Brew,2,180,353.91
2583,2026-04-16,Bengaluru,Flagship,Bakery,Brownie,1,110,111.53
2584,2026-04-16,Bengaluru,Flagship,Coffee,Filter Coffee,3,60,175.65
2585,2026-04-16,Bengaluru,Flagship,Coffee,Cold Brew,2,180,365.05
2586,2026-04-16,Bengaluru,Flagship,Bakery,Muffin,1,70,69.14
2587,2026-04-16,Bengaluru,Kiosk,Bakery,Brownie,1,110,112.75
2588,2026-04-16,Bengaluru,Kiosk,Coffee,Filter Coffee,2,60,117.1
2589,2026-04-16,Bengaluru,Kiosk,Coffee,Cold Brew,3,180,533.7
2590,2026-04-16,Bengaluru,Kiosk,Bakery,Brownie,2,110,221.07
2591,2026-04-16,Bengaluru,Kiosk,Bakery,Croissant,1,90,87.66
2592,2026-04-16,Bengaluru,Kiosk,Merchandise,Mug,1,350,348.12
2593,2026-04-16,Bengaluru,Kiosk,Bakery,Croissant,1,90,88.43
2594,2026-04-16,Bengaluru,Kiosk,Coffee,Cappuccino,1,140,136.13
2595,2026-04-16,Bengaluru,Kiosk,Merchandise,Mug,2,350,684.96
2596,2026-04-16,Bengaluru,Kiosk,Coffee,Espresso,3,120,356.71
2597,2026-04-16,Bengaluru,Drive-Thru,Coffee,Espresso,2,120,245.84
2598,2026-04-16,Bengaluru,Drive-Thru,Coffee,Espresso,2,120,238.92
2599,2026-04-16,Bengaluru,Drive-Thru,Coffee,Cold Brew,2,180,354.84
2600,2026-04-16,Bengaluru,Drive-Thru,Coffee,Filter Coffee,3,60,180.63
2601,2026-04-16,Bengaluru,Drive-Thru,Merchandise,Coffee Beans Pack,2,450,888.1
2602,2026-04-16,Bengaluru,Drive-Thru,Coffee,Cappuccino,1,140,142.73
2603,2026-04-16,Bengaluru,Drive-Thru,Bakery,Muffin,1,70,68.39
2604,2026-04-16,Bengaluru,Drive-Thru,Coffee,Cappuccino,3,140,418.55
2605,2026-04-16,Bengaluru,Drive-Thru,Bakery,Brownie,1,110,106.73
2606,2026-04-16,Bengaluru,Drive-Thru,Coffee,Cold Brew,1,180,181.6
2607,2026-04-16,Bengaluru,Drive-Thru,Coffee,Filter Coffee,1,60,60.85
2608,2026-04-16,Bengaluru,Drive-Thru,Coffee,Cappuccino,1,140,136.99
2609,2026-04-16,Bengaluru,Drive-Thru,Merchandise,Mug,1,350,341.37
2610,2026-04-16,Bengaluru,Drive-Thru,Merchandise,Tumbler,1,550,564.67
2611,2026-04-16,Bengaluru,Drive-Thru,Coffee,Cold Brew,1,180,176.21
2612,2026-04-16,Bengaluru,Drive-Thru,Coffee,Cold Brew,1,180,182.37
2613,2026-04-16,Bengaluru,Drive-Thru,Coffee,Cappuccino,1,140,135.84
2614,2026-04-16,Bengaluru,Drive-Thru,Bakery,Brownie,2,110,218.71
2615,2026-04-16,Hyderabad,Flagship,Merchandise,Coffee Beans Pack,1,450,457.65
2616,2026-04-16,Hyderabad,Flagship,Coffee,Filter Coffee,2,60,118.71
2617,2026-04-16,Hyderabad,Flagship,Coffee,Espresso,2,120,239.97
2618,2026-04-16,Hyderabad,Flagship,Bakery,Muffin,1,70,69.93
2619,2026-04-16,Hyderabad,Flagship,Merchandise,Tumbler,2,550,1116.06
2620,2026-04-16,Hyderabad,Flagship,Coffee,Cold Brew,3,180,527.31
2621,2026-04-16,Hyderabad,Flagship,Coffee,Espresso,3,120,364.67
2622,2026-04-16,Hyderabad,Flagship,Coffee,Espresso,1,120,120.11
2623,2026-04-16,Hyderabad,Flagship,Coffee,Filter Coffee,2,60,121.0
2624,2026-04-16,Hyderabad,Flagship,Bakery,Brownie,2,110,224.91
2625,2026-04-16,Hyderabad,Flagship,Bakery,Muffin,3,70,211.11
2626,2026-04-16,Hyderabad,Flagship,Coffee,Espresso,3,120,370.46
2627,2026-04-16,Hyderabad,Flagship,Coffee,Cappuccino,1,140,143.79
2628,2026-04-16,Hyderabad,Flagship,Coffee,Cappuccino,1,140,143.09
2629,2026-04-16,Hyderabad,Flagship,Merchandise,Tumbler,2,550,1068.93
2630,2026-04-16,Hyderabad,Flagship,Bakery,Croissant,1,90,91.17
2631,2026-04-16,Hyderabad,Kiosk,Coffee,Cappuccino,1,140,136.77
2632,2026-04-16,Hyderabad,Kiosk,Merchandise,Tumbler,2,550,1090.28
2633,2026-04-16,Hyderabad,Kiosk,Bakery,Croissant,2,90,184.8
2634,2026-04-16,Hyderabad,Kiosk,Merchandise,Tumbler,2,550,1126.59
2635,2026-04-16,Hyderabad,Kiosk,Coffee,Filter Coffee,1,60,59.81
2636,2026-04-16,Hyderabad,Kiosk,Coffee,Espresso,1,120,122.53
2637,2026-04-16,Hyderabad,Kiosk,Bakery,Brownie,1,110,111.27
2638,2026-04-16,Hyderabad,Kiosk,Coffee,Cold Brew,3,180,549.66
2639,2026-04-16,Hyderabad,Kiosk,Bakery,Brownie,2,110,224.02
2640,2026-04-16,Hyderabad,Kiosk,Coffee,Cappuccino,2,140,285.58
2641,2026-04-16,Hyderabad,Drive-Thru,Coffee,Cappuccino,2,140,274.73
2642,2026-04-16,Hyderabad,Drive-Thru,Merchandise,Coffee Beans Pack,2,450,905.72
2643,2026-04-16,Hyderabad,Drive-Thru,Merchandise,Mug,3,350,1060.21
2644,2026-04-16,Hyderabad,Drive-Thru,Coffee,Espresso,1,120,119.03
2645,2026-04-16,Hyderabad,Drive-Thru,Bakery,Brownie,2,110,225.5
2646,2026-04-16,Hyderabad,Drive-Thru,Coffee,Cappuccino,1,140,142.0
2647,2026-04-16,Hyderabad,Drive-Thru,Coffee,Cold Brew,3,180,541.42
2648,2026-04-16,Hyderabad,Drive-Thru,Bakery,Brownie,1,110,109.07
2649,2026-04-16,Hyderabad,Drive-Thru,Coffee,Espresso,1,120,123.59
2650,2026-04-17,Coimbatore,Flagship,Coffee,Espresso,2,120,240.87
2651,2026-04-17,Coimbatore,Flagship,Bakery,Croissant,2,90,184.73
2652,2026-04-17,Coimbatore,Flagship,Coffee,Espresso,1,120,121.87
2653,2026-04-17,Coimbatore,Flagship,Bakery,Muffin,2,70,135.89
2654,2026-04-17,Coimbatore,Flagship,Bakery,Brownie,1,110,109.79
2655,2026-04-17,Coimbatore,Flagship,Coffee,Espresso,2,120,237.38
2656,2026-04-17,Coimbatore,Flagship,Coffee,Cappuccino,2,140,282.32
2657,2026-04-17,Coimbatore,Flagship,Bakery,Muffin,2,70,136.44
2658,2026-04-17,Coimbatore,Flagship,Bakery,Croissant,2,90,177.86
2659,2026-04-17,Coimbatore,Flagship,Coffee,Cappuccino,2,140,277.5
2660,2026-04-17,Coimbatore,Flagship,Bakery,Brownie,1,110,111.25
2661,2026-04-17,Coimbatore,Kiosk,Coffee,Cold Brew,2,180,370.24
2662,2026-04-17,Coimbatore,Kiosk,Coffee,Cold Brew,2,180,352.48
2663,2026-04-17,Coimbatore,Kiosk,Coffee,Cold Brew,1,180,175.97
2664,2026-04-17,Coimbatore,Kiosk,Bakery,Muffin,1,70,68.31
2665,2026-04-17,Coimbatore,Kiosk,Coffee,Cold Brew,3,180,542.91
2666,2026-04-17,Coimbatore,Drive-Thru,Merchandise,Coffee Beans Pack,1,450,454.49
2667,2026-04-17,Coimbatore,Drive-Thru,Merchandise,Tumbler,2,550,1103.97
2668,2026-04-17,Coimbatore,Drive-Thru,Coffee,Espresso,1,120,119.54
2669,2026-04-17,Coimbatore,Drive-Thru,Bakery,Croissant,2,90,175.93
2670,2026-04-17,Coimbatore,Drive-Thru,Bakery,Brownie,1,110,110.11
2671,2026-04-17,Coimbatore,Drive-Thru,Bakery,Brownie,2,110,220.64
2672,2026-04-17,Coimbatore,Drive-Thru,Coffee,Espresso,1,120,117.61
2673,2026-04-17,Coimbatore,Drive-Thru,Bakery,Muffin,3,70,204.4
2674,2026-04-17,Coimbatore,Drive-Thru,Coffee,Filter Coffee,2,60,120.03
2675,2026-04-17,Coimbatore,Drive-Thru,Bakery,Muffin,3,70,204.09
2676,2026-04-17,Coimbatore,Drive-Thru,Coffee,Cold Brew,2,180,352.54
2677,2026-04-17,Coimbatore,Drive-Thru,Bakery,Brownie,3,110,325.33
2678,2026-04-17,Coimbatore,Drive-Thru,Coffee,Filter Coffee,1,60,61.51
2679,2026-04-17,Chennai,Flagship,Bakery,Croissant,2,90,179.79
2680,2026-04-17,Chennai,Flagship,Merchandise,Mug,1,350,352.0
2681,2026-04-17,Chennai,Flagship,Coffee,Cold Brew,2,180,359.75
2682,2026-04-17,Chennai,Flagship,Merchandise,Tumbler,2,550,1090.74
2683,2026-04-17,Chennai,Flagship,Bakery,Brownie,2,110,223.11
2684,2026-04-17,Chennai,Flagship,Coffee,Espresso,1,120,116.52
2685,2026-04-17,Chennai,Flagship,Bakery,Brownie,3,110,321.15
2686,2026-04-17,Chennai,Flagship,Coffee,Cold Brew,2,180,351.24
2687,2026-04-17,Chennai,Flagship,Bakery,Muffin,1,70,72.02
2688,2026-04-17,Chennai,Flagship,Merchandise,Mug,1,350,341.07
2689,2026-04-17,Chennai,Flagship,Merchandise,Mug,2,350,698.53
2690,2026-04-17,Chennai,Flagship,Coffee,Cappuccino,3,140,407.61
2691,2026-04-17,Chennai,Flagship,Bakery,Muffin,1,70,71.03
2692,2026-04-17,Chennai,Flagship,Coffee,Cappuccino,2,140,287.07
2693,2026-04-17,Chennai,Flagship,Coffee,Cappuccino,1,140,136.39
2694,2026-04-17,Chennai,Flagship,Merchandise,Coffee Beans Pack,1,450,456.51
2695,2026-04-17,Chennai,Kiosk,Bakery,Brownie,1,110,110.22
2696,2026-04-17,Chennai,Kiosk,Bakery,Brownie,3,110,326.11
2697,2026-04-17,Chennai,Kiosk,Merchandise,Mug,2,350,683.23
2698,2026-04-17,Chennai,Kiosk,Coffee,Espresso,2,120,240.75
2699,2026-04-17,Chennai,Kiosk,Coffee,Cappuccino,3,140,411.38
2700,2026-04-17,Chennai,Kiosk,Coffee,Cappuccino,1,140,142.67
2701,2026-04-17,Chennai,Kiosk,Coffee,Filter Coffee,1,60,58.87
2702,2026-04-17,Chennai,Kiosk,Bakery,Brownie,1,110,111.13
2703,2026-04-17,Chennai,Kiosk,Coffee,Cold Brew,4,180,732.57
2704,2026-04-17,Chennai,Drive-Thru,Coffee,Espresso,1,120,122.57
2705,2026-04-17,Chennai,Drive-Thru,Bakery,Croissant,1,90,88.38
2706,2026-04-17,Chennai,Drive-Thru,Merchandise,Coffee Beans Pack,1,450,437.41
2707,2026-04-17,Chennai,Drive-Thru,Coffee,Filter Coffee,3,60,184.83
2708,2026-04-17,Chennai,Drive-Thru,Bakery,Muffin,1,70,69.25
2709,2026-04-17,Chennai,Drive-Thru,Coffee,Filter Coffee,1,60,60.31
2710,2026-04-17,Chennai,Drive-Thru,Coffee,Cold Brew,2,180,361.71
2711,2026-04-17,Chennai,Drive-Thru,Coffee,Filter Coffee,3,60,180.81
2712,2026-04-17,Chennai,Drive-Thru,Merchandise,Tumbler,1,550,542.45
2713,2026-04-17,Chennai,Drive-Thru,Coffee,Cappuccino,2,140,276.16
2714,2026-04-17,Chennai,Drive-Thru,Bakery,Croissant,2,90,175.43
2715,2026-04-17,Chennai,Drive-Thru,Bakery,Muffin,3,70,209.9
2716,2026-04-17,Chennai,Drive-Thru,Merchandise,Mug,2,350,708.57
2717,2026-04-17,Chennai,Drive-Thru,Bakery,Muffin,2,70,141.06
2718,2026-04-17,Chennai,Drive-Thru,Coffee,Espresso,1,120,119.4
2719,2026-04-17,Chennai,Drive-Thru,Merchandise,Coffee Beans Pack,2,450,883.31
2720,2026-04-17,Bengaluru,Flagship,Bakery,Croissant,2,90,183.95
2721,2026-04-17,Bengaluru,Flagship,Coffee,Cappuccino,1,140,141.83
2722,2026-04-17,Bengaluru,Flagship,Merchandise,Mug,1,350,354.85
2723,2026-04-17,Bengaluru,Flagship,Bakery,Muffin,1,70,71.47
2724,2026-04-17,Bengaluru,Flagship,Bakery,Muffin,2,70,138.91
2725,2026-04-17,Bengaluru,Flagship,Merchandise,Mug,2,350,704.83
2726,2026-04-17,Bengaluru,Flagship,Coffee,Filter Coffee,1,60,60.68
2727,2026-04-17,Bengaluru,Flagship,Bakery,Brownie,1,110,110.65
2728,2026-04-17,Bengaluru,Flagship,Merchandise,Mug,1,350,347.26
2729,2026-04-17,Bengaluru,Flagship,Bakery,Brownie,1,110,107.31
2730,2026-04-17,Bengaluru,Flagship,Coffee,Filter Coffee,3,60,180.41
2731,2026-04-17,Bengaluru,Flagship,Merchandise,Tumbler,2,550,1090.43
2732,2026-04-17,Bengaluru,Flagship,Coffee,Cappuccino,3,140,425.99
2733,2026-04-17,Bengaluru,Flagship,Bakery,Muffin,1,70,71.26
2734,2026-04-17,Bengaluru,Flagship,Merchandise,Tumbler,1,550,539.34
2735,2026-04-17,Bengaluru,Kiosk,Coffee,Cappuccino,1,140,143.5
2736,2026-04-17,Bengaluru,Kiosk,Coffee,Espresso,1,120,117.99
2737,2026-04-17,Bengaluru,Kiosk,Coffee,Cappuccino,1,140,140.79
2738,2026-04-17,Bengaluru,Kiosk,Coffee,Cappuccino,1,140,139.5
2739,2026-04-17,Bengaluru,Kiosk,Merchandise,Mug,2,350,690.07
2740,2026-04-17,Bengaluru,Kiosk,Coffee,Cappuccino,1,140,135.95
2741,2026-04-17,Bengaluru,Kiosk,Coffee,Espresso,1,120,122.48
2742,2026-04-17,Bengaluru,Drive-Thru,Coffee,Cappuccino,1,140,141.72
2743,2026-04-17,Bengaluru,Drive-Thru,Bakery,Brownie,1,110,111.71
2744,2026-04-17,Bengaluru,Drive-Thru,Bakery,Muffin,1,70,68.24
2745,2026-04-17,Bengaluru,Drive-Thru,Bakery,Croissant,1,90,89.28
2746,2026-04-17,Bengaluru,Drive-Thru,Bakery,Muffin,1,70,68.87
2747,2026-04-17,Bengaluru,Drive-Thru,Coffee,Filter Coffee,2,60,120.86
2748,2026-04-17,Bengaluru,Drive-Thru,Coffee,Cold Brew,2,180,351.32
2749,2026-04-17,Bengaluru,Drive-Thru,Bakery,Brownie,2,110,223.1
2750,2026-04-17,Bengaluru,Drive-Thru,Coffee,Espresso,1,120,117.94
2751,2026-04-17,Bengaluru,Drive-Thru,Coffee,Filter Coffee,1,60,61.06
2752,2026-04-17,Bengaluru,Drive-Thru,Coffee,Cold Brew,3,180,530.98
2753,2026-04-17,Bengaluru,Drive-Thru,Coffee,Cappuccino,1,140,143.72
2754,2026-04-17,Bengaluru,Drive-Thru,Coffee,Cappuccino,2,140,280.08
2755,2026-04-17,Bengaluru,Drive-Thru,Bakery,Brownie,1,110,112.5
2756,2026-04-17,Bengaluru,Drive-Thru,Merchandise,Coffee Beans Pack,2,450,903.73
2757,2026-04-17,Bengaluru,Drive-Thru,Bakery,Brownie,1,110,110.89
2758,2026-04-17,Hyderabad,Flagship,Coffee,Espresso,1,120,119.23
2759,2026-04-17,Hyderabad,Flagship,Coffee,Filter Coffee,1,60,60.49
2760,2026-04-17,Hyderabad,Flagship,Merchandise,Coffee Beans Pack,1,450,440.09
2761,2026-04-17,Hyderabad,Flagship,Coffee,Cappuccino,1,140,140.08
2762,2026-04-17,Hyderabad,Flagship,Coffee,Espresso,3,120,367.92
2763,2026-04-17,Hyderabad,Flagship,Bakery,Brownie,1,110,107.18
2764,2026-04-17,Hyderabad,Flagship,Bakery,Croissant,1,90,90.51
2765,2026-04-17,Hyderabad,Flagship,Bakery,Brownie,2,110,215.25
2766,2026-04-17,Hyderabad,Flagship,Coffee,Cappuccino,1,140,137.95
2767,2026-04-17,Hyderabad,Flagship,Coffee,Cappuccino,1,140,139.79
2768,2026-04-17,Hyderabad,Flagship,Bakery,Muffin,1,70,67.96
2769,2026-04-17,Hyderabad,Flagship,Coffee,Filter Coffee,1,60,60.16
2770,2026-04-17,Hyderabad,Flagship,Coffee,Cold Brew,3,180,540.58
2771,2026-04-17,Hyderabad,Flagship,Coffee,Espresso,1,120,121.82
2772,2026-04-17,Hyderabad,Flagship,Coffee,Espresso,2,120,238.61
2773,2026-04-17,Hyderabad,Flagship,Coffee,Cappuccino,1,140,143.89
2774,2026-04-17,Hyderabad,Kiosk,Coffee,Cappuccino,3,140,408.76
2775,2026-04-17,Hyderabad,Kiosk,Merchandise,Tumbler,1,550,539.15
2776,2026-04-17,Hyderabad,Kiosk,Bakery,Brownie,1,110,110.4
2777,2026-04-17,Hyderabad,Kiosk,Coffee,Cappuccino,1,140,136.5
2778,2026-04-17,Hyderabad,Kiosk,Coffee,Cold Brew,2,180,369.63
2779,2026-04-17,Hyderabad,Kiosk,Bakery,Muffin,1,70,68.57
2780,2026-04-17,Hyderabad,Kiosk,Merchandise,Mug,2,350,682.47
2781,2026-04-17,Hyderabad,Kiosk,Coffee,Cold Brew,1,180,174.72
2782,2026-04-17,Hyderabad,Kiosk,Coffee,Cold Brew,1,180,185.37
2783,2026-04-17,Hyderabad,Kiosk,Coffee,Espresso,1,120,123.2
2784,2026-04-17,Hyderabad,Drive-Thru,Merchandise,Tumbler,1,550,562.0
2785,2026-04-17,Hyderabad,Drive-Thru,Bakery,Brownie,1,110,112.29
2786,2026-04-17,Hyderabad,Drive-Thru,Coffee,Cappuccino,1,140,138.31
2787,2026-04-17,Hyderabad,Drive-Thru,Bakery,Brownie,2,110,224.45
2788,2026-04-17,Hyderabad,Drive-Thru,Bakery,Brownie,1,110,111.46
2789,2026-04-17,Hyderabad,Drive-Thru,Coffee,Cold Brew,4,180,705.13
2790,2026-04-17,Hyderabad,Drive-Thru,Bakery,Croissant,1,90,87.56
2791,2026-04-17,Hyderabad,Drive-Thru,Bakery,Croissant,2,90,178.52
2792,2026-04-17,Hyderabad,Drive-Thru,Coffee,Filter Coffee,3,60,183.81
2793,2026-04-17,Hyderabad,Drive-Thru,Bakery,Croissant,2,90,180.62
2794,2026-04-18,Coimbatore,Flagship,Coffee,Cold Brew,1,180,185.08
2795,2026-04-18,Coimbatore,Flagship,Bakery,Croissant,2,90,182.62
2796,2026-04-18,Coimbatore,Flagship,Merchandise,Mug,1,350,344.74
2797,2026-04-18,Coimbatore,Flagship,Coffee,Filter Coffee,1,60,59.67
2798,2026-04-18,Coimbatore,Flagship,Merchandise,Coffee Beans Pack,2,450,879.23
2799,2026-04-18,Coimbatore,Flagship,Bakery,Brownie,1,110,113.0
2800,2026-04-18,Coimbatore,Flagship,Bakery,Brownie,1,110,107.22
2801,2026-04-18,Coimbatore,Flagship,Bakery,Brownie,2,110,219.25
2802,2026-04-18,Coimbatore,Flagship,Coffee,Cappuccino,1,140,142.97
2803,2026-04-18,Coimbatore,Flagship,Coffee,Espresso,1,120,117.7
2804,2026-04-18,Coimbatore,Flagship,Bakery,Croissant,1,90,89.42
2805,2026-04-18,Coimbatore,Flagship,Bakery,Brownie,1,110,107.45
2806,2026-04-18,Coimbatore,Flagship,Bakery,Muffin,1,70,72.02
2807,2026-04-18,Coimbatore,Flagship,Bakery,Croissant,2,90,184.55
2808,2026-04-18,Coimbatore,Flagship,Bakery,Brownie,3,110,328.86
2809,2026-04-18,Coimbatore,Flagship,Coffee,Filter Coffee,1,60,60.54
2810,2026-04-18,Coimbatore,Kiosk,Coffee,Cold Brew,3,180,529.73
2811,2026-04-18,Coimbatore,Kiosk,Merchandise,Mug,2,350,679.22
2812,2026-04-18,Coimbatore,Kiosk,Coffee,Cappuccino,1,140,137.73
2813,2026-04-18,Coimbatore,Kiosk,Coffee,Filter Coffee,2,60,122.02
2814,2026-04-18,Coimbatore,Kiosk,Coffee,Espresso,2,120,238.52
2815,2026-04-18,Coimbatore,Kiosk,Coffee,Espresso,1,120,119.71
2816,2026-04-18,Coimbatore,Kiosk,Coffee,Cold Brew,2,180,370.34
2817,2026-04-18,Coimbatore,Kiosk,Bakery,Croissant,1,90,87.81
2818,2026-04-18,Coimbatore,Kiosk,Bakery,Croissant,1,90,89.88
2819,2026-04-18,Coimbatore,Kiosk,Bakery,Croissant,3,90,267.76
2820,2026-04-18,Coimbatore,Drive-Thru,Bakery,Muffin,1,70,68.08
2821,2026-04-18,Coimbatore,Drive-Thru,Coffee,Espresso,2,120,237.46
2822,2026-04-18,Coimbatore,Drive-Thru,Bakery,Croissant,1,90,91.39
2823,2026-04-18,Coimbatore,Drive-Thru,Bakery,Brownie,1,110,108.88
2824,2026-04-18,Coimbatore,Drive-Thru,Coffee,Cappuccino,1,140,138.41
2825,2026-04-18,Coimbatore,Drive-Thru,Coffee,Cold Brew,3,180,539.76
2826,2026-04-18,Coimbatore,Drive-Thru,Coffee,Cappuccino,2,140,275.61
2827,2026-04-18,Coimbatore,Drive-Thru,Bakery,Brownie,2,110,213.49
2828,2026-04-18,Coimbatore,Drive-Thru,Coffee,Filter Coffee,2,60,116.44
2829,2026-04-18,Coimbatore,Drive-Thru,Coffee,Cappuccino,1,140,142.33
2830,2026-04-18,Coimbatore,Drive-Thru,Merchandise,Mug,1,350,360.06
2831,2026-04-18,Coimbatore,Drive-Thru,Merchandise,Mug,3,350,1038.57
2832,2026-04-18,Coimbatore,Drive-Thru,Coffee,Filter Coffee,2,60,118.68
2833,2026-04-18,Coimbatore,Drive-Thru,Bakery,Brownie,1,110,112.21
2834,2026-04-18,Chennai,Flagship,Bakery,Brownie,2,110,220.52
2835,2026-04-18,Chennai,Flagship,Merchandise,Coffee Beans Pack,3,450,1388.71
2836,2026-04-18,Chennai,Flagship,Bakery,Croissant,1,90,87.42
2837,2026-04-18,Chennai,Flagship,Merchandise,Coffee Beans Pack,2,450,925.39
2838,2026-04-18,Chennai,Flagship,Coffee,Espresso,2,120,246.87
2839,2026-04-18,Chennai,Flagship,Coffee,Filter Coffee,3,60,185.37
2840,2026-04-18,Chennai,Flagship,Bakery,Muffin,1,70,69.47
2841,2026-04-18,Chennai,Flagship,Coffee,Cappuccino,1,140,142.06
2842,2026-04-18,Chennai,Flagship,Coffee,Espresso,3,120,351.38
2843,2026-04-18,Chennai,Flagship,Coffee,Cappuccino,2,140,284.78
2844,2026-04-18,Chennai,Flagship,Bakery,Brownie,1,110,109.88
2845,2026-04-18,Chennai,Flagship,Coffee,Espresso,2,120,237.09
2846,2026-04-18,Chennai,Flagship,Coffee,Cappuccino,1,140,143.44
2847,2026-04-18,Chennai,Flagship,Coffee,Cold Brew,3,180,525.31
2848,2026-04-18,Chennai,Flagship,Bakery,Brownie,1,110,111.63
2849,2026-04-18,Chennai,Flagship,Coffee,Cold Brew,2,180,349.7
2850,2026-04-18,Chennai,Flagship,Bakery,Muffin,1,70,71.37
2851,2026-04-18,Chennai,Flagship,Coffee,Espresso,1,120,119.1
2852,2026-04-18,Chennai,Flagship,Coffee,Cappuccino,2,140,275.6
2853,2026-04-18,Chennai,Flagship,Coffee,Filter Coffee,3,60,182.89
2854,2026-04-18,Chennai,Flagship,Coffee,Filter Coffee,1,60,58.57
2855,2026-04-18,Chennai,Flagship,Bakery,Muffin,1,70,69.08
2856,2026-04-18,Chennai,Flagship,Bakery,Croissant,1,90,88.62
2857,2026-04-18,Chennai,Flagship,Bakery,Croissant,1,90,88.14
2858,2026-04-18,Chennai,Flagship,Coffee,Espresso,1,120,123.6
2859,2026-04-18,Chennai,Flagship,Coffee,Cold Brew,3,180,524.31
2860,2026-04-18,Chennai,Kiosk,Coffee,Cappuccino,2,140,287.93
2861,2026-04-18,Chennai,Kiosk,Coffee,Filter Coffee,1,60,60.55
2862,2026-04-18,Chennai,Kiosk,Bakery,Croissant,2,90,175.72
2863,2026-04-18,Chennai,Kiosk,Coffee,Cold Brew,2,180,368.53
2864,2026-04-18,Chennai,Kiosk,Coffee,Espresso,1,120,116.95
2865,2026-04-18,Chennai,Kiosk,Coffee,Espresso,1,120,123.24
2866,2026-04-18,Chennai,Kiosk,Merchandise,Coffee Beans Pack,3,450,1377.83
2867,2026-04-18,Chennai,Kiosk,Coffee,Filter Coffee,1,60,61.04
2868,2026-04-18,Chennai,Kiosk,Coffee,Filter Coffee,2,60,122.68
2869,2026-04-18,Chennai,Kiosk,Merchandise,Coffee Beans Pack,1,450,451.06
2870,2026-04-18,Chennai,Kiosk,Coffee,Cold Brew,4,180,724.17
2871,2026-04-18,Chennai,Kiosk,Coffee,Cappuccino,2,140,282.4
2872,2026-04-18,Chennai,Drive-Thru,Coffee,Cold Brew,1,180,184.03
2873,2026-04-18,Chennai,Drive-Thru,Coffee,Filter Coffee,1,60,59.11
2874,2026-04-18,Chennai,Drive-Thru,Bakery,Brownie,1,110,109.39
2875,2026-04-18,Chennai,Drive-Thru,Bakery,Croissant,1,90,88.11
2876,2026-04-18,Chennai,Drive-Thru,Coffee,Espresso,1,120,116.72
2877,2026-04-18,Chennai,Drive-Thru,Bakery,Brownie,1,110,110.39
2878,2026-04-18,Chennai,Drive-Thru,Merchandise,Mug,1,350,341.41
2879,2026-04-18,Chennai,Drive-Thru,Coffee,Cappuccino,1,140,136.05
2880,2026-04-18,Chennai,Drive-Thru,Coffee,Filter Coffee,2,60,123.36
2881,2026-04-18,Chennai,Drive-Thru,Merchandise,Mug,1,350,358.08
2882,2026-04-18,Chennai,Drive-Thru,Bakery,Muffin,1,70,70.32
2883,2026-04-18,Chennai,Drive-Thru,Coffee,Cappuccino,1,140,143.74
2884,2026-04-18,Chennai,Drive-Thru,Coffee,Espresso,1,120,122.55
2885,2026-04-18,Chennai,Drive-Thru,Coffee,Filter Coffee,2,60,120.84
2886,2026-04-18,Chennai,Drive-Thru,Coffee,Cappuccino,1,140,138.27
2887,2026-04-18,Bengaluru,Flagship,Coffee,Espresso,1,120,120.21
2888,2026-04-18,Bengaluru,Flagship,Bakery,Muffin,2,70,141.06
2889,2026-04-18,Bengaluru,Flagship,Merchandise,Mug,1,350,353.89
2890,2026-04-18,Bengaluru,Flagship,Coffee,Cappuccino,3,140,417.69
2891,2026-04-18,Bengaluru,Flagship,Coffee,Filter Coffee,1,60,59.57
2892,2026-04-18,Bengaluru,Flagship,Bakery,Croissant,1,90,89.92
2893,2026-04-18,Bengaluru,Flagship,Coffee,Filter Coffee,1,60,58.89
2894,2026-04-18,Bengaluru,Flagship,Bakery,Croissant,1,90,91.82
2895,2026-04-18,Bengaluru,Flagship,Merchandise,Tumbler,1,550,545.77
2896,2026-04-18,Bengaluru,Flagship,Bakery,Brownie,3,110,326.09
2897,2026-04-18,Bengaluru,Flagship,Merchandise,Tumbler,2,550,1107.01
2898,2026-04-18,Bengaluru,Flagship,Coffee,Cappuccino,1,140,137.44
2899,2026-04-18,Bengaluru,Flagship,Coffee,Cappuccino,1,140,138.33
2900,2026-04-18,Bengaluru,Flagship,Bakery,Muffin,2,70,141.15
2901,2026-04-18,Bengaluru,Flagship,Bakery,Croissant,1,90,88.46
2902,2026-04-18,Bengaluru,Flagship,Merchandise,Coffee Beans Pack,1,450,459.94
2903,2026-04-18,Bengaluru,Flagship,Coffee,Espresso,1,120,123.36
2904,2026-04-18,Bengaluru,Flagship,Coffee,Cappuccino,1,140,139.36
2905,2026-04-18,Bengaluru,Flagship,Coffee,Filter Coffee,2,60,121.62
2906,2026-04-18,Bengaluru,Flagship,Bakery,Brownie,2,110,223.92
2907,2026-04-18,Bengaluru,Flagship,Merchandise,Tumbler,2,550,1106.3
2908,2026-04-18,Bengaluru,Flagship,Coffee,Filter Coffee,2,60,116.87
2909,2026-04-18,Bengaluru,Flagship,Coffee,Cold Brew,4,180,732.95
2910,2026-04-18,Bengaluru,Flagship,Coffee,Cappuccino,3,140,424.19
2911,2026-04-18,Bengaluru,Flagship,Coffee,Filter Coffee,1,60,60.07
2912,2026-04-18,Bengaluru,Flagship,Coffee,Cold Brew,4,180,716.73
2913,2026-04-18,Bengaluru,Flagship,Bakery,Brownie,3,110,331.13
2914,2026-04-18,Bengaluru,Flagship,Bakery,Muffin,1,70,71.84
2915,2026-04-18,Bengaluru,Flagship,Coffee,Espresso,3,120,359.35
2916,2026-04-18,Bengaluru,Kiosk,Merchandise,Coffee Beans Pack,1,450,445.63
2917,2026-04-18,Bengaluru,Kiosk,Bakery,Muffin,2,70,140.02
2918,2026-04-18,Bengaluru,Kiosk,Coffee,Espresso,2,120,237.94
2919,2026-04-18,Bengaluru,Kiosk,Coffee,Cappuccino,3,140,417.21
2920,2026-04-18,Bengaluru,Kiosk,Coffee,Espresso,2,120,240.24
2921,2026-04-18,Bengaluru,Kiosk,Coffee,Filter Coffee,1,60,58.26
2922,2026-04-18,Bengaluru,Kiosk,Bakery,Muffin,2,70,139.04
2923,2026-04-18,Bengaluru,Kiosk,Bakery,Muffin,1,70,68.19
2924,2026-04-18,Bengaluru,Kiosk,Bakery,Croissant,2,90,181.31
2925,2026-04-18,Bengaluru,Kiosk,Merchandise,Coffee Beans Pack,1,450,442.31
2926,2026-04-18,Bengaluru,Kiosk,Bakery,Brownie,1,110,113.21
2927,2026-04-18,Bengaluru,Kiosk,Coffee,Espresso,1,120,123.5
2928,2026-04-18,Bengaluru,Kiosk,Merchandise,Tumbler,1,550,554.62
2929,2026-04-18,Bengaluru,Kiosk,Coffee,Cappuccino,1,140,139.39
2930,2026-04-18,Bengaluru,Kiosk,Coffee,Espresso,1,120,117.0
2931,2026-04-18,Bengaluru,Kiosk,Bakery,Croissant,1,90,92.01
2932,2026-04-18,Bengaluru,Kiosk,Coffee,Espresso,1,120,116.77
2933,2026-04-18,Bengaluru,Drive-Thru,Merchandise,Mug,1,350,345.22
2934,2026-04-18,Bengaluru,Drive-Thru,Coffee,Filter Coffee,2,60,118.54
2935,2026-04-18,Bengaluru,Drive-Thru,Bakery,Brownie,1,110,110.67
2936,2026-04-18,Bengaluru,Drive-Thru,Coffee,Espresso,2,120,240.47
2937,2026-04-18,Bengaluru,Drive-Thru,Coffee,Filter Coffee,2,60,123.28
2938,2026-04-18,Bengaluru,Drive-Thru,Bakery,Brownie,1,110,110.38
2939,2026-04-18,Bengaluru,Drive-Thru,Coffee,Filter Coffee,2,60,118.17
2940,2026-04-18,Bengaluru,Drive-Thru,Bakery,Croissant,2,90,178.91
2941,2026-04-18,Bengaluru,Drive-Thru,Merchandise,Tumbler,1,550,546.44
2942,2026-04-18,Bengaluru,Drive-Thru,Coffee,Cappuccino,1,140,138.58
2943,2026-04-18,Bengaluru,Drive-Thru,Bakery,Croissant,1,90,91.98
2944,2026-04-18,Bengaluru,Drive-Thru,Coffee,Cappuccino,1,140,141.16
2945,2026-04-18,Bengaluru,Drive-Thru,Coffee,Espresso,1,120,118.99
2946,2026-04-18,Bengaluru,Drive-Thru,Coffee,Filter Coffee,1,60,58.38
2947,2026-04-18,Bengaluru,Drive-Thru,Coffee,Cold Brew,1,180,175.85
2948,2026-04-18,Hyderabad,Flagship,Coffee,Cappuccino,2,140,272.57
2949,2026-04-18,Hyderabad,Flagship,Coffee,Cappuccino,1,140,142.22
2950,2026-04-18,Hyderabad,Flagship,Merchandise,Tumbler,1,550,548.58
2951,2026-04-18,Hyderabad,Flagship,Coffee,Cold Brew,2,180,362.31
2952,2026-04-18,Hyderabad,Flagship,Merchandise,Mug,1,350,348.51
2953,2026-04-18,Hyderabad,Flagship,Bakery,Muffin,3,70,210.28
2954,2026-04-18,Hyderabad,Flagship,Merchandise,Mug,1,350,345.12
2955,2026-04-18,Hyderabad,Flagship,Merchandise,Coffee Beans Pack,1,450,447.22
2956,2026-04-18,Hyderabad,Flagship,Coffee,Espresso,1,120,122.96
2957,2026-04-18,Hyderabad,Flagship,Coffee,Cold Brew,1,180,176.15
2958,2026-04-18,Hyderabad,Flagship,Bakery,Croissant,2,90,179.15
2959,2026-04-18,Hyderabad,Flagship,Coffee,Cold Brew,3,180,548.43
2960,2026-04-18,Hyderabad,Flagship,Coffee,Cold Brew,2,180,349.33
2961,2026-04-18,Hyderabad,Flagship,Coffee,Espresso,2,120,244.43
2962,2026-04-18,Hyderabad,Flagship,Coffee,Cold Brew,2,180,366.18
2963,2026-04-18,Hyderabad,Flagship,Coffee,Cold Brew,2,180,365.48
2964,2026-04-18,Hyderabad,Flagship,Merchandise,Mug,2,350,708.45
2965,2026-04-18,Hyderabad,Flagship,Coffee,Cappuccino,3,140,417.92
2966,2026-04-18,Hyderabad,Flagship,Coffee,Cold Brew,2,180,363.89
2967,2026-04-18,Hyderabad,Flagship,Coffee,Cold Brew,3,180,554.76
2968,2026-04-18,Hyderabad,Kiosk,Coffee,Espresso,2,120,237.54
2969,2026-04-18,Hyderabad,Kiosk,Merchandise,Mug,1,350,359.84
2970,2026-04-18,Hyderabad,Kiosk,Merchandise,Tumbler,2,550,1077.69
2971,2026-04-18,Hyderabad,Kiosk,Bakery,Brownie,2,110,215.61
2972,2026-04-18,Hyderabad,Kiosk,Bakery,Muffin,2,70,141.66
2973,2026-04-18,Hyderabad,Kiosk,Coffee,Espresso,2,120,242.17
2974,2026-04-18,Hyderabad,Kiosk,Bakery,Muffin,1,70,68.44
2975,2026-04-18,Hyderabad,Kiosk,Coffee,Espresso,2,120,237.82
2976,2026-04-18,Hyderabad,Kiosk,Bakery,Croissant,1,90,87.34
2977,2026-04-18,Hyderabad,Kiosk,Merchandise,Coffee Beans Pack,1,450,439.18
2978,2026-04-18,Hyderabad,Kiosk,Bakery,Croissant,1,90,87.37
2979,2026-04-18,Hyderabad,Kiosk,Coffee,Cold Brew,2,180,352.2
2980,2026-04-18,Hyderabad,Kiosk,Merchandise,Mug,1,350,347.34
2981,2026-04-18,Hyderabad,Drive-Thru,Coffee,Espresso,1,120,120.08
2982,2026-04-18,Hyderabad,Drive-Thru,Coffee,Espresso,1,120,123.51
2983,2026-04-18,Hyderabad,Drive-Thru,Coffee,Espresso,1,120,117.13
2984,2026-04-18,Hyderabad,Drive-Thru,Bakery,Muffin,1,70,71.16
2985,2026-04-18,Hyderabad,Drive-Thru,Coffee,Cold Brew,1,180,182.04
2986,2026-04-18,Hyderabad,Drive-Thru,Coffee,Cold Brew,3,180,551.43
2987,2026-04-18,Hyderabad,Drive-Thru,Coffee,Filter Coffee,1,60,58.99
2988,2026-04-18,Hyderabad,Drive-Thru,Coffee,Cappuccino,2,140,287.58
2989,2026-04-18,Hyderabad,Drive-Thru,Bakery,Muffin,1,70,68.21
2990,2026-04-18,Hyderabad,Drive-Thru,Bakery,Croissant,1,90,87.57
2991,2026-04-18,Hyderabad,Drive-Thru,Coffee,Cold Brew,1,180,176.4
2992,2026-04-18,Hyderabad,Drive-Thru,Coffee,Filter Coffee,1,60,59.37
2993,2026-04-18,Hyderabad,Drive-Thru,Bakery,Croissant,1,90,91.05
2994,2026-04-18,Hyderabad,Drive-Thru,Merchandise,Coffee Beans Pack,1,450,447.21
2995,2026-04-19,Coimbatore,Flagship,Coffee,Espresso,1,120,118.46
2996,2026-04-19,Coimbatore,Flagship,Coffee,Filter Coffee,1,60,60.04
2997,2026-04-19,Coimbatore,Flagship,Bakery,Muffin,2,70,139.3
2998,2026-04-19,Coimbatore,Flagship,Coffee,Filter Coffee,2,60,120.84
2999,2026-04-19,Coimbatore,Flagship,Coffee,Espresso,1,120,123.43
3000,2026-04-19,Coimbatore,Flagship,Coffee,Cold Brew,4,180,733.27
3001,2026-04-19,Coimbatore,Flagship,Bakery,Croissant,1,90,89.19
3002,2026-04-19,Coimbatore,Flagship,Bakery,Croissant,1,90,87.49
3003,2026-04-19,Coimbatore,Flagship,Bakery,Croissant,1,90,91.36
3004,2026-04-19,Coimbatore,Flagship,Coffee,Filter Coffee,1,60,59.74
3005,2026-04-19,Coimbatore,Flagship,Bakery,Croissant,2,90,176.07
3006,2026-04-19,Coimbatore,Flagship,Bakery,Muffin,1,70,69.46
3007,2026-04-19,Coimbatore,Flagship,Bakery,Muffin,1,70,69.37
3008,2026-04-19,Coimbatore,Flagship,Coffee,Filter Coffee,1,60,58.6
3009,2026-04-19,Coimbatore,Flagship,Bakery,Muffin,1,70,71.34
3010,2026-04-19,Coimbatore,Flagship,Coffee,Cappuccino,1,140,142.57
3011,2026-04-19,Coimbatore,Flagship,Merchandise,Tumbler,3,550,1621.13
3012,2026-04-19,Coimbatore,Flagship,Coffee,Filter Coffee,2,60,118.33
3013,2026-04-19,Coimbatore,Flagship,Coffee,Cold Brew,1,180,183.63
3014,2026-04-19,Coimbatore,Flagship,Coffee,Cappuccino,1,140,138.83
3015,2026-04-19,Coimbatore,Kiosk,Bakery,Muffin,2,70,143.95
3016,2026-04-19,Coimbatore,Kiosk,Merchandise,Mug,1,350,343.07
3017,2026-04-19,Coimbatore,Kiosk,Coffee,Cappuccino,2,140,274.96
3018,2026-04-19,Coimbatore,Kiosk,Coffee,Cappuccino,1,140,137.92
3019,2026-04-19,Coimbatore,Kiosk,Coffee,Cold Brew,2,180,366.1
3020,2026-04-19,Coimbatore,Kiosk,Bakery,Muffin,1,70,68.68
3021,2026-04-19,Coimbatore,Kiosk,Coffee,Cappuccino,1,140,137.72
3022,2026-04-19,Coimbatore,Drive-Thru,Merchandise,Tumbler,3,550,1645.96
3023,2026-04-19,Coimbatore,Drive-Thru,Merchandise,Coffee Beans Pack,1,450,451.56
3024,2026-04-19,Coimbatore,Drive-Thru,Bakery,Croissant,2,90,178.77
3025,2026-04-19,Coimbatore,Drive-Thru,Bakery,Brownie,2,110,219.18
3026,2026-04-19,Coimbatore,Drive-Thru,Coffee,Espresso,1,120,123.43
3027,2026-04-19,Coimbatore,Drive-Thru,Coffee,Cappuccino,1,140,137.76
3028,2026-04-19,Coimbatore,Drive-Thru,Coffee,Cold Brew,3,180,525.21
3029,2026-04-19,Coimbatore,Drive-Thru,Coffee,Filter Coffee,1,60,58.38
3030,2026-04-19,Coimbatore,Drive-Thru,Bakery,Croissant,1,90,91.46
3031,2026-04-19,Coimbatore,Drive-Thru,Coffee,Filter Coffee,2,60,120.93
3032,2026-04-19,Coimbatore,Drive-Thru,Coffee,Cappuccino,1,140,143.01
3033,2026-04-19,Coimbatore,Drive-Thru,Bakery,Croissant,2,90,182.77
3034,2026-04-19,Coimbatore,Drive-Thru,Coffee,Cappuccino,1,140,138.14
3035,2026-04-19,Coimbatore,Drive-Thru,Bakery,Brownie,1,110,112.37
3036,2026-04-19,Coimbatore,Drive-Thru,Coffee,Filter Coffee,1,60,60.83
3037,2026-04-19,Coimbatore,Drive-Thru,Coffee,Cold Brew,2,180,356.97
3038,2026-04-19,Coimbatore,Drive-Thru,Coffee,Cappuccino,1,140,136.05
3039,2026-04-19,Coimbatore,Drive-Thru,Bakery,Muffin,2,70,136.39
3040,2026-04-19,Chennai,Flagship,Bakery,Croissant,1,90,88.88
3041,2026-04-19,Chennai,Flagship,Coffee,Filter Coffee,2,60,116.51
3042,2026-04-19,Chennai,Flagship,Coffee,Filter Coffee,1,60,61.75
3043,2026-04-19,Chennai,Flagship,Coffee,Cold Brew,4,180,731.92
3044,2026-04-19,Chennai,Flagship,Merchandise,Coffee Beans Pack,1,450,451.56
3045,2026-04-19,Chennai,Flagship,Bakery,Croissant,1,90,88.46
3046,2026-04-19,Chennai,Flagship,Bakery,Brownie,1,110,108.15
3047,2026-04-19,Chennai,Flagship,Coffee,Cappuccino,1,140,141.15
3048,2026-04-19,Chennai,Flagship,Coffee,Cappuccino,1,140,138.59
3049,2026-04-19,Chennai,Flagship,Coffee,Cold Brew,3,180,537.04
3050,2026-04-19,Chennai,Flagship,Bakery,Croissant,3,90,271.72
3051,2026-04-19,Chennai,Flagship,Coffee,Cold Brew,2,180,369.94
3052,2026-04-19,Chennai,Flagship,Coffee,Cappuccino,1,140,143.67
3053,2026-04-19,Chennai,Flagship,Bakery,Brownie,2,110,217.55
3054,2026-04-19,Chennai,Flagship,Coffee,Espresso,2,120,239.31
3055,2026-04-19,Chennai,Flagship,Coffee,Filter Coffee,1,60,58.87
3056,2026-04-19,Chennai,Flagship,Coffee,Cappuccino,2,140,283.85
3057,2026-04-19,Chennai,Kiosk,Bakery,Muffin,1,70,68.59
3058,2026-04-19,Chennai,Kiosk,Coffee,Cold Brew,2,180,350.43
3059,2026-04-19,Chennai,Kiosk,Merchandise,Tumbler,1,550,538.91
3060,2026-04-19,Chennai,Kiosk,Merchandise,Mug,1,350,348.72
3061,2026-04-19,Chennai,Kiosk,Bakery,Brownie,3,110,338.73
3062,2026-04-19,Chennai,Kiosk,Bakery,Brownie,1,110,112.97
3063,2026-04-19,Chennai,Kiosk,Coffee,Cold Brew,3,180,547.05
3064,2026-04-19,Chennai,Kiosk,Merchandise,Coffee Beans Pack,2,450,915.86
3065,2026-04-19,Chennai,Kiosk,Merchandise,Mug,1,350,339.91
3066,2026-04-19,Chennai,Kiosk,Coffee,Cold Brew,3,180,533.15
3067,2026-04-19,Chennai,Kiosk,Bakery,Brownie,2,110,218.0
3068,2026-04-19,Chennai,Kiosk,Coffee,Espresso,3,120,368.66
3069,2026-04-19,Chennai,Kiosk,Coffee,Cappuccino,1,140,140.59
3070,2026-04-19,Chennai,Kiosk,Coffee,Filter Coffee,2,60,121.69
3071,2026-04-19,Chennai,Kiosk,Merchandise,Tumbler,2,550,1105.84
3072,2026-04-19,Chennai,Drive-Thru,Coffee,Espresso,1,120,120.95
3073,2026-04-19,Chennai,Drive-Thru,Bakery,Muffin,1,70,68.64
3074,2026-04-19,Chennai,Drive-Thru,Merchandise,Coffee Beans Pack,1,450,453.68
3075,2026-04-19,Chennai,Drive-Thru,Coffee,Espresso,1,120,121.04
3076,2026-04-19,Chennai,Drive-Thru,Coffee,Cold Brew,2,180,367.98
3077,2026-04-19,Chennai,Drive-Thru,Coffee,Cappuccino,1,140,142.99
3078,2026-04-19,Chennai,Drive-Thru,Bakery,Brownie,1,110,113.01
3079,2026-04-19,Chennai,Drive-Thru,Coffee,Cold Brew,1,180,184.99
3080,2026-04-19,Chennai,Drive-Thru,Merchandise,Tumbler,1,550,541.15
3081,2026-04-19,Chennai,Drive-Thru,Merchandise,Tumbler,1,550,562.58
3082,2026-04-19,Chennai,Drive-Thru,Merchandise,Tumbler,1,550,556.03
3083,2026-04-19,Chennai,Drive-Thru,Bakery,Muffin,2,70,135.9
3084,2026-04-19,Chennai,Drive-Thru,Coffee,Cappuccino,1,140,142.12
3085,2026-04-19,Chennai,Drive-Thru,Bakery,Muffin,2,70,140.64
3086,2026-04-19,Chennai,Drive-Thru,Coffee,Filter Coffee,1,60,58.78
3087,2026-04-19,Chennai,Drive-Thru,Coffee,Espresso,1,120,123.4
3088,2026-04-19,Chennai,Drive-Thru,Merchandise,Tumbler,1,550,539.0
3089,2026-04-19,Chennai,Drive-Thru,Coffee,Cappuccino,1,140,137.52
3090,2026-04-19,Chennai,Drive-Thru,Coffee,Filter Coffee,1,60,59.73
3091,2026-04-19,Chennai,Drive-Thru,Merchandise,Coffee Beans Pack,2,450,876.94
3092,2026-04-19,Bengaluru,Flagship,Coffee,Cappuccino,1,140,141.8
3093,2026-04-19,Bengaluru,Flagship,Coffee,Filter Coffee,2,60,118.4
3094,2026-04-19,Bengaluru,Flagship,Coffee,Cappuccino,1,140,136.28
3095,2026-04-19,Bengaluru,Flagship,Coffee,Filter Coffee,1,60,58.55
3096,2026-04-19,Bengaluru,Flagship,Coffee,Cold Brew,1,180,180.48
3097,2026-04-19,Bengaluru,Flagship,Merchandise,Coffee Beans Pack,1,450,459.68
3098,2026-04-19,Bengaluru,Flagship,Bakery,Muffin,1,70,68.75
3099,2026-04-19,Bengaluru,Flagship,Coffee,Espresso,2,120,246.71
3100,2026-04-19,Bengaluru,Flagship,Coffee,Cappuccino,1,140,138.62
3101,2026-04-19,Bengaluru,Flagship,Merchandise,Tumbler,2,550,1076.67
3102,2026-04-19,Bengaluru,Flagship,Merchandise,Coffee Beans Pack,1,450,436.98
3103,2026-04-19,Bengaluru,Flagship,Coffee,Cappuccino,1,140,142.86
3104,2026-04-19,Bengaluru,Flagship,Bakery,Brownie,1,110,112.85
3105,2026-04-19,Bengaluru,Flagship,Bakery,Croissant,1,90,91.85
3106,2026-04-19,Bengaluru,Flagship,Coffee,Filter Coffee,2,60,117.48
3107,2026-04-19,Bengaluru,Flagship,Bakery,Brownie,1,110,107.72
3108,2026-04-19,Bengaluru,Flagship,Coffee,Espresso,1,120,120.48
3109,2026-04-19,Bengaluru,Flagship,Bakery,Muffin,1,70,70.63
3110,2026-04-19,Bengaluru,Flagship,Coffee,Filter Coffee,2,60,123.17
3111,2026-04-19,Bengaluru,Flagship,Coffee,Cappuccino,1,140,141.5
3112,2026-04-19,Bengaluru,Flagship,Merchandise,Tumbler,1,550,542.05
3113,2026-04-19,Bengaluru,Flagship,Bakery,Muffin,1,70,70.97
3114,2026-04-19,Bengaluru,Flagship,Coffee,Espresso,1,120,117.15
3115,2026-04-19,Bengaluru,Flagship,Bakery,Muffin,1,70,68.3
3116,2026-04-19,Bengaluru,Flagship,Merchandise,Mug,2,350,706.27
3117,2026-04-19,Bengaluru,Flagship,Coffee,Espresso,2,120,243.03
3118,2026-04-19,Bengaluru,Flagship,Merchandise,Coffee Beans Pack,2,450,916.34
3119,2026-04-19,Bengaluru,Flagship,Coffee,Filter Coffee,1,60,59.34
3120,2026-04-19,Bengaluru,Flagship,Merchandise,Tumbler,2,550,1098.29
3121,2026-04-19,Bengaluru,Kiosk,Merchandise,Coffee Beans Pack,1,450,444.41
3122,2026-04-19,Bengaluru,Kiosk,Bakery,Muffin,1,70,69.28
3123,2026-04-19,Bengaluru,Kiosk,Coffee,Espresso,2,120,242.5
3124,2026-04-19,Bengaluru,Kiosk,Bakery,Muffin,2,70,138.25
3125,2026-04-19,Bengaluru,Kiosk,Coffee,Cold Brew,2,180,355.69
3126,2026-04-19,Bengaluru,Kiosk,Merchandise,Mug,2,350,694.72
3127,2026-04-19,Bengaluru,Kiosk,Coffee,Cappuccino,1,140,136.94
3128,2026-04-19,Bengaluru,Kiosk,Bakery,Muffin,2,70,138.07
3129,2026-04-19,Bengaluru,Kiosk,Bakery,Muffin,1,70,69.92
3130,2026-04-19,Bengaluru,Kiosk,Bakery,Muffin,1,70,71.44
3131,2026-04-19,Bengaluru,Kiosk,Merchandise,Coffee Beans Pack,2,450,906.52
3132,2026-04-19,Bengaluru,Kiosk,Coffee,Cold Brew,2,180,360.43
3133,2026-04-19,Bengaluru,Kiosk,Merchandise,Tumbler,3,550,1686.68
3134,2026-04-19,Bengaluru,Kiosk,Coffee,Cappuccino,1,140,143.01
3135,2026-04-19,Bengaluru,Kiosk,Bakery,Brownie,2,110,222.27
3136,2026-04-19,Bengaluru,Drive-Thru,Bakery,Muffin,3,70,212.71
3137,2026-04-19,Bengaluru,Drive-Thru,Coffee,Filter Coffee,1,60,60.78
3138,2026-04-19,Bengaluru,Drive-Thru,Coffee,Espresso,2,120,241.21
3139,2026-04-19,Bengaluru,Drive-Thru,Coffee,Filter Coffee,1,60,58.9
3140,2026-04-19,Bengaluru,Drive-Thru,Merchandise,Coffee Beans Pack,1,450,444.38
3141,2026-04-19,Bengaluru,Drive-Thru,Bakery,Croissant,3,90,265.4
3142,2026-04-19,Bengaluru,Drive-Thru,Coffee,Filter Coffee,1,60,59.21
3143,2026-04-19,Bengaluru,Drive-Thru,Coffee,Filter Coffee,1,60,60.85
3144,2026-04-19,Bengaluru,Drive-Thru,Coffee,Cappuccino,1,140,141.39
3145,2026-04-19,Bengaluru,Drive-Thru,Merchandise,Mug,2,350,689.0
3146,2026-04-19,Bengaluru,Drive-Thru,Coffee,Cappuccino,1,140,135.85
3147,2026-04-19,Bengaluru,Drive-Thru,Bakery,Muffin,1,70,69.88
3148,2026-04-19,Bengaluru,Drive-Thru,Coffee,Filter Coffee,1,60,61.77
3149,2026-04-19,Bengaluru,Drive-Thru,Coffee,Filter Coffee,1,60,60.99
3150,2026-04-19,Bengaluru,Drive-Thru,Coffee,Cappuccino,1,140,139.13
3151,2026-04-19,Bengaluru,Drive-Thru,Bakery,Brownie,1,110,107.96
3152,2026-04-19,Bengaluru,Drive-Thru,Bakery,Croissant,2,90,182.43
3153,2026-04-19,Bengaluru,Drive-Thru,Merchandise,Mug,1,350,344.88
3154,2026-04-19,Bengaluru,Drive-Thru,Merchandise,Coffee Beans Pack,1,450,452.76
3155,2026-04-19,Bengaluru,Drive-Thru,Coffee,Espresso,2,120,239.76
3156,2026-04-19,Bengaluru,Drive-Thru,Bakery,Muffin,3,70,213.34
3157,2026-04-19,Hyderabad,Flagship,Coffee,Cold Brew,3,180,556.15
3158,2026-04-19,Hyderabad,Flagship,Bakery,Croissant,3,90,277.38
3159,2026-04-19,Hyderabad,Flagship,Coffee,Cold Brew,3,180,535.44
3160,2026-04-19,Hyderabad,Flagship,Merchandise,Tumbler,1,550,547.89
3161,2026-04-19,Hyderabad,Flagship,Coffee,Espresso,2,120,237.15
3162,2026-04-19,Hyderabad,Flagship,Coffee,Filter Coffee,2,60,123.41
3163,2026-04-19,Hyderabad,Flagship,Coffee,Filter Coffee,1,60,61.27
3164,2026-04-19,Hyderabad,Flagship,Coffee,Cappuccino,2,140,286.11
3165,2026-04-19,Hyderabad,Flagship,Coffee,Cold Brew,1,180,176.26
3166,2026-04-19,Hyderabad,Flagship,Coffee,Filter Coffee,1,60,61.55
3167,2026-04-19,Hyderabad,Flagship,Coffee,Cold Brew,2,180,349.31
3168,2026-04-19,Hyderabad,Flagship,Bakery,Muffin,1,70,71.9
3169,2026-04-19,Hyderabad,Flagship,Coffee,Filter Coffee,1,60,61.76
3170,2026-04-19,Hyderabad,Flagship,Coffee,Espresso,2,120,244.66
3171,2026-04-19,Hyderabad,Flagship,Bakery,Muffin,2,70,139.83
3172,2026-04-19,Hyderabad,Flagship,Coffee,Filter Coffee,1,60,61.15
3173,2026-04-19,Hyderabad,Flagship,Merchandise,Tumbler,1,550,539.13
3174,2026-04-19,Hyderabad,Flagship,Bakery,Muffin,1,70,70.02
3175,2026-04-19,Hyderabad,Kiosk,Coffee,Espresso,1,120,117.12
3176,2026-04-19,Hyderabad,Kiosk,Coffee,Espresso,2,120,244.96
3177,2026-04-19,Hyderabad,Kiosk,Bakery,Croissant,2,90,185.26
3178,2026-04-19,Hyderabad,Kiosk,Coffee,Cappuccino,2,140,279.3
3179,2026-04-19,Hyderabad,Kiosk,Bakery,Croissant,1,90,87.68
3180,2026-04-19,Hyderabad,Kiosk,Bakery,Croissant,1,90,88.45
3181,2026-04-19,Hyderabad,Kiosk,Bakery,Brownie,1,110,108.11
3182,2026-04-19,Hyderabad,Kiosk,Coffee,Espresso,1,120,117.62
3183,2026-04-19,Hyderabad,Kiosk,Bakery,Muffin,1,70,69.22
3184,2026-04-19,Hyderabad,Kiosk,Coffee,Espresso,1,120,118.31
3185,2026-04-19,Hyderabad,Kiosk,Coffee,Cappuccino,1,140,140.69
3186,2026-04-19,Hyderabad,Drive-Thru,Coffee,Espresso,1,120,122.49
3187,2026-04-19,Hyderabad,Drive-Thru,Coffee,Filter Coffee,3,60,178.93
3188,2026-04-19,Hyderabad,Drive-Thru,Bakery,Brownie,1,110,107.75
3189,2026-04-19,Hyderabad,Drive-Thru,Coffee,Cappuccino,2,140,280.65
3190,2026-04-19,Hyderabad,Drive-Thru,Bakery,Muffin,1,70,67.97
3191,2026-04-19,Hyderabad,Drive-Thru,Merchandise,Coffee Beans Pack,2,450,917.53
3192,2026-04-19,Hyderabad,Drive-Thru,Coffee,Filter Coffee,1,60,59.39
3193,2026-04-19,Hyderabad,Drive-Thru,Coffee,Cold Brew,2,180,366.61
3194,2026-04-19,Hyderabad,Drive-Thru,Coffee,Filter Coffee,1,60,59.87
3195,2026-04-19,Hyderabad,Drive-Thru,Coffee,Filter Coffee,1,60,60.52
3196,2026-04-19,Hyderabad,Drive-Thru,Bakery,Croissant,1,90,89.57
3197,2026-04-19,Hyderabad,Drive-Thru,Coffee,Cappuccino,1,140,136.97
3198,2026-04-19,Hyderabad,Drive-Thru,Coffee,Cold Brew,3,180,552.45
3199,2026-04-20,Coimbatore,Flagship,Coffee,Espresso,1,120,121.94
3200,2026-04-20,Coimbatore,Flagship,Bakery,Muffin,2,70,142.47
3201,2026-04-20,Coimbatore,Flagship,Coffee,Filter Coffee,2,60,122.81
3202,2026-04-20,Coimbatore,Flagship,Bakery,Croissant,2,90,178.77
3203,2026-04-20,Coimbatore,Flagship,Coffee,Espresso,2,120,246.0
3204,2026-04-20,Coimbatore,Flagship,Coffee,Cappuccino,1,140,137.54
3205,2026-04-20,Coimbatore,Flagship,Bakery,Brownie,2,110,222.66
3206,2026-04-20,Coimbatore,Flagship,Merchandise,Tumbler,2,550,1075.14
3207,2026-04-20,Coimbatore,Flagship,Coffee,Filter Coffee,1,60,59.87
3208,2026-04-20,Coimbatore,Flagship,Bakery,Croissant,1,90,90.32
3209,2026-04-20,Coimbatore,Flagship,Bakery,Muffin,1,70,69.51
3210,2026-04-20,Coimbatore,Flagship,Coffee,Filter Coffee,1,60,60.68
3211,2026-04-20,Coimbatore,Flagship,Coffee,Espresso,1,120,117.38
3212,2026-04-20,Coimbatore,Flagship,Coffee,Filter Coffee,1,60,60.42
3213,2026-04-20,Coimbatore,Flagship,Bakery,Croissant,1,90,87.62
3214,2026-04-20,Coimbatore,Flagship,Coffee,Espresso,1,120,120.99
3215,2026-04-20,Coimbatore,Flagship,Bakery,Muffin,1,70,70.9
3216,2026-04-20,Coimbatore,Flagship,Coffee,Cold Brew,2,180,354.4
3217,2026-04-20,Coimbatore,Flagship,Merchandise,Coffee Beans Pack,1,450,437.25
3218,2026-04-20,Coimbatore,Kiosk,Bakery,Croissant,2,90,177.05
3219,2026-04-20,Coimbatore,Kiosk,Merchandise,Tumbler,1,550,547.83
3220,2026-04-20,Coimbatore,Kiosk,Merchandise,Tumbler,1,550,539.18
3221,2026-04-20,Coimbatore,Kiosk,Coffee,Cappuccino,1,140,141.91
3222,2026-04-20,Coimbatore,Kiosk,Bakery,Brownie,2,110,223.69
3223,2026-04-20,Coimbatore,Drive-Thru,Coffee,Cappuccino,1,140,139.49
3224,2026-04-20,Coimbatore,Drive-Thru,Merchandise,Mug,1,350,345.34
3225,2026-04-20,Coimbatore,Drive-Thru,Bakery,Croissant,1,90,87.9
3226,2026-04-20,Coimbatore,Drive-Thru,Coffee,Filter Coffee,2,60,119.9
3227,2026-04-20,Coimbatore,Drive-Thru,Coffee,Filter Coffee,1,60,60.27
3228,2026-04-20,Coimbatore,Drive-Thru,Coffee,Cold Brew,3,180,547.41
3229,2026-04-20,Coimbatore,Drive-Thru,Bakery,Brownie,3,110,327.08
3230,2026-04-20,Coimbatore,Drive-Thru,Coffee,Cold Brew,2,180,358.61
3231,2026-04-20,Coimbatore,Drive-Thru,Bakery,Brownie,1,110,112.52
3232,2026-04-20,Coimbatore,Drive-Thru,Merchandise,Mug,3,350,1053.01
3233,2026-04-20,Coimbatore,Drive-Thru,Coffee,Cappuccino,3,140,428.53
3234,2026-04-20,Coimbatore,Drive-Thru,Coffee,Cappuccino,3,140,415.09
3235,2026-04-20,Chennai,Flagship,Merchandise,Coffee Beans Pack,1,450,440.11
3236,2026-04-20,Chennai,Flagship,Coffee,Espresso,2,120,241.47
3237,2026-04-20,Chennai,Flagship,Bakery,Muffin,1,70,69.03
3238,2026-04-20,Chennai,Flagship,Bakery,Brownie,2,110,220.72
3239,2026-04-20,Chennai,Flagship,Coffee,Cold Brew,2,180,356.22
3240,2026-04-20,Chennai,Flagship,Coffee,Filter Coffee,2,60,118.09
3241,2026-04-20,Chennai,Flagship,Merchandise,Coffee Beans Pack,2,450,900.12
3242,2026-04-20,Chennai,Flagship,Bakery,Muffin,2,70,144.09
3243,2026-04-20,Chennai,Flagship,Coffee,Cold Brew,1,180,180.43
3244,2026-04-20,Chennai,Flagship,Merchandise,Mug,2,350,696.52
3245,2026-04-20,Chennai,Flagship,Coffee,Espresso,1,120,122.45
3246,2026-04-20,Chennai,Flagship,Bakery,Croissant,1,90,90.82
3247,2026-04-20,Chennai,Flagship,Merchandise,Coffee Beans Pack,1,450,444.49
3248,2026-04-20,Chennai,Flagship,Merchandise,Mug,1,350,347.87
3249,2026-04-20,Chennai,Flagship,Coffee,Filter Coffee,2,60,120.92
3250,2026-04-20,Chennai,Flagship,Coffee,Cold Brew,3,180,527.37
3251,2026-04-20,Chennai,Flagship,Bakery,Muffin,1,70,69.39
3252,2026-04-20,Chennai,Flagship,Bakery,Brownie,1,110,110.12
3253,2026-04-20,Chennai,Kiosk,Coffee,Filter Coffee,1,60,59.57
3254,2026-04-20,Chennai,Kiosk,Bakery,Muffin,2,70,143.12
3255,2026-04-20,Chennai,Kiosk,Coffee,Filter Coffee,2,60,118.18
3256,2026-04-20,Chennai,Kiosk,Bakery,Brownie,2,110,223.79
3257,2026-04-20,Chennai,Kiosk,Coffee,Cappuccino,2,140,277.8
3258,2026-04-20,Chennai,Kiosk,Coffee,Filter Coffee,2,60,119.42
3259,2026-04-20,Chennai,Kiosk,Bakery,Croissant,2,90,176.33
3260,2026-04-20,Chennai,Drive-Thru,Coffee,Espresso,1,120,118.7
3261,2026-04-20,Chennai,Drive-Thru,Coffee,Filter Coffee,2,60,121.24
3262,2026-04-20,Chennai,Drive-Thru,Coffee,Espresso,1,120,117.59
3263,2026-04-20,Chennai,Drive-Thru,Coffee,Cappuccino,2,140,286.85
3264,2026-04-20,Chennai,Drive-Thru,Merchandise,Coffee Beans Pack,1,450,455.32
3265,2026-04-20,Chennai,Drive-Thru,Coffee,Cappuccino,1,140,137.76
3266,2026-04-20,Chennai,Drive-Thru,Merchandise,Mug,1,350,346.7
3267,2026-04-20,Chennai,Drive-Thru,Coffee,Filter Coffee,1,60,58.68
3268,2026-04-20,Chennai,Drive-Thru,Merchandise,Mug,1,350,353.67
3269,2026-04-20,Bengaluru,Flagship,Bakery,Brownie,2,110,216.12
3270,2026-04-20,Bengaluru,Flagship,Coffee,Cappuccino,1,140,140.2
3271,2026-04-20,Bengaluru,Flagship,Bakery,Croissant,1,90,89.81
3272,2026-04-20,Bengaluru,Flagship,Coffee,Cappuccino,2,140,278.78
3273,2026-04-20,Bengaluru,Flagship,Coffee,Cold Brew,2,180,353.1
3274,2026-04-20,Bengaluru,Flagship,Coffee,Filter Coffee,1,60,58.55
3275,2026-04-20,Bengaluru,Flagship,Coffee,Espresso,1,120,121.4
3276,2026-04-20,Bengaluru,Flagship,Coffee,Espresso,2,120,238.53
3277,2026-04-20,Bengaluru,Flagship,Coffee,Cappuccino,1,140,141.21
3278,2026-04-20,Bengaluru,Flagship,Bakery,Muffin,2,70,139.24
3279,2026-04-20,Bengaluru,Flagship,Merchandise,Mug,1,350,347.46
3280,2026-04-20,Bengaluru,Flagship,Bakery,Brownie,2,110,220.48
3281,2026-04-20,Bengaluru,Flagship,Coffee,Cappuccino,3,140,421.23
3282,2026-04-20,Bengaluru,Flagship,Coffee,Espresso,3,120,352.13
3283,2026-04-20,Bengaluru,Flagship,Bakery,Croissant,2,90,183.2
3284,2026-04-20,Bengaluru,Kiosk,Coffee,Cappuccino,1,140,143.24
3285,2026-04-20,Bengaluru,Kiosk,Merchandise,Tumbler,3,550,1631.4
3286,2026-04-20,Bengaluru,Kiosk,Coffee,Espresso,1,120,117.21
3287,2026-04-20,Bengaluru,Kiosk,Coffee,Filter Coffee,1,60,60.16
3288,2026-04-20,Bengaluru,Kiosk,Merchandise,Coffee Beans Pack,1,450,446.77
3289,2026-04-20,Bengaluru,Kiosk,Coffee,Cappuccino,1,140,137.61
3290,2026-04-20,Bengaluru,Kiosk,Merchandise,Mug,1,350,339.85
3291,2026-04-20,Bengaluru,Kiosk,Merchandise,Tumbler,1,550,550.7
3292,2026-04-20,Bengaluru,Drive-Thru,Coffee,Cold Brew,1,180,175.76
3293,2026-04-20,Bengaluru,Drive-Thru,Coffee,Filter Coffee,2,60,117.97
3294,2026-04-20,Bengaluru,Drive-Thru,Merchandise,Tumbler,1,550,536.82
3295,2026-04-20,Bengaluru,Drive-Thru,Coffee,Espresso,3,120,359.27
3296,2026-04-20,Bengaluru,Drive-Thru,Coffee,Cappuccino,1,140,135.87
3297,2026-04-20,Bengaluru,Drive-Thru,Merchandise,Coffee Beans Pack,1,450,459.44
3298,2026-04-20,Bengaluru,Drive-Thru,Merchandise,Coffee Beans Pack,1,450,441.26
3299,2026-04-20,Bengaluru,Drive-Thru,Bakery,Croissant,2,90,184.29
3300,2026-04-20,Bengaluru,Drive-Thru,Merchandise,Tumbler,2,550,1074.16
3301,2026-04-20,Bengaluru,Drive-Thru,Coffee,Cappuccino,1,140,143.27
3302,2026-04-20,Bengaluru,Drive-Thru,Coffee,Filter Coffee,2,60,116.71
3303,2026-04-20,Bengaluru,Drive-Thru,Coffee,Cold Brew,1,180,183.04
3304,2026-04-20,Bengaluru,Drive-Thru,Merchandise,Tumbler,1,550,545.05
3305,2026-04-20,Bengaluru,Drive-Thru,Coffee,Cold Brew,3,180,541.66
3306,2026-04-20,Hyderabad,Flagship,Coffee,Cold Brew,3,180,532.24
3307,2026-04-20,Hyderabad,Flagship,Bakery,Brownie,1,110,107.01
3308,2026-04-20,Hyderabad,Flagship,Coffee,Espresso,2,120,241.24
3309,2026-04-20,Hyderabad,Flagship,Merchandise,Mug,1,350,359.04
3310,2026-04-20,Hyderabad,Flagship,Coffee,Espresso,1,120,123.14
3311,2026-04-20,Hyderabad,Flagship,Coffee,Cappuccino,1,140,139.64
3312,2026-04-20,Hyderabad,Flagship,Coffee,Cappuccino,1,140,141.66
3313,2026-04-20,Hyderabad,Flagship,Bakery,Brownie,1,110,110.22
3314,2026-04-20,Hyderabad,Flagship,Merchandise,Coffee Beans Pack,2,450,878.68
3315,2026-04-20,Hyderabad,Flagship,Coffee,Cappuccino,1,140,138.18
3316,2026-04-20,Hyderabad,Flagship,Bakery,Brownie,2,110,216.65
3317,2026-04-20,Hyderabad,Flagship,Coffee,Cappuccino,1,140,140.8
3318,2026-04-20,Hyderabad,Kiosk,Coffee,Cold Brew,3,180,542.5
3319,2026-04-20,Hyderabad,Kiosk,Coffee,Espresso,1,120,116.4
3320,2026-04-20,Hyderabad,Kiosk,Coffee,Cold Brew,2,180,370.27
3321,2026-04-20,Hyderabad,Kiosk,Coffee,Filter Coffee,2,60,117.18
3322,2026-04-20,Hyderabad,Kiosk,Merchandise,Mug,1,350,345.48
3323,2026-04-20,Hyderabad,Kiosk,Coffee,Filter Coffee,1,60,61.53
3324,2026-04-20,Hyderabad,Drive-Thru,Coffee,Cappuccino,1,140,142.4
3325,2026-04-20,Hyderabad,Drive-Thru,Bakery,Brownie,3,110,330.5
3326,2026-04-20,Hyderabad,Drive-Thru,Coffee,Filter Coffee,1,60,58.54
3327,2026-04-20,Hyderabad,Drive-Thru,Coffee,Filter Coffee,2,60,122.51
3328,2026-04-20,Hyderabad,Drive-Thru,Coffee,Espresso,2,120,238.24
3329,2026-04-20,Hyderabad,Drive-Thru,Coffee,Espresso,1,120,120.4
3330,2026-04-20,Hyderabad,Drive-Thru,Coffee,Espresso,1,120,118.73
3331,2026-04-20,Hyderabad,Drive-Thru,Coffee,Filter Coffee,1,60,61.22
3332,2026-04-20,Hyderabad,Drive-Thru,Coffee,Cappuccino,1,140,139.51
3333,2026-04-20,Hyderabad,Drive-Thru,Coffee,Filter Coffee,1,60,58.99
3334,2026-04-20,Hyderabad,Drive-Thru,Coffee,Filter Coffee,1,60,58.28
3335,2026-04-20,Hyderabad,Drive-Thru,Coffee,Espresso,1,120,120.65
3336,2026-04-20,Hyderabad,Drive-Thru,Coffee,Cold Brew,3,180,529.47
3337,2026-04-21,Coimbatore,Flagship,Bakery,Muffin,1,70,71.32
3338,2026-04-21,Coimbatore,Flagship,Coffee,Filter Coffee,3,60,177.9
3339,2026-04-21,Coimbatore,Flagship,Coffee,Cappuccino,3,140,428.02
3340,2026-04-21,Coimbatore,Flagship,Merchandise,Coffee Beans Pack,1,450,438.16
3341,2026-04-21,Coimbatore,Flagship,Bakery,Muffin,1,70,69.59
3342,2026-04-21,Coimbatore,Flagship,Coffee,Espresso,1,120,119.02
3343,2026-04-21,Coimbatore,Flagship,Coffee,Cappuccino,1,140,137.92
3344,2026-04-21,Coimbatore,Flagship,Coffee,Filter Coffee,1,60,61.51
3345,2026-04-21,Coimbatore,Flagship,Merchandise,Coffee Beans Pack,1,450,441.53
3346,2026-04-21,Coimbatore,Flagship,Coffee,Cappuccino,1,140,136.43
3347,2026-04-21,Coimbatore,Flagship,Merchandise,Mug,1,350,343.99
3348,2026-04-21,Coimbatore,Flagship,Coffee,Filter Coffee,2,60,118.42
3349,2026-04-21,Coimbatore,Flagship,Merchandise,Tumbler,3,550,1682.36
3350,2026-04-21,Coimbatore,Flagship,Bakery,Croissant,1,90,88.72
3351,2026-04-21,Coimbatore,Flagship,Bakery,Muffin,1,70,70.76
3352,2026-04-21,Coimbatore,Kiosk,Coffee,Cold Brew,3,180,541.63
3353,2026-04-21,Coimbatore,Kiosk,Bakery,Croissant,1,90,91.53
3354,2026-04-21,Coimbatore,Kiosk,Bakery,Brownie,2,110,213.45
3355,2026-04-21,Coimbatore,Kiosk,Merchandise,Tumbler,2,550,1079.79
3356,2026-04-21,Coimbatore,Kiosk,Merchandise,Mug,1,350,340.98
3357,2026-04-21,Coimbatore,Kiosk,Bakery,Croissant,2,90,178.93
3358,2026-04-21,Coimbatore,Kiosk,Coffee,Cold Brew,1,180,181.44
3359,2026-04-21,Coimbatore,Kiosk,Coffee,Cappuccino,3,140,414.92
3360,2026-04-21,Coimbatore,Kiosk,Coffee,Filter Coffee,1,60,60.53
3361,2026-04-21,Coimbatore,Drive-Thru,Bakery,Brownie,1,110,108.03
3362,2026-04-21,Coimbatore,Drive-Thru,Coffee,Cappuccino,2,140,282.55
3363,2026-04-21,Coimbatore,Drive-Thru,Coffee,Filter Coffee,2,60,118.89
3364,2026-04-21,Coimbatore,Drive-Thru,Coffee,Filter Coffee,2,60,118.46
3365,2026-04-21,Coimbatore,Drive-Thru,Coffee,Cappuccino,3,140,424.5
3366,2026-04-21,Coimbatore,Drive-Thru,Bakery,Muffin,2,70,143.12
3367,2026-04-21,Coimbatore,Drive-Thru,Bakery,Muffin,1,70,67.92
3368,2026-04-21,Coimbatore,Drive-Thru,Coffee,Espresso,1,120,121.28
3369,2026-04-21,Coimbatore,Drive-Thru,Coffee,Cold Brew,2,180,351.65
3370,2026-04-21,Coimbatore,Drive-Thru,Coffee,Cappuccino,3,140,427.18
3371,2026-04-21,Coimbatore,Drive-Thru,Bakery,Brownie,1,110,109.53
3372,2026-04-21,Coimbatore,Drive-Thru,Coffee,Cold Brew,2,180,355.34
3373,2026-04-21,Chennai,Flagship,Coffee,Cappuccino,1,140,138.81
3374,2026-04-21,Chennai,Flagship,Bakery,Muffin,3,70,210.97
3375,2026-04-21,Chennai,Flagship,Bakery,Muffin,1,70,71.09
3376,2026-04-21,Chennai,Flagship,Coffee,Espresso,1,120,122.26
3377,2026-04-21,Chennai,Flagship,Bakery,Croissant,1,90,88.92
3378,2026-04-21,Chennai,Flagship,Bakery,Brownie,3,110,336.83
3379,2026-04-21,Chennai,Flagship,Coffee,Cold Brew,1,180,176.97
3380,2026-04-21,Chennai,Flagship,Coffee,Cappuccino,1,140,143.61
3381,2026-04-21,Chennai,Flagship,Bakery,Croissant,1,90,90.34
3382,2026-04-21,Chennai,Flagship,Bakery,Brownie,3,110,336.33
3383,2026-04-21,Chennai,Flagship,Coffee,Cold Brew,1,180,182.39
3384,2026-04-21,Chennai,Flagship,Bakery,Muffin,3,70,204.16
3385,2026-04-21,Chennai,Flagship,Coffee,Espresso,1,120,122.68
3386,2026-04-21,Chennai,Flagship,Coffee,Cappuccino,1,140,139.61
3387,2026-04-21,Chennai,Flagship,Bakery,Brownie,2,110,225.07
3388,2026-04-21,Chennai,Flagship,Bakery,Croissant,3,90,268.32
3389,2026-04-21,Chennai,Flagship,Coffee,Filter Coffee,1,60,58.2
3390,2026-04-21,Chennai,Flagship,Coffee,Espresso,1,120,118.34
3391,2026-04-21,Chennai,Flagship,Coffee,Cold Brew,2,180,351.91
3392,2026-04-21,Chennai,Flagship,Bakery,Muffin,1,70,68.29
3393,2026-04-21,Chennai,Flagship,Coffee,Filter Coffee,1,60,60.72
3394,2026-04-21,Chennai,Flagship,Coffee,Cappuccino,1,140,136.43
3395,2026-04-21,Chennai,Flagship,Bakery,Brownie,2,110,216.33
3396,2026-04-21,Chennai,Kiosk,Merchandise,Mug,1,350,340.42
3397,2026-04-21,Chennai,Kiosk,Bakery,Croissant,3,90,262.4
3398,2026-04-21,Chennai,Kiosk,Bakery,Muffin,1,70,70.09
3399,2026-04-21,Chennai,Kiosk,Coffee,Filter Coffee,2,60,118.46
3400,2026-04-21,Chennai,Kiosk,Coffee,Cappuccino,1,140,139.28
3401,2026-04-21,Chennai,Kiosk,Bakery,Brownie,1,110,108.9
3402,2026-04-21,Chennai,Drive-Thru,Coffee,Espresso,1,120,119.74
3403,2026-04-21,Chennai,Drive-Thru,Merchandise,Tumbler,3,550,1611.62
3404,2026-04-21,Chennai,Drive-Thru,Bakery,Brownie,1,110,107.96
3405,2026-04-21,Chennai,Drive-Thru,Coffee,Espresso,2,120,233.27
3406,2026-04-21,Chennai,Drive-Thru,Coffee,Espresso,2,120,240.72
3407,2026-04-21,Chennai,Drive-Thru,Coffee,Cold Brew,3,180,533.24
3408,2026-04-21,Chennai,Drive-Thru,Bakery,Muffin,2,70,135.89
3409,2026-04-21,Chennai,Drive-Thru,Bakery,Brownie,1,110,108.93
3410,2026-04-21,Chennai,Drive-Thru,Coffee,Cappuccino,2,140,280.43
3411,2026-04-21,Bengaluru,Flagship,Coffee,Cold Brew,2,180,359.84
3412,2026-04-21,Bengaluru,Flagship,Merchandise,Mug,1,350,359.76
3413,2026-04-21,Bengaluru,Flagship,Bakery,Brownie,1,110,108.14
3414,2026-04-21,Bengaluru,Flagship,Coffee,Cold Brew,3,180,524.62
3415,2026-04-21,Bengaluru,Flagship,Coffee,Cappuccino,2,140,277.82
3416,2026-04-21,Bengaluru,Flagship,Coffee,Espresso,2,120,237.9
3417,2026-04-21,Bengaluru,Flagship,Coffee,Espresso,3,120,350.41
3418,2026-04-21,Bengaluru,Flagship,Merchandise,Tumbler,3,550,1663.03
3419,2026-04-21,Bengaluru,Flagship,Bakery,Croissant,3,90,275.77
3420,2026-04-21,Bengaluru,Flagship,Merchandise,Tumbler,1,550,543.31
3421,2026-04-21,Bengaluru,Flagship,Coffee,Cold Brew,4,180,725.13
3422,2026-04-21,Bengaluru,Flagship,Coffee,Filter Coffee,1,60,58.54
3423,2026-04-21,Bengaluru,Flagship,Coffee,Cappuccino,1,140,142.16
3424,2026-04-21,Bengaluru,Flagship,Coffee,Filter Coffee,3,60,181.35
3425,2026-04-21,Bengaluru,Flagship,Coffee,Espresso,2,120,243.26
3426,2026-04-21,Bengaluru,Flagship,Coffee,Espresso,2,120,239.81
3427,2026-04-21,Bengaluru,Flagship,Bakery,Muffin,1,70,70.47
3428,2026-04-21,Bengaluru,Kiosk,Coffee,Espresso,2,120,233.91
3429,2026-04-21,Bengaluru,Kiosk,Bakery,Brownie,1,110,113.16
3430,2026-04-21,Bengaluru,Kiosk,Coffee,Filter Coffee,2,60,117.65
3431,2026-04-21,Bengaluru,Kiosk,Coffee,Espresso,1,120,122.69
3432,2026-04-21,Bengaluru,Kiosk,Coffee,Filter Coffee,1,60,60.38
3433,2026-04-21,Bengaluru,Kiosk,Bakery,Brownie,1,110,111.34
3434,2026-04-21,Bengaluru,Kiosk,Merchandise,Tumbler,1,550,555.11
3435,2026-04-21,Bengaluru,Kiosk,Coffee,Filter Coffee,1,60,59.45
3436,2026-04-21,Bengaluru,Kiosk,Bakery,Croissant,3,90,263.43
3437,2026-04-21,Bengaluru,Drive-Thru,Merchandise,Mug,2,350,717.02
3438,2026-04-21,Bengaluru,Drive-Thru,Merchandise,Coffee Beans Pack,1,450,458.46
3439,2026-04-21,Bengaluru,Drive-Thru,Coffee,Espresso,1,120,121.59
3440,2026-04-21,Bengaluru,Drive-Thru,Coffee,Cappuccino,1,140,143.54
3441,2026-04-21,Bengaluru,Drive-Thru,Coffee,Filter Coffee,1,60,58.53
3442,2026-04-21,Bengaluru,Drive-Thru,Bakery,Croissant,2,90,175.91
3443,2026-04-21,Bengaluru,Drive-Thru,Coffee,Cappuccino,1,140,136.71
3444,2026-04-21,Bengaluru,Drive-Thru,Coffee,Filter Coffee,1,60,59.38
3445,2026-04-21,Bengaluru,Drive-Thru,Coffee,Espresso,1,120,122.97
3446,2026-04-21,Bengaluru,Drive-Thru,Coffee,Filter Coffee,1,60,59.91
3447,2026-04-21,Bengaluru,Drive-Thru,Coffee,Espresso,1,120,119.19
3448,2026-04-21,Bengaluru,Drive-Thru,Coffee,Espresso,3,120,350.76
3449,2026-04-21,Bengaluru,Drive-Thru,Merchandise,Mug,1,350,340.49
3450,2026-04-21,Bengaluru,Drive-Thru,Bakery,Muffin,1,70,69.44
3451,2026-04-21,Bengaluru,Drive-Thru,Bakery,Muffin,2,70,141.93
3452,2026-04-21,Bengaluru,Drive-Thru,Merchandise,Coffee Beans Pack,2,450,924.19
3453,2026-04-21,Bengaluru,Drive-Thru,Coffee,Cold Brew,2,180,357.33
3454,2026-04-21,Bengaluru,Drive-Thru,Coffee,Cold Brew,3,180,532.55
3455,2026-04-21,Hyderabad,Flagship,Coffee,Cold Brew,3,180,548.89
3456,2026-04-21,Hyderabad,Flagship,Coffee,Cold Brew,1,180,177.73
3457,2026-04-21,Hyderabad,Flagship,Coffee,Filter Coffee,1,60,60.07
3458,2026-04-21,Hyderabad,Flagship,Coffee,Espresso,3,120,352.08
3459,2026-04-21,Hyderabad,Flagship,Coffee,Filter Coffee,1,60,60.93
3460,2026-04-21,Hyderabad,Flagship,Coffee,Cappuccino,1,140,141.63
3461,2026-04-21,Hyderabad,Flagship,Bakery,Brownie,1,110,112.82
3462,2026-04-21,Hyderabad,Flagship,Bakery,Brownie,2,110,226.21
3463,2026-04-21,Hyderabad,Flagship,Bakery,Muffin,1,70,69.2
3464,2026-04-21,Hyderabad,Flagship,Coffee,Cold Brew,1,180,183.72
3465,2026-04-21,Hyderabad,Flagship,Coffee,Filter Coffee,2,60,118.96
3466,2026-04-21,Hyderabad,Flagship,Coffee,Cold Brew,2,180,367.72
3467,2026-04-21,Hyderabad,Flagship,Coffee,Espresso,1,120,120.64
3468,2026-04-21,Hyderabad,Flagship,Coffee,Cold Brew,2,180,359.55
3469,2026-04-21,Hyderabad,Flagship,Bakery,Croissant,1,90,87.6
3470,2026-04-21,Hyderabad,Flagship,Bakery,Croissant,2,90,185.18
3471,2026-04-21,Hyderabad,Kiosk,Bakery,Brownie,1,110,112.12
3472,2026-04-21,Hyderabad,Kiosk,Coffee,Cappuccino,1,140,141.49
3473,2026-04-21,Hyderabad,Kiosk,Coffee,Filter Coffee,2,60,118.57
3474,2026-04-21,Hyderabad,Kiosk,Coffee,Cappuccino,2,140,273.64
3475,2026-04-21,Hyderabad,Kiosk,Coffee,Cold Brew,3,180,550.94
3476,2026-04-21,Hyderabad,Kiosk,Coffee,Cold Brew,2,180,352.94
3477,2026-04-21,Hyderabad,Kiosk,Coffee,Filter Coffee,1,60,59.9
3478,2026-04-21,Hyderabad,Kiosk,Coffee,Cold Brew,1,180,181.5
3479,2026-04-21,Hyderabad,Kiosk,Coffee,Filter Coffee,2,60,122.69
3480,2026-04-21,Hyderabad,Kiosk,Coffee,Cappuccino,1,140,137.73
3481,2026-04-21,Hyderabad,Kiosk,Coffee,Cold Brew,2,180,368.74
3482,2026-04-21,Hyderabad,Drive-Thru,Bakery,Croissant,1,90,88.03
3483,2026-04-21,Hyderabad,Drive-Thru,Merchandise,Tumbler,2,550,1102.44
3484,2026-04-21,Hyderabad,Drive-Thru,Coffee,Espresso,1,120,120.21
3485,2026-04-21,Hyderabad,Drive-Thru,Bakery,Croissant,1,90,89.18
3486,2026-04-21,Hyderabad,Drive-Thru,Coffee,Cold Brew,1,180,177.34
3487,2026-04-21,Hyderabad,Drive-Thru,Bakery,Brownie,2,110,219.79
3488,2026-04-21,Hyderabad,Drive-Thru,Coffee,Cappuccino,2,140,285.31
3489,2026-04-21,Hyderabad,Drive-Thru,Bakery,Brownie,1,110,109.18
3490,2026-04-21,Hyderabad,Drive-Thru,Merchandise,Tumbler,2,550,1085.68
3491,2026-04-22,Coimbatore,Flagship,Coffee,Filter Coffee,1,60,58.46
3492,2026-04-22,Coimbatore,Flagship,Coffee,Cold Brew,3,180,554.57
3493,2026-04-22,Coimbatore,Flagship,Coffee,Filter Coffee,1,60,59.66
3494,2026-04-22,Coimbatore,Flagship,Coffee,Espresso,2,120,240.6
3495,2026-04-22,Coimbatore,Flagship,Bakery,Croissant,1,90,88.59
3496,2026-04-22,Coimbatore,Flagship,Bakery,Muffin,1,70,70.19
3497,2026-04-22,Coimbatore,Flagship,Coffee,Cappuccino,1,140,141.96
3498,2026-04-22,Coimbatore,Flagship,Coffee,Filter Coffee,1,60,58.42
3499,2026-04-22,Coimbatore,Flagship,Bakery,Muffin,2,70,139.98
3500,2026-04-22,Coimbatore,Flagship,Coffee,Cold Brew,2,180,359.74
3501,2026-04-22,Coimbatore,Flagship,Coffee,Cold Brew,2,180,354.23
3502,2026-04-22,Coimbatore,Flagship,Bakery,Croissant,1,90,88.21
3503,2026-04-22,Coimbatore,Kiosk,Coffee,Filter Coffee,1,60,61.4
3504,2026-04-22,Coimbatore,Kiosk,Coffee,Cappuccino,2,140,287.83
3505,2026-04-22,Coimbatore,Kiosk,Coffee,Cold Brew,4,180,703.35
3506,2026-04-22,Coimbatore,Kiosk,Coffee,Cold Brew,3,180,530.46
3507,2026-04-22,Coimbatore,Kiosk,Coffee,Espresso,2,120,235.17
3508,2026-04-22,Coimbatore,Kiosk,Merchandise,Coffee Beans Pack,2,450,888.99
3509,2026-04-22,Coimbatore,Kiosk,Coffee,Cappuccino,1,140,135.89
3510,2026-04-22,Coimbatore,Drive-Thru,Coffee,Filter Coffee,1,60,59.03
3511,2026-04-22,Coimbatore,Drive-Thru,Bakery,Croissant,1,90,91.77
3512,2026-04-22,Coimbatore,Drive-Thru,Bakery,Croissant,1,90,89.65
3513,2026-04-22,Coimbatore,Drive-Thru,Bakery,Brownie,1,110,110.77
3514,2026-04-22,Coimbatore,Drive-Thru,Coffee,Cappuccino,1,140,139.61
3515,2026-04-22,Coimbatore,Drive-Thru,Merchandise,Tumbler,1,550,536.97
3516,2026-04-22,Coimbatore,Drive-Thru,Coffee,Espresso,1,120,123.02
3517,2026-04-22,Coimbatore,Drive-Thru,Coffee,Cappuccino,3,140,432.52
3518,2026-04-22,Coimbatore,Drive-Thru,Coffee,Filter Coffee,2,60,122.75
3519,2026-04-22,Coimbatore,Drive-Thru,Coffee,Espresso,1,120,120.61
3520,2026-04-22,Chennai,Flagship,Bakery,Muffin,1,70,70.43
3521,2026-04-22,Chennai,Flagship,Bakery,Muffin,2,70,140.67
3522,2026-04-22,Chennai,Flagship,Bakery,Croissant,2,90,175.2
3523,2026-04-22,Chennai,Flagship,Coffee,Cappuccino,2,140,286.23
3524,2026-04-22,Chennai,Flagship,Coffee,Cold Brew,2,180,353.5
3525,2026-04-22,Chennai,Flagship,Coffee,Cold Brew,3,180,524.35
3526,2026-04-22,Chennai,Flagship,Bakery,Muffin,3,70,208.34
3527,2026-04-22,Chennai,Flagship,Coffee,Espresso,3,120,356.6
3528,2026-04-22,Chennai,Flagship,Bakery,Brownie,2,110,215.14
3529,2026-04-22,Chennai,Flagship,Bakery,Croissant,2,90,183.04
3530,2026-04-22,Chennai,Flagship,Merchandise,Mug,1,350,354.2
3531,2026-04-22,Chennai,Flagship,Coffee,Cold Brew,3,180,539.55
3532,2026-04-22,Chennai,Flagship,Coffee,Cappuccino,2,140,275.28
3533,2026-04-22,Chennai,Flagship,Bakery,Brownie,2,110,225.59
3534,2026-04-22,Chennai,Flagship,Coffee,Espresso,1,120,121.65
3535,2026-04-22,Chennai,Flagship,Bakery,Croissant,3,90,273.59
3536,2026-04-22,Chennai,Flagship,Coffee,Cold Brew,3,180,541.18
3537,2026-04-22,Chennai,Flagship,Coffee,Cold Brew,2,180,356.59
3538,2026-04-22,Chennai,Flagship,Coffee,Cold Brew,3,180,538.63
3539,2026-04-22,Chennai,Flagship,Bakery,Muffin,2,70,136.15
3540,2026-04-22,Chennai,Kiosk,Coffee,Cold Brew,2,180,362.41
3541,2026-04-22,Chennai,Kiosk,Coffee,Filter Coffee,1,60,59.57
3542,2026-04-22,Chennai,Kiosk,Bakery,Muffin,2,70,136.83
3543,2026-04-22,Chennai,Kiosk,Merchandise,Coffee Beans Pack,1,450,449.09
3544,2026-04-22,Chennai,Kiosk,Bakery,Croissant,1,90,87.85
3545,2026-04-22,Chennai,Kiosk,Coffee,Espresso,1,120,119.47
3546,2026-04-22,Chennai,Kiosk,Coffee,Espresso,2,120,242.4
3547,2026-04-22,Chennai,Drive-Thru,Coffee,Filter Coffee,2,60,123.47
3548,2026-04-22,Chennai,Drive-Thru,Bakery,Muffin,2,70,144.18
3549,2026-04-22,Chennai,Drive-Thru,Coffee,Cold Brew,2,180,369.76
3550,2026-04-22,Chennai,Drive-Thru,Bakery,Brownie,2,110,221.56
3551,2026-04-22,Chennai,Drive-Thru,Bakery,Croissant,3,90,275.3
3552,2026-04-22,Chennai,Drive-Thru,Coffee,Cold Brew,3,180,552.9
3553,2026-04-22,Chennai,Drive-Thru,Coffee,Cappuccino,1,140,139.04
3554,2026-04-22,Chennai,Drive-Thru,Coffee,Cappuccino,1,140,141.01
3555,2026-04-22,Chennai,Drive-Thru,Coffee,Cappuccino,1,140,139.99
3556,2026-04-22,Chennai,Drive-Thru,Coffee,Cold Brew,1,180,182.58
3557,2026-04-22,Chennai,Drive-Thru,Coffee,Cold Brew,1,180,177.45
3558,2026-04-22,Chennai,Drive-Thru,Coffee,Filter Coffee,3,60,175.51
3559,2026-04-22,Bengaluru,Flagship,Bakery,Brownie,1,110,109.21
3560,2026-04-22,Bengaluru,Flagship,Coffee,Filter Coffee,3,60,176.13
3561,2026-04-22,Bengaluru,Flagship,Coffee,Espresso,1,120,122.26
3562,2026-04-22,Bengaluru,Flagship,Coffee,Espresso,2,120,245.09
3563,2026-04-22,Bengaluru,Flagship,Coffee,Filter Coffee,2,60,118.4
3564,2026-04-22,Bengaluru,Flagship,Coffee,Cappuccino,1,140,137.31
3565,2026-04-22,Bengaluru,Flagship,Bakery,Croissant,2,90,182.16
3566,2026-04-22,Bengaluru,Flagship,Coffee,Filter Coffee,2,60,120.05
3567,2026-04-22,Bengaluru,Flagship,Merchandise,Tumbler,1,550,556.46
3568,2026-04-22,Bengaluru,Flagship,Coffee,Filter Coffee,1,60,61.56
3569,2026-04-22,Bengaluru,Flagship,Bakery,Brownie,1,110,113.14
3570,2026-04-22,Bengaluru,Flagship,Merchandise,Coffee Beans Pack,2,450,897.86
3571,2026-04-22,Bengaluru,Flagship,Bakery,Brownie,1,110,109.56
3572,2026-04-22,Bengaluru,Flagship,Coffee,Cappuccino,2,140,272.07
3573,2026-04-22,Bengaluru,Flagship,Coffee,Cold Brew,4,180,722.57
3574,2026-04-22,Bengaluru,Flagship,Bakery,Croissant,2,90,184.84
3575,2026-04-22,Bengaluru,Flagship,Bakery,Brownie,1,110,111.68
3576,2026-04-22,Bengaluru,Flagship,Coffee,Filter Coffee,2,60,122.04
3577,2026-04-22,Bengaluru,Kiosk,Bakery,Brownie,1,110,107.66
3578,2026-04-22,Bengaluru,Kiosk,Bakery,Muffin,2,70,139.7
3579,2026-04-22,Bengaluru,Kiosk,Coffee,Espresso,1,120,122.95
3580,2026-04-22,Bengaluru,Kiosk,Coffee,Filter Coffee,2,60,120.23
3581,2026-04-22,Bengaluru,Kiosk,Coffee,Espresso,1,120,123.24
3582,2026-04-22,Bengaluru,Kiosk,Merchandise,Mug,1,350,355.86
3583,2026-04-22,Bengaluru,Kiosk,Merchandise,Tumbler,1,550,564.44
3584,2026-04-22,Bengaluru,Kiosk,Coffee,Cold Brew,3,180,536.54
3585,2026-04-22,Bengaluru,Kiosk,Coffee,Cold Brew,1,180,179.11
3586,2026-04-22,Bengaluru,Kiosk,Coffee,Cold Brew,3,180,532.65
3587,2026-04-22,Bengaluru,Kiosk,Coffee,Espresso,1,120,117.99
3588,2026-04-22,Bengaluru,Kiosk,Bakery,Muffin,1,70,70.89
3589,2026-04-22,Bengaluru,Drive-Thru,Bakery,Muffin,2,70,143.72
3590,2026-04-22,Bengaluru,Drive-Thru,Coffee,Cold Brew,2,180,354.82
3591,2026-04-22,Bengaluru,Drive-Thru,Coffee,Cappuccino,2,140,286.33
3592,2026-04-22,Bengaluru,Drive-Thru,Coffee,Espresso,1,120,123.05
3593,2026-04-22,Bengaluru,Drive-Thru,Coffee,Espresso,2,120,242.33
3594,2026-04-22,Bengaluru,Drive-Thru,Merchandise,Tumbler,1,550,542.41
3595,2026-04-22,Bengaluru,Drive-Thru,Merchandise,Coffee Beans Pack,1,450,447.13
3596,2026-04-22,Bengaluru,Drive-Thru,Coffee,Filter Coffee,1,60,60.67
3597,2026-04-22,Bengaluru,Drive-Thru,Coffee,Cold Brew,2,180,359.4
3598,2026-04-22,Bengaluru,Drive-Thru,Coffee,Cold Brew,3,180,552.26
3599,2026-04-22,Bengaluru,Drive-Thru,Coffee,Cold Brew,2,180,368.72
3600,2026-04-22,Bengaluru,Drive-Thru,Bakery,Muffin,3,70,213.19
3601,2026-04-22,Bengaluru,Drive-Thru,Coffee,Cold Brew,2,180,364.61
3602,2026-04-22,Bengaluru,Drive-Thru,Bakery,Croissant,1,90,88.6
3603,2026-04-22,Bengaluru,Drive-Thru,Merchandise,Coffee Beans Pack,1,450,436.87
3604,2026-04-22,Bengaluru,Drive-Thru,Coffee,Cappuccino,1,140,138.62
3605,2026-04-22,Hyderabad,Flagship,Coffee,Cold Brew,2,180,355.95
3606,2026-04-22,Hyderabad,Flagship,Coffee,Cold Brew,2,180,354.7
3607,2026-04-22,Hyderabad,Flagship,Bakery,Muffin,1,70,71.23
3608,2026-04-22,Hyderabad,Flagship,Coffee,Filter Coffee,2,60,120.41
3609,2026-04-22,Hyderabad,Flagship,Bakery,Croissant,1,90,89.18
3610,2026-04-22,Hyderabad,Flagship,Coffee,Espresso,1,120,121.21
3611,2026-04-22,Hyderabad,Flagship,Coffee,Espresso,1,120,120.24
3612,2026-04-22,Hyderabad,Flagship,Merchandise,Coffee Beans Pack,3,450,1389.63
3613,2026-04-22,Hyderabad,Flagship,Coffee,Espresso,1,120,116.55
3614,2026-04-22,Hyderabad,Flagship,Coffee,Cold Brew,3,180,526.66
3615,2026-04-22,Hyderabad,Flagship,Coffee,Cappuccino,1,140,137.56
3616,2026-04-22,Hyderabad,Flagship,Coffee,Cappuccino,1,140,138.51
3617,2026-04-22,Hyderabad,Flagship,Coffee,Espresso,2,120,238.7
3618,2026-04-22,Hyderabad,Flagship,Coffee,Espresso,2,120,242.06
3619,2026-04-22,Hyderabad,Flagship,Coffee,Cold Brew,2,180,366.0
3620,2026-04-22,Hyderabad,Flagship,Coffee,Espresso,2,120,234.51
3621,2026-04-22,Hyderabad,Kiosk,Coffee,Espresso,1,120,122.51
3622,2026-04-22,Hyderabad,Kiosk,Merchandise,Tumbler,1,550,564.99
3623,2026-04-22,Hyderabad,Kiosk,Coffee,Cappuccino,2,140,286.58
3624,2026-04-22,Hyderabad,Kiosk,Coffee,Espresso,1,120,119.47
3625,2026-04-22,Hyderabad,Kiosk,Bakery,Muffin,1,70,71.67
3626,2026-04-22,Hyderabad,Kiosk,Coffee,Cappuccino,2,140,280.69
3627,2026-04-22,Hyderabad,Kiosk,Bakery,Muffin,1,70,71.31
3628,2026-04-22,Hyderabad,Kiosk,Merchandise,Coffee Beans Pack,1,450,440.5
3629,2026-04-22,Hyderabad,Drive-Thru,Bakery,Croissant,1,90,91.89
3630,2026-04-22,Hyderabad,Drive-Thru,Coffee,Cold Brew,2,180,358.01
3631,2026-04-22,Hyderabad,Drive-Thru,Coffee,Cappuccino,1,140,141.6
3632,2026-04-22,Hyderabad,Drive-Thru,Coffee,Cappuccino,1,140,139.38
3633,2026-04-22,Hyderabad,Drive-Thru,Bakery,Brownie,2,110,214.27
3634,2026-04-22,Hyderabad,Drive-Thru,Coffee,Espresso,2,120,245.1
3635,2026-04-22,Hyderabad,Drive-Thru,Coffee,Cold Brew,1,180,175.26
3636,2026-04-22,Hyderabad,Drive-Thru,Coffee,Espresso,1,120,118.59
3637,2026-04-22,Hyderabad,Drive-Thru,Coffee,Cold Brew,3,180,540.91
3638,2026-04-23,Coimbatore,Flagship,Bakery,Croissant,1,90,87.4
3639,2026-04-23,Coimbatore,Flagship,Coffee,Filter Coffee,1,60,60.25
3640,2026-04-23,Coimbatore,Flagship,Merchandise,Mug,3,350,1051.54
3641,2026-04-23,Coimbatore,Flagship,Merchandise,Tumbler,1,550,560.2
3642,2026-04-23,Coimbatore,Flagship,Merchandise,Coffee Beans Pack,2,450,888.75
3643,2026-04-23,Coimbatore,Flagship,Coffee,Cold Brew,2,180,354.94
3644,2026-04-23,Coimbatore,Flagship,Coffee,Filter Coffee,1,60,59.02
3645,2026-04-23,Coimbatore,Flagship,Merchandise,Mug,2,350,685.37
3646,2026-04-23,Coimbatore,Flagship,Coffee,Cold Brew,1,180,184.78
3647,2026-04-23,Coimbatore,Flagship,Bakery,Brownie,1,110,109.42
3648,2026-04-23,Coimbatore,Flagship,Bakery,Brownie,3,110,329.86
3649,2026-04-23,Coimbatore,Flagship,Coffee,Cappuccino,1,140,140.39
3650,2026-04-23,Coimbatore,Flagship,Bakery,Brownie,3,110,323.34
3651,2026-04-23,Coimbatore,Flagship,Bakery,Croissant,1,90,90.68
3652,2026-04-23,Coimbatore,Kiosk,Coffee,Filter Coffee,1,60,58.7
3653,2026-04-23,Coimbatore,Kiosk,Coffee,Cappuccino,2,140,272.04
3654,2026-04-23,Coimbatore,Kiosk,Bakery,Brownie,2,110,225.91
3655,2026-04-23,Coimbatore,Kiosk,Coffee,Espresso,2,120,243.72
3656,2026-04-23,Coimbatore,Kiosk,Coffee,Cappuccino,1,140,138.01
3657,2026-04-23,Coimbatore,Drive-Thru,Bakery,Brownie,2,110,216.96
3658,2026-04-23,Coimbatore,Drive-Thru,Bakery,Brownie,2,110,220.5
3659,2026-04-23,Coimbatore,Drive-Thru,Merchandise,Mug,1,350,350.37
3660,2026-04-23,Coimbatore,Drive-Thru,Coffee,Espresso,1,120,119.08
3661,2026-04-23,Coimbatore,Drive-Thru,Coffee,Filter Coffee,3,60,183.32
3662,2026-04-23,Coimbatore,Drive-Thru,Merchandise,Tumbler,1,550,544.99
3663,2026-04-23,Coimbatore,Drive-Thru,Coffee,Cold Brew,2,180,358.04
3664,2026-04-23,Coimbatore,Drive-Thru,Coffee,Filter Coffee,1,60,60.03
3665,2026-04-23,Chennai,Flagship,Bakery,Muffin,2,70,141.55
3666,2026-04-23,Chennai,Flagship,Coffee,Cappuccino,1,140,139.83
3667,2026-04-23,Chennai,Flagship,Bakery,Brownie,1,110,110.83
3668,2026-04-23,Chennai,Flagship,Coffee,Espresso,3,120,351.25
3669,2026-04-23,Chennai,Flagship,Merchandise,Mug,3,350,1039.48
3670,2026-04-23,Chennai,Flagship,Coffee,Filter Coffee,1,60,60.08
3671,2026-04-23,Chennai,Flagship,Coffee,Cold Brew,3,180,543.63
3672,2026-04-23,Chennai,Flagship,Coffee,Cold Brew,4,180,705.05
3673,2026-04-23,Chennai,Flagship,Coffee,Cappuccino,3,140,413.8
3674,2026-04-23,Chennai,Flagship,Coffee,Cappuccino,1,140,140.28
3675,2026-04-23,Chennai,Flagship,Coffee,Cappuccino,1,140,144.07
3676,2026-04-23,Chennai,Flagship,Merchandise,Tumbler,2,550,1119.54
3677,2026-04-23,Chennai,Flagship,Coffee,Filter Coffee,1,60,60.43
3678,2026-04-23,Chennai,Flagship,Bakery,Brownie,2,110,217.5
3679,2026-04-23,Chennai,Flagship,Merchandise,Mug,3,350,1044.91
3680,2026-04-23,Chennai,Flagship,Coffee,Cappuccino,1,140,141.57
3681,2026-04-23,Chennai,Flagship,Coffee,Filter Coffee,1,60,61.28
3682,2026-04-23,Chennai,Flagship,Merchandise,Coffee Beans Pack,1,450,437.52
3683,2026-04-23,Chennai,Flagship,Coffee,Filter Coffee,1,60,58.31
3684,2026-04-23,Chennai,Flagship,Merchandise,Coffee Beans Pack,1,450,443.17
3685,2026-04-23,Chennai,Flagship,Merchandise,Coffee Beans Pack,3,450,1362.22
3686,2026-04-23,Chennai,Flagship,Bakery,Muffin,1,70,69.13
3687,2026-04-23,Chennai,Flagship,Coffee,Filter Coffee,1,60,61.56
3688,2026-04-23,Chennai,Kiosk,Coffee,Cappuccino,1,140,142.71
3689,2026-04-23,Chennai,Kiosk,Merchandise,Mug,2,350,679.44
3690,2026-04-23,Chennai,Kiosk,Coffee,Cappuccino,1,140,139.37
3691,2026-04-23,Chennai,Kiosk,Merchandise,Mug,2,350,717.92
3692,2026-04-23,Chennai,Kiosk,Merchandise,Mug,3,350,1077.97
3693,2026-04-23,Chennai,Kiosk,Coffee,Filter Coffee,2,60,117.38
3694,2026-04-23,Chennai,Kiosk,Coffee,Espresso,3,120,355.69
3695,2026-04-23,Chennai,Drive-Thru,Coffee,Cappuccino,2,140,286.95
3696,2026-04-23,Chennai,Drive-Thru,Coffee,Cappuccino,1,140,143.78
3697,2026-04-23,Chennai,Drive-Thru,Merchandise,Tumbler,1,550,534.8
3698,2026-04-23,Chennai,Drive-Thru,Bakery,Brownie,1,110,110.89
3699,2026-04-23,Chennai,Drive-Thru,Bakery,Muffin,2,70,143.4
3700,2026-04-23,Chennai,Drive-Thru,Coffee,Espresso,2,120,244.57
3701,2026-04-23,Chennai,Drive-Thru,Merchandise,Coffee Beans Pack,2,450,893.13
3702,2026-04-23,Chennai,Drive-Thru,Coffee,Filter Coffee,2,60,118.76
3703,2026-04-23,Chennai,Drive-Thru,Coffee,Cappuccino,2,140,276.33
3704,2026-04-23,Bengaluru,Flagship,Coffee,Cold Brew,2,180,356.61
3705,2026-04-23,Bengaluru,Flagship,Bakery,Brownie,1,110,108.49
3706,2026-04-23,Bengaluru,Flagship,Coffee,Espresso,1,120,118.72
3707,2026-04-23,Bengaluru,Flagship,Coffee,Espresso,3,120,364.08
3708,2026-04-23,Bengaluru,Flagship,Coffee,Cold Brew,2,180,358.32
3709,2026-04-23,Bengaluru,Flagship,Bakery,Brownie,2,110,226.45
3710,2026-04-23,Bengaluru,Flagship,Coffee,Filter Coffee,2,60,120.64
3711,2026-04-23,Bengaluru,Flagship,Bakery,Croissant,2,90,175.92
3712,2026-04-23,Bengaluru,Flagship,Coffee,Cold Brew,2,180,370.07
3713,2026-04-23,Bengaluru,Flagship,Bakery,Muffin,1,70,71.63
3714,2026-04-23,Bengaluru,Flagship,Bakery,Muffin,2,70,139.0
3715,2026-04-23,Bengaluru,Flagship,Coffee,Cold Brew,1,180,180.94
3716,2026-04-23,Bengaluru,Flagship,Coffee,Cappuccino,1,140,136.63
3717,2026-04-23,Bengaluru,Flagship,Coffee,Filter Coffee,1,60,58.73
3718,2026-04-23,Bengaluru,Flagship,Bakery,Brownie,1,110,110.77
3719,2026-04-23,Bengaluru,Flagship,Merchandise,Mug,1,350,342.31
3720,2026-04-23,Bengaluru,Flagship,Bakery,Brownie,1,110,107.12
3721,2026-04-23,Bengaluru,Flagship,Coffee,Cold Brew,3,180,536.0
3722,2026-04-23,Bengaluru,Flagship,Coffee,Filter Coffee,3,60,176.83
3723,2026-04-23,Bengaluru,Flagship,Coffee,Cappuccino,1,140,136.37
3724,2026-04-23,Bengaluru,Flagship,Merchandise,Coffee Beans Pack,1,450,453.54
3725,2026-04-23,Bengaluru,Flagship,Merchandise,Tumbler,2,550,1093.11
3726,2026-04-23,Bengaluru,Flagship,Coffee,Espresso,3,120,360.35
3727,2026-04-23,Bengaluru,Flagship,Merchandise,Coffee Beans Pack,3,450,1332.6
3728,2026-04-23,Bengaluru,Kiosk,Coffee,Espresso,1,120,119.79
3729,2026-04-23,Bengaluru,Kiosk,Coffee,Cappuccino,1,140,137.36
3730,2026-04-23,Bengaluru,Kiosk,Bakery,Brownie,1,110,110.19
3731,2026-04-23,Bengaluru,Kiosk,Coffee,Espresso,1,120,120.49
3732,2026-04-23,Bengaluru,Kiosk,Coffee,Cold Brew,2,180,357.88
3733,2026-04-23,Bengaluru,Kiosk,Coffee,Filter Coffee,1,60,61.35
3734,2026-04-23,Bengaluru,Kiosk,Bakery,Croissant,2,90,175.5
3735,2026-04-23,Bengaluru,Kiosk,Bakery,Muffin,2,70,140.37
3736,2026-04-23,Bengaluru,Kiosk,Coffee,Filter Coffee,1,60,58.88
3737,2026-04-23,Bengaluru,Kiosk,Bakery,Croissant,1,90,88.08
3738,2026-04-23,Bengaluru,Kiosk,Coffee,Filter Coffee,1,60,59.78
3739,2026-04-23,Bengaluru,Drive-Thru,Bakery,Brownie,1,110,113.11
3740,2026-04-23,Bengaluru,Drive-Thru,Bakery,Croissant,3,90,271.2
3741,2026-04-23,Bengaluru,Drive-Thru,Coffee,Cold Brew,1,180,183.76
3742,2026-04-23,Bengaluru,Drive-Thru,Coffee,Cold Brew,3,180,547.08
3743,2026-04-23,Bengaluru,Drive-Thru,Coffee,Cold Brew,2,180,368.57
3744,2026-04-23,Bengaluru,Drive-Thru,Coffee,Filter Coffee,2,60,117.86
3745,2026-04-23,Bengaluru,Drive-Thru,Coffee,Cold Brew,2,180,367.85
3746,2026-04-23,Bengaluru,Drive-Thru,Coffee,Filter Coffee,1,60,60.03
3747,2026-04-23,Bengaluru,Drive-Thru,Coffee,Cappuccino,1,140,138.91
3748,2026-04-23,Bengaluru,Drive-Thru,Bakery,Muffin,2,70,138.3
3749,2026-04-23,Bengaluru,Drive-Thru,Coffee,Cappuccino,1,140,143.26
3750,2026-04-23,Bengaluru,Drive-Thru,Bakery,Croissant,2,90,182.14
3751,2026-04-23,Bengaluru,Drive-Thru,Bakery,Muffin,1,70,70.25
3752,2026-04-23,Bengaluru,Drive-Thru,Coffee,Cold Brew,3,180,551.09
3753,2026-04-23,Bengaluru,Drive-Thru,Coffee,Espresso,2,120,237.36
3754,2026-04-23,Bengaluru,Drive-Thru,Coffee,Filter Coffee,1,60,58.34
3755,2026-04-23,Hyderabad,Flagship,Coffee,Cold Brew,2,180,369.98
3756,2026-04-23,Hyderabad,Flagship,Coffee,Filter Coffee,2,60,117.92
3757,2026-04-23,Hyderabad,Flagship,Coffee,Filter Coffee,1,60,58.32
3758,2026-04-23,Hyderabad,Flagship,Coffee,Cold Brew,1,180,181.58
3759,2026-04-23,Hyderabad,Flagship,Coffee,Cappuccino,1,140,143.24
3760,2026-04-23,Hyderabad,Flagship,Merchandise,Mug,1,350,359.76
3761,2026-04-23,Hyderabad,Flagship,Bakery,Croissant,1,90,87.65
3762,2026-04-23,Hyderabad,Flagship,Coffee,Espresso,1,120,117.15
3763,2026-04-23,Hyderabad,Flagship,Bakery,Brownie,1,110,111.77
3764,2026-04-23,Hyderabad,Flagship,Coffee,Espresso,3,120,370.47
3765,2026-04-23,Hyderabad,Flagship,Coffee,Filter Coffee,1,60,61.49
3766,2026-04-23,Hyderabad,Flagship,Coffee,Cold Brew,4,180,723.71
3767,2026-04-23,Hyderabad,Flagship,Coffee,Cappuccino,1,140,143.4
3768,2026-04-23,Hyderabad,Flagship,Coffee,Filter Coffee,2,60,122.28
3769,2026-04-23,Hyderabad,Flagship,Coffee,Cold Brew,3,180,539.56
3770,2026-04-23,Hyderabad,Flagship,Coffee,Filter Coffee,1,60,60.93
3771,2026-04-23,Hyderabad,Flagship,Coffee,Espresso,1,120,119.93
3772,2026-04-23,Hyderabad,Flagship,Coffee,Filter Coffee,1,60,60.1
3773,2026-04-23,Hyderabad,Flagship,Bakery,Brownie,1,110,107.48
3774,2026-04-23,Hyderabad,Flagship,Coffee,Espresso,1,120,118.14
3775,2026-04-23,Hyderabad,Kiosk,Coffee,Espresso,1,120,117.32
3776,2026-04-23,Hyderabad,Kiosk,Coffee,Cold Brew,4,180,710.41
3777,2026-04-23,Hyderabad,Kiosk,Merchandise,Tumbler,1,550,562.39
3778,2026-04-23,Hyderabad,Kiosk,Bakery,Croissant,1,90,87.81
3779,2026-04-23,Hyderabad,Kiosk,Merchandise,Mug,2,350,712.74
3780,2026-04-23,Hyderabad,Kiosk,Coffee,Filter Coffee,1,60,60.88
3781,2026-04-23,Hyderabad,Kiosk,Bakery,Croissant,1,90,88.29
3782,2026-04-23,Hyderabad,Kiosk,Merchandise,Mug,2,350,694.7
3783,2026-04-23,Hyderabad,Kiosk,Coffee,Espresso,2,120,234.39
3784,2026-04-23,Hyderabad,Kiosk,Coffee,Cappuccino,3,140,429.63
3785,2026-04-23,Hyderabad,Drive-Thru,Bakery,Croissant,1,90,90.66
3786,2026-04-23,Hyderabad,Drive-Thru,Coffee,Cappuccino,1,140,138.81
3787,2026-04-23,Hyderabad,Drive-Thru,Bakery,Muffin,2,70,136.52
3788,2026-04-23,Hyderabad,Drive-Thru,Coffee,Espresso,1,120,120.84
3789,2026-04-23,Hyderabad,Drive-Thru,Bakery,Croissant,3,90,266.34
3790,2026-04-23,Hyderabad,Drive-Thru,Coffee,Filter Coffee,3,60,179.36
3791,2026-04-23,Hyderabad,Drive-Thru,Bakery,Croissant,2,90,177.67
3792,2026-04-23,Hyderabad,Drive-Thru,Bakery,Muffin,1,70,69.45
3793,2026-04-23,Hyderabad,Drive-Thru,Coffee,Cappuccino,2,140,281.78
3794,2026-04-23,Hyderabad,Drive-Thru,Merchandise,Tumbler,2,550,1084.0
3795,2026-04-23,Hyderabad,Drive-Thru,Merchandise,Tumbler,3,550,1661.38
3796,2026-04-23,Hyderabad,Drive-Thru,Coffee,Filter Coffee,1,60,59.34
3797,2026-04-23,Hyderabad,Drive-Thru,Coffee,Cold Brew,2,180,350.19
3798,2026-04-23,Hyderabad,Drive-Thru,Merchandise,Tumbler,2,550,1071.24
3799,2026-04-23,Hyderabad,Drive-Thru,Coffee,Cappuccino,1,140,137.13
3800,2026-04-23,Hyderabad,Drive-Thru,Coffee,Filter Coffee,2,60,122.86
3801,2026-04-24,Coimbatore,Flagship,Coffee,Cappuccino,1,140,142.38
3802,2026-04-24,Coimbatore,Flagship,Merchandise,Coffee Beans Pack,1,450,437.34
3803,2026-04-24,Coimbatore,Flagship,Merchandise,Mug,1,350,339.88
3804,2026-04-24,Coimbatore,Flagship,Merchandise,Mug,3,350,1041.88
3805,2026-04-24,Coimbatore,Flagship,Coffee,Filter Coffee,3,60,175.96
3806,2026-04-24,Coimbatore,Flagship,Coffee,Cold Brew,2,180,361.18
3807,2026-04-24,Coimbatore,Flagship,Coffee,Cold Brew,1,180,179.75
3808,2026-04-24,Coimbatore,Flagship,Coffee,Cappuccino,2,140,279.68
3809,2026-04-24,Coimbatore,Flagship,Bakery,Croissant,3,90,274.76
3810,2026-04-24,Coimbatore,Flagship,Coffee,Espresso,1,120,121.17
3811,2026-04-24,Coimbatore,Flagship,Bakery,Brownie,1,110,109.13
3812,2026-04-24,Coimbatore,Flagship,Coffee,Espresso,1,120,120.23
3813,2026-04-24,Coimbatore,Flagship,Merchandise,Mug,1,350,354.42
3814,2026-04-24,Coimbatore,Flagship,Coffee,Cold Brew,3,180,544.65
3815,2026-04-24,Coimbatore,Flagship,Coffee,Filter Coffee,3,60,184.19
3816,2026-04-24,Coimbatore,Flagship,Coffee,Cappuccino,1,140,144.2
3817,2026-04-24,Coimbatore,Kiosk,Merchandise,Coffee Beans Pack,1,450,458.6
3818,2026-04-24,Coimbatore,Kiosk,Merchandise,Coffee Beans Pack,2,450,918.17
3819,2026-04-24,Coimbatore,Kiosk,Merchandise,Mug,1,350,356.87
3820,2026-04-24,Coimbatore,Kiosk,Coffee,Cold Brew,1,180,179.77
3821,2026-04-24,Coimbatore,Kiosk,Coffee,Espresso,1,120,120.41
3822,2026-04-24,Coimbatore,Kiosk,Bakery,Croissant,1,90,92.45
3823,2026-04-24,Coimbatore,Kiosk,Coffee,Cold Brew,4,180,732.59
3824,2026-04-24,Coimbatore,Drive-Thru,Coffee,Cold Brew,2,180,366.19
3825,2026-04-24,Coimbatore,Drive-Thru,Coffee,Cold Brew,3,180,548.51
3826,2026-04-24,Coimbatore,Drive-Thru,Coffee,Filter Coffee,1,60,60.89
3827,2026-04-24,Coimbatore,Drive-Thru,Coffee,Filter Coffee,1,60,60.58
3828,2026-04-24,Coimbatore,Drive-Thru,Merchandise,Tumbler,2,550,1109.69
3829,2026-04-24,Coimbatore,Drive-Thru,Merchandise,Tumbler,1,550,551.61
3830,2026-04-24,Coimbatore,Drive-Thru,Coffee,Espresso,1,120,119.91
3831,2026-04-24,Coimbatore,Drive-Thru,Bakery,Muffin,1,70,69.1
3832,2026-04-24,Chennai,Flagship,Coffee,Cold Brew,2,180,353.85
3833,2026-04-24,Chennai,Flagship,Coffee,Espresso,1,120,116.97
3834,2026-04-24,Chennai,Flagship,Coffee,Cold Brew,2,180,359.7
3835,2026-04-24,Chennai,Flagship,Bakery,Brownie,1,110,110.56
3836,2026-04-24,Chennai,Flagship,Bakery,Muffin,1,70,71.34
3837,2026-04-24,Chennai,Flagship,Coffee,Cappuccino,2,140,285.63
3838,2026-04-24,Chennai,Flagship,Coffee,Espresso,3,120,364.79
3839,2026-04-24,Chennai,Flagship,Bakery,Muffin,2,70,140.35
3840,2026-04-24,Chennai,Flagship,Merchandise,Tumbler,1,550,553.57
3841,2026-04-24,Chennai,Flagship,Coffee,Filter Coffee,1,60,59.17
3842,2026-04-24,Chennai,Flagship,Coffee,Cold Brew,3,180,538.82
3843,2026-04-24,Chennai,Flagship,Coffee,Cappuccino,1,140,140.86
3844,2026-04-24,Chennai,Flagship,Coffee,Filter Coffee,2,60,117.46
3845,2026-04-24,Chennai,Flagship,Merchandise,Mug,1,350,351.29
3846,2026-04-24,Chennai,Flagship,Bakery,Brownie,1,110,113.3
3847,2026-04-24,Chennai,Flagship,Coffee,Espresso,1,120,119.62
3848,2026-04-24,Chennai,Flagship,Merchandise,Mug,2,350,685.87
3849,2026-04-24,Chennai,Flagship,Bakery,Croissant,3,90,265.25
3850,2026-04-24,Chennai,Flagship,Coffee,Filter Coffee,3,60,184.87
3851,2026-04-24,Chennai,Flagship,Bakery,Muffin,1,70,71.1
3852,2026-04-24,Chennai,Flagship,Coffee,Filter Coffee,1,60,60.48
3853,2026-04-24,Chennai,Kiosk,Coffee,Filter Coffee,1,60,58.61
3854,2026-04-24,Chennai,Kiosk,Coffee,Cold Brew,1,180,183.0
3855,2026-04-24,Chennai,Kiosk,Bakery,Muffin,1,70,72.06
3856,2026-04-24,Chennai,Kiosk,Coffee,Filter Coffee,1,60,58.67
3857,2026-04-24,Chennai,Kiosk,Bakery,Croissant,1,90,91.43
3858,2026-04-24,Chennai,Kiosk,Coffee,Filter Coffee,2,60,117.27
3859,2026-04-24,Chennai,Kiosk,Bakery,Muffin,1,70,69.02
3860,2026-04-24,Chennai,Drive-Thru,Coffee,Filter Coffee,1,60,59.4
3861,2026-04-24,Chennai,Drive-Thru,Merchandise,Mug,2,350,706.64
3862,2026-04-24,Chennai,Drive-Thru,Merchandise,Coffee Beans Pack,2,450,922.06
3863,2026-04-24,Chennai,Drive-Thru,Merchandise,Coffee Beans Pack,1,450,441.16
3864,2026-04-24,Chennai,Drive-Thru,Merchandise,Tumbler,2,550,1109.32
3865,2026-04-24,Chennai,Drive-Thru,Coffee,Filter Coffee,2,60,117.13
3866,2026-04-24,Chennai,Drive-Thru,Coffee,Filter Coffee,2,60,123.44
3867,2026-04-24,Chennai,Drive-Thru,Bakery,Muffin,2,70,142.21
3868,2026-04-24,Chennai,Drive-Thru,Bakery,Muffin,1,70,68.82
3869,2026-04-24,Chennai,Drive-Thru,Merchandise,Tumbler,1,550,555.76
3870,2026-04-24,Chennai,Drive-Thru,Bakery,Croissant,3,90,267.81
3871,2026-04-24,Chennai,Drive-Thru,Bakery,Brownie,2,110,221.14
3872,2026-04-24,Chennai,Drive-Thru,Coffee,Espresso,3,120,349.29
3873,2026-04-24,Chennai,Drive-Thru,Coffee,Cappuccino,1,140,136.65
3874,2026-04-24,Chennai,Drive-Thru,Coffee,Espresso,1,120,119.97
3875,2026-04-24,Chennai,Drive-Thru,Coffee,Cold Brew,4,180,718.12
3876,2026-04-24,Bengaluru,Flagship,Coffee,Cappuccino,1,140,140.28
3877,2026-04-24,Bengaluru,Flagship,Coffee,Cappuccino,3,140,431.93
3878,2026-04-24,Bengaluru,Flagship,Coffee,Cappuccino,1,140,142.2
3879,2026-04-24,Bengaluru,Flagship,Merchandise,Mug,1,350,347.0
3880,2026-04-24,Bengaluru,Flagship,Coffee,Cappuccino,1,140,137.05
3881,2026-04-24,Bengaluru,Flagship,Bakery,Croissant,2,90,181.35
3882,2026-04-24,Bengaluru,Flagship,Coffee,Espresso,2,120,243.95
3883,2026-04-24,Bengaluru,Flagship,Bakery,Brownie,1,110,107.07
3884,2026-04-24,Bengaluru,Flagship,Coffee,Espresso,1,120,119.65
3885,2026-04-24,Bengaluru,Flagship,Coffee,Espresso,1,120,120.53
3886,2026-04-24,Bengaluru,Flagship,Coffee,Cold Brew,2,180,364.62
3887,2026-04-24,Bengaluru,Flagship,Merchandise,Coffee Beans Pack,1,450,441.1
3888,2026-04-24,Bengaluru,Flagship,Coffee,Filter Coffee,1,60,60.4
3889,2026-04-24,Bengaluru,Flagship,Coffee,Cold Brew,1,180,179.97
3890,2026-04-24,Bengaluru,Flagship,Bakery,Brownie,3,110,336.08
3891,2026-04-24,Bengaluru,Flagship,Coffee,Filter Coffee,2,60,117.92
3892,2026-04-24,Bengaluru,Flagship,Bakery,Croissant,1,90,88.65
3893,2026-04-24,Bengaluru,Flagship,Coffee,Filter Coffee,3,60,183.25
3894,2026-04-24,Bengaluru,Flagship,Coffee,Cappuccino,2,140,280.58
3895,2026-04-24,Bengaluru,Flagship,Coffee,Espresso,1,120,117.92
3896,2026-04-24,Bengaluru,Flagship,Merchandise,Tumbler,2,550,1087.82
3897,2026-04-24,Bengaluru,Flagship,Coffee,Cappuccino,1,140,143.78
3898,2026-04-24,Bengaluru,Flagship,Coffee,Espresso,1,120,120.79
3899,2026-04-24,Bengaluru,Flagship,Coffee,Cold Brew,1,180,178.97
3900,2026-04-24,Bengaluru,Kiosk,Bakery,Croissant,1,90,92.53
3901,2026-04-24,Bengaluru,Kiosk,Coffee,Cold Brew,3,180,541.57
3902,2026-04-24,Bengaluru,Kiosk,Coffee,Espresso,1,120,118.14
3903,2026-04-24,Bengaluru,Kiosk,Merchandise,Coffee Beans Pack,1,450,441.65
3904,2026-04-24,Bengaluru,Kiosk,Coffee,Filter Coffee,2,60,121.97
3905,2026-04-24,Bengaluru,Kiosk,Bakery,Brownie,2,110,215.99
3906,2026-04-24,Bengaluru,Kiosk,Coffee,Espresso,2,120,246.47
3907,2026-04-24,Bengaluru,Kiosk,Merchandise,Coffee Beans Pack,1,450,450.1
3908,2026-04-24,Bengaluru,Kiosk,Bakery,Croissant,1,90,88.03
3909,2026-04-24,Bengaluru,Drive-Thru,Merchandise,Mug,1,350,354.37
3910,2026-04-24,Bengaluru,Drive-Thru,Bakery,Brownie,1,110,107.88
3911,2026-04-24,Bengaluru,Drive-Thru,Coffee,Cold Brew,3,180,543.71
3912,2026-04-24,Bengaluru,Drive-Thru,Coffee,Cappuccino,2,140,284.01
3913,2026-04-24,Bengaluru,Drive-Thru,Coffee,Espresso,1,120,120.22
3914,2026-04-24,Bengaluru,Drive-Thru,Bakery,Brownie,2,110,225.01
3915,2026-04-24,Bengaluru,Drive-Thru,Coffee,Filter Coffee,3,60,177.15
3916,2026-04-24,Bengaluru,Drive-Thru,Coffee,Cold Brew,2,180,362.56
3917,2026-04-24,Bengaluru,Drive-Thru,Coffee,Cappuccino,1,140,138.03
3918,2026-04-24,Bengaluru,Drive-Thru,Coffee,Filter Coffee,1,60,59.15
3919,2026-04-24,Bengaluru,Drive-Thru,Coffee,Cold Brew,1,180,180.33
3920,2026-04-24,Bengaluru,Drive-Thru,Bakery,Croissant,1,90,91.55
3921,2026-04-24,Bengaluru,Drive-Thru,Coffee,Cappuccino,1,140,141.2
3922,2026-04-24,Bengaluru,Drive-Thru,Bakery,Brownie,1,110,107.87
3923,2026-04-24,Bengaluru,Drive-Thru,Bakery,Brownie,3,110,326.21
3924,2026-04-24,Bengaluru,Drive-Thru,Merchandise,Coffee Beans Pack,2,450,922.08
3925,2026-04-24,Bengaluru,Drive-Thru,Coffee,Cappuccino,1,140,140.63
3926,2026-04-24,Bengaluru,Drive-Thru,Coffee,Cold Brew,2,180,366.66
3927,2026-04-24,Hyderabad,Flagship,Merchandise,Coffee Beans Pack,3,450,1342.95
3928,2026-04-24,Hyderabad,Flagship,Bakery,Brownie,2,110,214.56
3929,2026-04-24,Hyderabad,Flagship,Coffee,Cold Brew,2,180,356.81
3930,2026-04-24,Hyderabad,Flagship,Coffee,Filter Coffee,2,60,120.23
3931,2026-04-24,Hyderabad,Flagship,Bakery,Muffin,1,70,71.47
3932,2026-04-24,Hyderabad,Flagship,Coffee,Espresso,1,120,117.72
3933,2026-04-24,Hyderabad,Flagship,Coffee,Cold Brew,2,180,369.88
3934,2026-04-24,Hyderabad,Flagship,Coffee,Cappuccino,1,140,137.92
3935,2026-04-24,Hyderabad,Flagship,Bakery,Brownie,1,110,110.4
3936,2026-04-24,Hyderabad,Flagship,Bakery,Brownie,2,110,213.46
3937,2026-04-24,Hyderabad,Flagship,Bakery,Muffin,2,70,143.63
3938,2026-04-24,Hyderabad,Flagship,Coffee,Filter Coffee,1,60,59.7
3939,2026-04-24,Hyderabad,Flagship,Coffee,Espresso,3,120,354.56
3940,2026-04-24,Hyderabad,Flagship,Coffee,Espresso,1,120,119.71
3941,2026-04-24,Hyderabad,Flagship,Coffee,Cold Brew,2,180,367.55
3942,2026-04-24,Hyderabad,Flagship,Coffee,Espresso,1,120,122.2
3943,2026-04-24,Hyderabad,Flagship,Merchandise,Tumbler,1,550,539.05
3944,2026-04-24,Hyderabad,Flagship,Coffee,Cappuccino,1,140,138.57
3945,2026-04-24,Hyderabad,Flagship,Merchandise,Coffee Beans Pack,1,450,443.31
3946,2026-04-24,Hyderabad,Flagship,Coffee,Espresso,2,120,236.21
3947,2026-04-24,Hyderabad,Flagship,Merchandise,Tumbler,1,550,556.75
3948,2026-04-24,Hyderabad,Flagship,Bakery,Croissant,2,90,177.59
3949,2026-04-24,Hyderabad,Kiosk,Coffee,Filter Coffee,2,60,118.24
3950,2026-04-24,Hyderabad,Kiosk,Merchandise,Coffee Beans Pack,2,450,877.81
3951,2026-04-24,Hyderabad,Kiosk,Bakery,Muffin,1,70,67.95
3952,2026-04-24,Hyderabad,Kiosk,Bakery,Croissant,2,90,180.19
3953,2026-04-24,Hyderabad,Kiosk,Coffee,Cappuccino,1,140,142.66
3954,2026-04-24,Hyderabad,Kiosk,Bakery,Croissant,1,90,92.1
3955,2026-04-24,Hyderabad,Kiosk,Bakery,Muffin,1,70,69.18
3956,2026-04-24,Hyderabad,Kiosk,Coffee,Filter Coffee,1,60,59.7
3957,2026-04-24,Hyderabad,Kiosk,Bakery,Muffin,1,70,69.66
3958,2026-04-24,Hyderabad,Kiosk,Coffee,Cappuccino,1,140,139.38
3959,2026-04-24,Hyderabad,Drive-Thru,Coffee,Filter Coffee,2,60,117.51
3960,2026-04-24,Hyderabad,Drive-Thru,Bakery,Muffin,1,70,70.66
3961,2026-04-24,Hyderabad,Drive-Thru,Merchandise,Coffee Beans Pack,1,450,444.4
3962,2026-04-24,Hyderabad,Drive-Thru,Coffee,Cold Brew,2,180,364.79
3963,2026-04-24,Hyderabad,Drive-Thru,Coffee,Cappuccino,1,140,142.25
3964,2026-04-24,Hyderabad,Drive-Thru,Merchandise,Tumbler,1,550,534.02
3965,2026-04-24,Hyderabad,Drive-Thru,Bakery,Croissant,1,90,92.37
3966,2026-04-24,Hyderabad,Drive-Thru,Coffee,Cappuccino,2,140,287.52
3967,2026-04-24,Hyderabad,Drive-Thru,Coffee,Espresso,1,120,119.32
3968,2026-04-24,Hyderabad,Drive-Thru,Merchandise,Coffee Beans Pack,1,450,443.89
3969,2026-04-25,Coimbatore,Flagship,Coffee,Espresso,1,120,123.06
3970,2026-04-25,Coimbatore,Flagship,Bakery,Brownie,1,110,109.98
3971,2026-04-25,Coimbatore,Flagship,Bakery,Brownie,3,110,324.54
3972,2026-04-25,Coimbatore,Flagship,Coffee,Filter Coffee,1,60,61.74
3973,2026-04-25,Coimbatore,Flagship,Coffee,Cold Brew,2,180,363.77
3974,2026-04-25,Coimbatore,Flagship,Bakery,Muffin,2,70,138.79
3975,2026-04-25,Coimbatore,Flagship,Coffee,Filter Coffee,1,60,60.83
3976,2026-04-25,Coimbatore,Flagship,Coffee,Cappuccino,2,140,280.87
3977,2026-04-25,Coimbatore,Flagship,Coffee,Espresso,1,120,117.64
3978,2026-04-25,Coimbatore,Flagship,Bakery,Muffin,3,70,212.46
3979,2026-04-25,Coimbatore,Flagship,Coffee,Cold Brew,2,180,350.41
3980,2026-04-25,Coimbatore,Flagship,Coffee,Cold Brew,2,180,370.35
3981,2026-04-25,Coimbatore,Flagship,Bakery,Croissant,3,90,276.46
3982,2026-04-25,Coimbatore,Flagship,Bakery,Croissant,1,90,88.17
3983,2026-04-25,Coimbatore,Flagship,Merchandise,Tumbler,1,550,565.45
3984,2026-04-25,Coimbatore,Flagship,Merchandise,Tumbler,1,550,542.7
3985,2026-04-25,Coimbatore,Kiosk,Coffee,Cappuccino,2,140,276.97
3986,2026-04-25,Coimbatore,Kiosk,Coffee,Espresso,2,120,240.76
3987,2026-04-25,Coimbatore,Kiosk,Coffee,Espresso,2,120,246.99
3988,2026-04-25,Coimbatore,Kiosk,Bakery,Brownie,3,110,329.93
3989,2026-04-25,Coimbatore,Kiosk,Coffee,Cappuccino,1,140,136.09
3990,2026-04-25,Coimbatore,Kiosk,Coffee,Espresso,1,120,119.85
3991,2026-04-25,Coimbatore,Kiosk,Coffee,Cappuccino,1,140,139.93
3992,2026-04-25,Coimbatore,Kiosk,Coffee,Espresso,1,120,120.59
3993,2026-04-25,Coimbatore,Kiosk,Bakery,Muffin,3,70,206.8
3994,2026-04-25,Coimbatore,Kiosk,Coffee,Cappuccino,1,140,142.48
3995,2026-04-25,Coimbatore,Drive-Thru,Bakery,Croissant,2,90,179.53
3996,2026-04-25,Coimbatore,Drive-Thru,Coffee,Cold Brew,3,180,542.63
3997,2026-04-25,Coimbatore,Drive-Thru,Coffee,Filter Coffee,2,60,117.96
3998,2026-04-25,Coimbatore,Drive-Thru,Merchandise,Tumbler,2,550,1082.57
3999,2026-04-25,Coimbatore,Drive-Thru,Coffee,Espresso,1,120,118.63
4000,2026-04-25,Coimbatore,Drive-Thru,Coffee,Espresso,1,120,122.61
4001,2026-04-25,Coimbatore,Drive-Thru,Coffee,Cappuccino,1,140,140.95
4002,2026-04-25,Coimbatore,Drive-Thru,Bakery,Croissant,3,90,264.37
4003,2026-04-25,Coimbatore,Drive-Thru,Bakery,Brownie,1,110,108.48
4004,2026-04-25,Coimbatore,Drive-Thru,Coffee,Cappuccino,2,140,281.68
4005,2026-04-25,Coimbatore,Drive-Thru,Bakery,Croissant,2,90,175.33
4006,2026-04-25,Chennai,Flagship,Bakery,Brownie,1,110,111.92
4007,2026-04-25,Chennai,Flagship,Bakery,Muffin,2,70,136.39
4008,2026-04-25,Chennai,Flagship,Coffee,Filter Coffee,1,60,60.14
4009,2026-04-25,Chennai,Flagship,Coffee,Filter Coffee,1,60,59.67
4010,2026-04-25,Chennai,Flagship,Coffee,Filter Coffee,1,60,58.43
4011,2026-04-25,Chennai,Flagship,Bakery,Brownie,1,110,108.2
4012,2026-04-25,Chennai,Flagship,Bakery,Brownie,2,110,219.67
4013,2026-04-25,Chennai,Flagship,Coffee,Cappuccino,2,140,275.6
4014,2026-04-25,Chennai,Flagship,Merchandise,Coffee Beans Pack,1,450,460.86
4015,2026-04-25,Chennai,Flagship,Coffee,Espresso,1,120,121.01
4016,2026-04-25,Chennai,Flagship,Bakery,Muffin,1,70,69.82
4017,2026-04-25,Chennai,Flagship,Coffee,Cold Brew,3,180,539.0
4018,2026-04-25,Chennai,Flagship,Coffee,Espresso,1,120,116.97
4019,2026-04-25,Chennai,Flagship,Coffee,Espresso,3,120,354.96
4020,2026-04-25,Chennai,Flagship,Coffee,Espresso,1,120,119.21
4021,2026-04-25,Chennai,Flagship,Bakery,Croissant,2,90,178.41
4022,2026-04-25,Chennai,Flagship,Coffee,Filter Coffee,1,60,58.95
4023,2026-04-25,Chennai,Flagship,Merchandise,Coffee Beans Pack,2,450,873.87
4024,2026-04-25,Chennai,Flagship,Bakery,Muffin,2,70,141.34
4025,2026-04-25,Chennai,Flagship,Coffee,Filter Coffee,3,60,185.04
4026,2026-04-25,Chennai,Flagship,Coffee,Cappuccino,1,140,139.87
4027,2026-04-25,Chennai,Kiosk,Coffee,Filter Coffee,2,60,118.55
4028,2026-04-25,Chennai,Kiosk,Coffee,Cold Brew,2,180,356.41
4029,2026-04-25,Chennai,Kiosk,Coffee,Filter Coffee,2,60,120.36
4030,2026-04-25,Chennai,Kiosk,Bakery,Brownie,1,110,109.88
4031,2026-04-25,Chennai,Kiosk,Merchandise,Coffee Beans Pack,3,450,1314.19
4032,2026-04-25,Chennai,Kiosk,Bakery,Croissant,2,90,178.18
4033,2026-04-25,Chennai,Kiosk,Bakery,Croissant,1,90,87.31
4034,2026-04-25,Chennai,Kiosk,Coffee,Cappuccino,2,140,276.35
4035,2026-04-25,Chennai,Kiosk,Coffee,Espresso,2,120,240.6
4036,2026-04-25,Chennai,Kiosk,Bakery,Brownie,1,110,111.6
4037,2026-04-25,Chennai,Kiosk,Bakery,Croissant,2,90,179.33
4038,2026-04-25,Chennai,Kiosk,Bakery,Muffin,2,70,143.61
4039,2026-04-25,Chennai,Kiosk,Bakery,Muffin,1,70,67.96
4040,2026-04-25,Chennai,Kiosk,Merchandise,Mug,2,350,707.0
4041,2026-04-25,Chennai,Kiosk,Merchandise,Coffee Beans Pack,2,450,901.5
4042,2026-04-25,Chennai,Drive-Thru,Coffee,Cappuccino,2,140,286.45
4043,2026-04-25,Chennai,Drive-Thru,Coffee,Espresso,1,120,116.6
4044,2026-04-25,Chennai,Drive-Thru,Coffee,Cold Brew,1,180,178.94
4045,2026-04-25,Chennai,Drive-Thru,Coffee,Filter Coffee,1,60,61.79
4046,2026-04-25,Chennai,Drive-Thru,Coffee,Cappuccino,1,140,139.57
4047,2026-04-25,Chennai,Drive-Thru,Coffee,Cold Brew,1,180,176.89
4048,2026-04-25,Chennai,Drive-Thru,Bakery,Croissant,2,90,183.36
4049,2026-04-25,Chennai,Drive-Thru,Coffee,Filter Coffee,2,60,121.03
4050,2026-04-25,Chennai,Drive-Thru,Bakery,Croissant,2,90,175.07
4051,2026-04-25,Chennai,Drive-Thru,Merchandise,Tumbler,1,550,549.93
4052,2026-04-25,Chennai,Drive-Thru,Bakery,Muffin,2,70,140.06
4053,2026-04-25,Chennai,Drive-Thru,Coffee,Cold Brew,3,180,553.53
4054,2026-04-25,Chennai,Drive-Thru,Merchandise,Coffee Beans Pack,3,450,1339.21
4055,2026-04-25,Chennai,Drive-Thru,Coffee,Espresso,2,120,241.76
4056,2026-04-25,Chennai,Drive-Thru,Coffee,Espresso,1,120,116.46
4057,2026-04-25,Chennai,Drive-Thru,Coffee,Cappuccino,2,140,277.46
4058,2026-04-25,Chennai,Drive-Thru,Coffee,Espresso,2,120,234.13
4059,2026-04-25,Chennai,Drive-Thru,Coffee,Cold Brew,2,180,352.6
4060,2026-04-25,Chennai,Drive-Thru,Coffee,Espresso,1,120,121.68
4061,2026-04-25,Chennai,Drive-Thru,Bakery,Brownie,3,110,337.62
4062,2026-04-25,Chennai,Drive-Thru,Merchandise,Mug,1,350,352.93
4063,2026-04-25,Bengaluru,Flagship,Bakery,Muffin,1,70,71.0
4064,2026-04-25,Bengaluru,Flagship,Coffee,Espresso,1,120,121.66
4065,2026-04-25,Bengaluru,Flagship,Coffee,Filter Coffee,3,60,176.07
4066,2026-04-25,Bengaluru,Flagship,Coffee,Cold Brew,2,180,362.12
4067,2026-04-25,Bengaluru,Flagship,Bakery,Brownie,1,110,109.48
4068,2026-04-25,Bengaluru,Flagship,Merchandise,Mug,1,350,350.64
4069,2026-04-25,Bengaluru,Flagship,Coffee,Espresso,2,120,236.41
4070,2026-04-25,Bengaluru,Flagship,Coffee,Filter Coffee,2,60,116.63
4071,2026-04-25,Bengaluru,Flagship,Bakery,Croissant,1,90,91.97
4072,2026-04-25,Bengaluru,Flagship,Merchandise,Mug,1,350,348.25
4073,2026-04-25,Bengaluru,Flagship,Coffee,Cold Brew,3,180,548.16
4074,2026-04-25,Bengaluru,Flagship,Coffee,Cappuccino,1,140,141.3
4075,2026-04-25,Bengaluru,Flagship,Coffee,Filter Coffee,3,60,185.11
4076,2026-04-25,Bengaluru,Flagship,Coffee,Cold Brew,2,180,364.51
4077,2026-04-25,Bengaluru,Flagship,Coffee,Filter Coffee,1,60,59.17
4078,2026-04-25,Bengaluru,Flagship,Bakery,Muffin,3,70,207.96
4079,2026-04-25,Bengaluru,Flagship,Coffee,Filter Coffee,3,60,180.46
4080,2026-04-25,Bengaluru,Flagship,Bakery,Muffin,1,70,69.18
4081,2026-04-25,Bengaluru,Flagship,Bakery,Brownie,1,110,107.65
4082,2026-04-25,Bengaluru,Flagship,Merchandise,Coffee Beans Pack,2,450,916.34
4083,2026-04-25,Bengaluru,Flagship,Bakery,Brownie,1,110,109.86
4084,2026-04-25,Bengaluru,Flagship,Coffee,Espresso,2,120,242.4
4085,2026-04-25,Bengaluru,Flagship,Coffee,Espresso,3,120,351.64
4086,2026-04-25,Bengaluru,Flagship,Coffee,Cold Brew,2,180,365.43
4087,2026-04-25,Bengaluru,Flagship,Coffee,Filter Coffee,3,60,177.29
4088,2026-04-25,Bengaluru,Flagship,Coffee,Cappuccino,1,140,137.42
4089,2026-04-25,Bengaluru,Flagship,Merchandise,Coffee Beans Pack,1,450,441.86
4090,2026-04-25,Bengaluru,Kiosk,Coffee,Filter Coffee,2,60,119.39
4091,2026-04-25,Bengaluru,Kiosk,Coffee,Filter Coffee,2,60,122.32
4092,2026-04-25,Bengaluru,Kiosk,Coffee,Filter Coffee,2,60,117.0
4093,2026-04-25,Bengaluru,Kiosk,Bakery,Muffin,3,70,207.11
4094,2026-04-25,Bengaluru,Kiosk,Coffee,Filter Coffee,1,60,58.34
4095,2026-04-25,Bengaluru,Kiosk,Coffee,Cold Brew,3,180,538.28
4096,2026-04-25,Bengaluru,Kiosk,Bakery,Muffin,2,70,143.84
4097,2026-04-25,Bengaluru,Kiosk,Bakery,Croissant,2,90,176.5
4098,2026-04-25,Bengaluru,Kiosk,Bakery,Croissant,1,90,88.39
4099,2026-04-25,Bengaluru,Drive-Thru,Coffee,Espresso,3,120,353.64
4100,2026-04-25,Bengaluru,Drive-Thru,Bakery,Muffin,1,70,71.12
4101,2026-04-25,Bengaluru,Drive-Thru,Coffee,Cappuccino,1,140,143.44
4102,2026-04-25,Bengaluru,Drive-Thru,Merchandise,Tumbler,1,550,536.33
4103,2026-04-25,Bengaluru,Drive-Thru,Coffee,Espresso,2,120,234.57
4104,2026-04-25,Bengaluru,Drive-Thru,Coffee,Espresso,1,120,116.98
4105,2026-04-25,Bengaluru,Drive-Thru,Bakery,Croissant,3,90,272.49
4106,2026-04-25,Bengaluru,Drive-Thru,Coffee,Espresso,1,120,122.59
4107,2026-04-25,Bengaluru,Drive-Thru,Coffee,Cold Brew,2,180,358.59
4108,2026-04-25,Bengaluru,Drive-Thru,Coffee,Espresso,1,120,118.14
4109,2026-04-25,Bengaluru,Drive-Thru,Coffee,Espresso,2,120,241.15
4110,2026-04-25,Bengaluru,Drive-Thru,Bakery,Croissant,3,90,270.04
4111,2026-04-25,Bengaluru,Drive-Thru,Coffee,Cappuccino,2,140,277.64
4112,2026-04-25,Bengaluru,Drive-Thru,Coffee,Filter Coffee,1,60,59.44
4113,2026-04-25,Bengaluru,Drive-Thru,Bakery,Brownie,1,110,112.08
4114,2026-04-25,Bengaluru,Drive-Thru,Bakery,Muffin,1,70,68.17
4115,2026-04-25,Bengaluru,Drive-Thru,Coffee,Espresso,2,120,233.98
4116,2026-04-25,Hyderabad,Flagship,Bakery,Muffin,2,70,143.13
4117,2026-04-25,Hyderabad,Flagship,Merchandise,Tumbler,1,550,560.67
4118,2026-04-25,Hyderabad,Flagship,Merchandise,Coffee Beans Pack,2,450,914.01
4119,2026-04-25,Hyderabad,Flagship,Coffee,Cappuccino,1,140,143.56
4120,2026-04-25,Hyderabad,Flagship,Coffee,Filter Coffee,1,60,61.5
4121,2026-04-25,Hyderabad,Flagship,Bakery,Croissant,1,90,87.53
4122,2026-04-25,Hyderabad,Flagship,Merchandise,Tumbler,1,550,539.55
4123,2026-04-25,Hyderabad,Flagship,Coffee,Filter Coffee,1,60,58.53
4124,2026-04-25,Hyderabad,Flagship,Coffee,Filter Coffee,1,60,59.35
4125,2026-04-25,Hyderabad,Flagship,Coffee,Cold Brew,1,180,180.98
4126,2026-04-25,Hyderabad,Flagship,Coffee,Cold Brew,3,180,537.89
4127,2026-04-25,Hyderabad,Flagship,Coffee,Cold Brew,2,180,359.05
4128,2026-04-25,Hyderabad,Flagship,Bakery,Muffin,1,70,68.18
4129,2026-04-25,Hyderabad,Flagship,Bakery,Brownie,1,110,107.95
4130,2026-04-25,Hyderabad,Flagship,Merchandise,Tumbler,3,550,1680.66
4131,2026-04-25,Hyderabad,Flagship,Merchandise,Mug,2,350,707.9
4132,2026-04-25,Hyderabad,Flagship,Coffee,Cappuccino,1,140,140.34
4133,2026-04-25,Hyderabad,Flagship,Bakery,Muffin,1,70,70.92
4134,2026-04-25,Hyderabad,Flagship,Merchandise,Tumbler,1,550,560.41
4135,2026-04-25,Hyderabad,Flagship,Coffee,Cappuccino,3,140,414.36
4136,2026-04-25,Hyderabad,Flagship,Bakery,Croissant,1,90,90.47
4137,2026-04-25,Hyderabad,Flagship,Coffee,Espresso,2,120,244.4
4138,2026-04-25,Hyderabad,Flagship,Merchandise,Tumbler,1,550,556.05
4139,2026-04-25,Hyderabad,Flagship,Coffee,Espresso,1,120,117.8
4140,2026-04-25,Hyderabad,Flagship,Merchandise,Mug,1,350,360.13
4141,2026-04-25,Hyderabad,Flagship,Bakery,Muffin,1,70,68.15
4142,2026-04-25,Hyderabad,Flagship,Coffee,Cappuccino,2,140,276.11
4143,2026-04-25,Hyderabad,Flagship,Coffee,Espresso,1,120,120.96
4144,2026-04-25,Hyderabad,Flagship,Coffee,Filter Coffee,2,60,122.66
4145,2026-04-25,Hyderabad,Kiosk,Bakery,Brownie,1,110,111.15
4146,2026-04-25,Hyderabad,Kiosk,Bakery,Croissant,2,90,181.81
4147,2026-04-25,Hyderabad,Kiosk,Bakery,Muffin,1,70,69.19
4148,2026-04-25,Hyderabad,Kiosk,Coffee,Cappuccino,1,140,142.22
4149,2026-04-25,Hyderabad,Kiosk,Coffee,Filter Coffee,1,60,61.12
4150,2026-04-25,Hyderabad,Kiosk,Merchandise,Mug,1,350,342.24
4151,2026-04-25,Hyderabad,Kiosk,Bakery,Croissant,1,90,89.49
4152,2026-04-25,Hyderabad,Kiosk,Coffee,Cappuccino,2,140,286.58
4153,2026-04-25,Hyderabad,Kiosk,Bakery,Brownie,1,110,108.21
4154,2026-04-25,Hyderabad,Drive-Thru,Bakery,Croissant,1,90,92.43
4155,2026-04-25,Hyderabad,Drive-Thru,Coffee,Filter Coffee,3,60,179.6
4156,2026-04-25,Hyderabad,Drive-Thru,Bakery,Muffin,1,70,69.83
4157,2026-04-25,Hyderabad,Drive-Thru,Coffee,Filter Coffee,1,60,61.51
4158,2026-04-25,Hyderabad,Drive-Thru,Coffee,Cold Brew,3,180,534.97
4159,2026-04-25,Hyderabad,Drive-Thru,Coffee,Cappuccino,1,140,139.66
4160,2026-04-25,Hyderabad,Drive-Thru,Coffee,Espresso,1,120,117.77
4161,2026-04-25,Hyderabad,Drive-Thru,Bakery,Brownie,2,110,225.39
4162,2026-04-25,Hyderabad,Drive-Thru,Merchandise,Coffee Beans Pack,1,450,456.58
4163,2026-04-25,Hyderabad,Drive-Thru,Coffee,Filter Coffee,2,60,120.35
4164,2026-04-25,Hyderabad,Drive-Thru,Merchandise,Tumbler,1,550,538.49
4165,2026-04-25,Hyderabad,Drive-Thru,Bakery,Brownie,1,110,107.09
4166,2026-04-25,Hyderabad,Drive-Thru,Merchandise,Tumbler,2,550,1128.8
4167,2026-04-25,Hyderabad,Drive-Thru,Bakery,Brownie,3,110,330.73
4168,2026-04-25,Hyderabad,Drive-Thru,Bakery,Muffin,1,70,68.42
4169,2026-04-25,Hyderabad,Drive-Thru,Coffee,Filter Coffee,1,60,61.15
4170,2026-04-25,Hyderabad,Drive-Thru,Merchandise,Mug,1,350,345.65
4171,2026-04-25,Hyderabad,Drive-Thru,Bakery,Muffin,1,70,69.15
4172,2026-04-25,Hyderabad,Drive-Thru,Merchandise,Tumbler,1,550,543.68
4173,2026-04-25,Hyderabad,Drive-Thru,Coffee,Cold Brew,4,180,701.21
4174,2026-04-26,Coimbatore,Flagship,Merchandise,Coffee Beans Pack,1,450,441.61
4175,2026-04-26,Coimbatore,Flagship,Coffee,Filter Coffee,1,60,60.44
4176,2026-04-26,Coimbatore,Flagship,Bakery,Brownie,1,110,108.47
4177,2026-04-26,Coimbatore,Flagship,Coffee,Espresso,1,120,121.81
4178,2026-04-26,Coimbatore,Flagship,Coffee,Filter Coffee,1,60,58.34
4179,2026-04-26,Coimbatore,Flagship,Coffee,Filter Coffee,2,60,120.46
4180,2026-04-26,Coimbatore,Flagship,Merchandise,Mug,1,350,359.44
4181,2026-04-26,Coimbatore,Flagship,Coffee,Cold Brew,3,180,545.65
4182,2026-04-26,Coimbatore,Flagship,Merchandise,Coffee Beans Pack,2,450,926.61
4183,2026-04-26,Coimbatore,Flagship,Bakery,Brownie,2,110,226.36
4184,2026-04-26,Coimbatore,Flagship,Merchandise,Coffee Beans Pack,1,450,449.25
4185,2026-04-26,Coimbatore,Flagship,Coffee,Cappuccino,1,140,139.31
4186,2026-04-26,Coimbatore,Flagship,Coffee,Filter Coffee,3,60,177.99
4187,2026-04-26,Coimbatore,Flagship,Merchandise,Tumbler,1,550,535.69
4188,2026-04-26,Coimbatore,Flagship,Coffee,Cold Brew,3,180,547.61
4189,2026-04-26,Coimbatore,Flagship,Merchandise,Coffee Beans Pack,1,450,462.11
4190,2026-04-26,Coimbatore,Kiosk,Coffee,Espresso,1,120,120.98
4191,2026-04-26,Coimbatore,Kiosk,Coffee,Cold Brew,1,180,177.04
4192,2026-04-26,Coimbatore,Kiosk,Coffee,Cold Brew,2,180,359.2
4193,2026-04-26,Coimbatore,Kiosk,Coffee,Cold Brew,4,180,714.25
4194,2026-04-26,Coimbatore,Kiosk,Bakery,Croissant,2,90,178.25
4195,2026-04-26,Coimbatore,Kiosk,Coffee,Espresso,1,120,118.56
4196,2026-04-26,Coimbatore,Kiosk,Merchandise,Mug,1,350,357.16
4197,2026-04-26,Coimbatore,Kiosk,Bakery,Muffin,2,70,143.87
4198,2026-04-26,Coimbatore,Kiosk,Coffee,Espresso,2,120,242.23
4199,2026-04-26,Coimbatore,Kiosk,Coffee,Filter Coffee,1,60,60.17
4200,2026-04-26,Coimbatore,Kiosk,Coffee,Cappuccino,1,140,141.21
4201,2026-04-26,Coimbatore,Kiosk,Coffee,Cold Brew,4,180,726.88
4202,2026-04-26,Coimbatore,Drive-Thru,Coffee,Filter Coffee,1,60,60.87
4203,2026-04-26,Coimbatore,Drive-Thru,Bakery,Muffin,1,70,68.04
4204,2026-04-26,Coimbatore,Drive-Thru,Bakery,Brownie,2,110,216.76
4205,2026-04-26,Coimbatore,Drive-Thru,Coffee,Espresso,1,120,116.55
4206,2026-04-26,Coimbatore,Drive-Thru,Coffee,Filter Coffee,2,60,119.88
4207,2026-04-26,Coimbatore,Drive-Thru,Coffee,Filter Coffee,2,60,117.76
4208,2026-04-26,Coimbatore,Drive-Thru,Coffee,Filter Coffee,2,60,117.22
4209,2026-04-26,Coimbatore,Drive-Thru,Coffee,Espresso,1,120,118.35
4210,2026-04-26,Coimbatore,Drive-Thru,Coffee,Espresso,1,120,120.42
4211,2026-04-26,Coimbatore,Drive-Thru,Bakery,Croissant,1,90,90.22
4212,2026-04-26,Coimbatore,Drive-Thru,Bakery,Muffin,1,70,70.75
4213,2026-04-26,Coimbatore,Drive-Thru,Coffee,Espresso,1,120,122.86
4214,2026-04-26,Coimbatore,Drive-Thru,Bakery,Brownie,1,110,112.38
4215,2026-04-26,Coimbatore,Drive-Thru,Coffee,Espresso,1,120,118.19
4216,2026-04-26,Coimbatore,Drive-Thru,Bakery,Brownie,1,110,107.55
4217,2026-04-26,Coimbatore,Drive-Thru,Coffee,Cold Brew,1,180,175.08
4218,2026-04-26,Coimbatore,Drive-Thru,Merchandise,Mug,1,350,350.83
4219,2026-04-26,Coimbatore,Drive-Thru,Bakery,Croissant,1,90,90.25
4220,2026-04-26,Chennai,Flagship,Bakery,Brownie,1,110,111.63
4221,2026-04-26,Chennai,Flagship,Bakery,Croissant,1,90,88.25
4222,2026-04-26,Chennai,Flagship,Bakery,Croissant,1,90,90.29
4223,2026-04-26,Chennai,Flagship,Merchandise,Coffee Beans Pack,1,450,438.53
4224,2026-04-26,Chennai,Flagship,Coffee,Filter Coffee,1,60,61.59
4225,2026-04-26,Chennai,Flagship,Merchandise,Tumbler,1,550,557.55
4226,2026-04-26,Chennai,Flagship,Merchandise,Tumbler,3,550,1677.11
4227,2026-04-26,Chennai,Flagship,Coffee,Cold Brew,2,180,359.59
4228,2026-04-26,Chennai,Flagship,Coffee,Cold Brew,3,180,524.0
4229,2026-04-26,Chennai,Flagship,Merchandise,Coffee Beans Pack,1,450,446.6
4230,2026-04-26,Chennai,Flagship,Bakery,Brownie,2,110,225.05
4231,2026-04-26,Chennai,Flagship,Merchandise,Mug,1,350,353.82
4232,2026-04-26,Chennai,Flagship,Coffee,Espresso,2,120,236.98
4233,2026-04-26,Chennai,Flagship,Coffee,Cappuccino,1,140,136.13
4234,2026-04-26,Chennai,Flagship,Bakery,Brownie,1,110,107.5
4235,2026-04-26,Chennai,Flagship,Bakery,Croissant,1,90,91.47
4236,2026-04-26,Chennai,Flagship,Coffee,Cold Brew,1,180,180.85
4237,2026-04-26,Chennai,Flagship,Bakery,Muffin,3,70,206.4
4238,2026-04-26,Chennai,Flagship,Coffee,Cappuccino,1,140,140.78
4239,2026-04-26,Chennai,Flagship,Bakery,Croissant,1,90,91.32
4240,2026-04-26,Chennai,Flagship,Coffee,Cappuccino,3,140,430.99
4241,2026-04-26,Chennai,Flagship,Bakery,Muffin,2,70,139.64
4242,2026-04-26,Chennai,Flagship,Bakery,Brownie,1,110,111.58
4243,2026-04-26,Chennai,Flagship,Coffee,Filter Coffee,1,60,59.8
4244,2026-04-26,Chennai,Flagship,Coffee,Filter Coffee,1,60,58.46
4245,2026-04-26,Chennai,Flagship,Coffee,Cold Brew,1,180,178.42
4246,2026-04-26,Chennai,Kiosk,Bakery,Muffin,1,70,68.63
4247,2026-04-26,Chennai,Kiosk,Coffee,Cold Brew,2,180,357.75
4248,2026-04-26,Chennai,Kiosk,Bakery,Croissant,2,90,177.35
4249,2026-04-26,Chennai,Kiosk,Bakery,Croissant,1,90,87.98
4250,2026-04-26,Chennai,Kiosk,Coffee,Cold Brew,2,180,356.66
4251,2026-04-26,Chennai,Kiosk,Merchandise,Tumbler,1,550,564.47
4252,2026-04-26,Chennai,Kiosk,Coffee,Filter Coffee,1,60,60.39
4253,2026-04-26,Chennai,Kiosk,Coffee,Espresso,2,120,237.41
4254,2026-04-26,Chennai,Drive-Thru,Merchandise,Coffee Beans Pack,1,450,462.74
4255,2026-04-26,Chennai,Drive-Thru,Coffee,Filter Coffee,1,60,58.97
4256,2026-04-26,Chennai,Drive-Thru,Coffee,Cold Brew,1,180,176.08
4257,2026-04-26,Chennai,Drive-Thru,Bakery,Brownie,1,110,112.17
4258,2026-04-26,Chennai,Drive-Thru,Bakery,Croissant,1,90,91.38
4259,2026-04-26,Chennai,Drive-Thru,Coffee,Espresso,1,120,118.07
4260,2026-04-26,Chennai,Drive-Thru,Coffee,Espresso,2,120,240.54
4261,2026-04-26,Chennai,Drive-Thru,Bakery,Brownie,2,110,219.81
4262,2026-04-26,Chennai,Drive-Thru,Coffee,Cold Brew,3,180,531.86
4263,2026-04-26,Chennai,Drive-Thru,Coffee,Filter Coffee,2,60,120.98
4264,2026-04-26,Chennai,Drive-Thru,Merchandise,Coffee Beans Pack,1,450,440.87
4265,2026-04-26,Chennai,Drive-Thru,Bakery,Muffin,1,70,71.99
4266,2026-04-26,Chennai,Drive-Thru,Coffee,Filter Coffee,1,60,59.76
4267,2026-04-26,Chennai,Drive-Thru,Coffee,Espresso,1,120,123.37
4268,2026-04-26,Bengaluru,Flagship,Bakery,Croissant,2,90,182.0
4269,2026-04-26,Bengaluru,Flagship,Bakery,Croissant,1,90,88.03
4270,2026-04-26,Bengaluru,Flagship,Merchandise,Tumbler,1,550,541.02
4271,2026-04-26,Bengaluru,Flagship,Merchandise,Coffee Beans Pack,3,450,1387.35
4272,2026-04-26,Bengaluru,Flagship,Coffee,Espresso,2,120,238.01
4273,2026-04-26,Bengaluru,Flagship,Merchandise,Mug,3,350,1037.25
4274,2026-04-26,Bengaluru,Flagship,Coffee,Espresso,1,120,119.47
4275,2026-04-26,Bengaluru,Flagship,Bakery,Muffin,3,70,204.7
4276,2026-04-26,Bengaluru,Flagship,Coffee,Filter Coffee,1,60,61.61
4277,2026-04-26,Bengaluru,Flagship,Coffee,Cold Brew,3,180,554.56
4278,2026-04-26,Bengaluru,Flagship,Bakery,Muffin,1,70,70.95
4279,2026-04-26,Bengaluru,Flagship,Coffee,Espresso,2,120,236.88
4280,2026-04-26,Bengaluru,Flagship,Bakery,Muffin,2,70,143.56
4281,2026-04-26,Bengaluru,Flagship,Coffee,Filter Coffee,1,60,60.63
4282,2026-04-26,Bengaluru,Flagship,Coffee,Cold Brew,2,180,364.93
4283,2026-04-26,Bengaluru,Flagship,Coffee,Cold Brew,1,180,177.74
4284,2026-04-26,Bengaluru,Flagship,Coffee,Espresso,2,120,243.23
4285,2026-04-26,Bengaluru,Flagship,Merchandise,Mug,3,350,1066.71
4286,2026-04-26,Bengaluru,Flagship,Bakery,Brownie,3,110,325.59
4287,2026-04-26,Bengaluru,Flagship,Coffee,Cappuccino,1,140,142.0
4288,2026-04-26,Bengaluru,Flagship,Coffee,Cappuccino,1,140,142.83
4289,2026-04-26,Bengaluru,Flagship,Coffee,Espresso,1,120,122.27
4290,2026-04-26,Bengaluru,Kiosk,Coffee,Filter Coffee,2,60,121.58
4291,2026-04-26,Bengaluru,Kiosk,Coffee,Cold Brew,3,180,537.43
4292,2026-04-26,Bengaluru,Kiosk,Coffee,Cold Brew,2,180,357.01
4293,2026-04-26,Bengaluru,Kiosk,Coffee,Cold Brew,1,180,181.6
4294,2026-04-26,Bengaluru,Kiosk,Coffee,Cold Brew,3,180,542.66
4295,2026-04-26,Bengaluru,Kiosk,Coffee,Espresso,2,120,244.32
4296,2026-04-26,Bengaluru,Kiosk,Bakery,Croissant,1,90,88.14
4297,2026-04-26,Bengaluru,Kiosk,Coffee,Cappuccino,1,140,142.17
4298,2026-04-26,Bengaluru,Kiosk,Merchandise,Tumbler,1,550,542.65
4299,2026-04-26,Bengaluru,Kiosk,Coffee,Cold Brew,3,180,546.79
4300,2026-04-26,Bengaluru,Kiosk,Coffee,Filter Coffee,2,60,120.24
4301,2026-04-26,Bengaluru,Kiosk,Bakery,Brownie,1,110,112.98
4302,2026-04-26,Bengaluru,Kiosk,Merchandise,Mug,1,350,352.66
4303,2026-04-26,Bengaluru,Drive-Thru,Coffee,Espresso,1,120,117.3
4304,2026-04-26,Bengaluru,Drive-Thru,Coffee,Cold Brew,1,180,181.7
4305,2026-04-26,Bengaluru,Drive-Thru,Bakery,Croissant,1,90,90.31
4306,2026-04-26,Bengaluru,Drive-Thru,Coffee,Espresso,1,120,121.35
4307,2026-04-26,Bengaluru,Drive-Thru,Bakery,Croissant,1,90,87.31
4308,2026-04-26,Bengaluru,Drive-Thru,Bakery,Muffin,2,70,142.87
4309,2026-04-26,Bengaluru,Drive-Thru,Coffee,Cold Brew,2,180,350.76
4310,2026-04-26,Bengaluru,Drive-Thru,Coffee,Espresso,1,120,117.55
4311,2026-04-26,Bengaluru,Drive-Thru,Bakery,Brownie,2,110,215.26
4312,2026-04-26,Bengaluru,Drive-Thru,Bakery,Brownie,1,110,108.32
4313,2026-04-26,Bengaluru,Drive-Thru,Coffee,Cold Brew,2,180,361.13
4314,2026-04-26,Bengaluru,Drive-Thru,Coffee,Cold Brew,3,180,524.81
4315,2026-04-26,Bengaluru,Drive-Thru,Coffee,Cold Brew,2,180,370.73
4316,2026-04-26,Bengaluru,Drive-Thru,Coffee,Cappuccino,1,140,138.24
4317,2026-04-26,Hyderabad,Flagship,Coffee,Cappuccino,1,140,140.76
4318,2026-04-26,Hyderabad,Flagship,Coffee,Espresso,2,120,238.32
4319,2026-04-26,Hyderabad,Flagship,Merchandise,Tumbler,2,550,1090.78
4320,2026-04-26,Hyderabad,Flagship,Bakery,Croissant,1,90,89.5
4321,2026-04-26,Hyderabad,Flagship,Coffee,Cappuccino,3,140,431.9
4322,2026-04-26,Hyderabad,Flagship,Coffee,Cold Brew,1,180,175.43
4323,2026-04-26,Hyderabad,Flagship,Merchandise,Mug,1,350,345.68
4324,2026-04-26,Hyderabad,Flagship,Bakery,Croissant,3,90,269.21
4325,2026-04-26,Hyderabad,Flagship,Bakery,Croissant,2,90,183.34
4326,2026-04-26,Hyderabad,Flagship,Bakery,Croissant,1,90,87.41
4327,2026-04-26,Hyderabad,Flagship,Coffee,Cold Brew,3,180,550.98
4328,2026-04-26,Hyderabad,Flagship,Coffee,Cappuccino,2,140,281.88
4329,2026-04-26,Hyderabad,Flagship,Coffee,Cappuccino,2,140,273.27
4330,2026-04-26,Hyderabad,Flagship,Bakery,Croissant,1,90,87.71
4331,2026-04-26,Hyderabad,Flagship,Coffee,Cold Brew,3,180,529.83
4332,2026-04-26,Hyderabad,Flagship,Bakery,Muffin,1,70,68.9
4333,2026-04-26,Hyderabad,Flagship,Bakery,Croissant,2,90,176.64
4334,2026-04-26,Hyderabad,Flagship,Coffee,Cappuccino,2,140,282.85
4335,2026-04-26,Hyderabad,Flagship,Coffee,Filter Coffee,1,60,61.59
4336,2026-04-26,Hyderabad,Flagship,Coffee,Cappuccino,2,140,275.29
4337,2026-04-26,Hyderabad,Flagship,Merchandise,Coffee Beans Pack,1,450,449.05
4338,2026-04-26,Hyderabad,Flagship,Coffee,Filter Coffee,1,60,58.41
4339,2026-04-26,Hyderabad,Flagship,Coffee,Cappuccino,1,140,140.99
4340,2026-04-26,Hyderabad,Kiosk,Coffee,Cold Brew,2,180,360.43
4341,2026-04-26,Hyderabad,Kiosk,Coffee,Cold Brew,1,180,184.84
4342,2026-04-26,Hyderabad,Kiosk,Bakery,Brownie,1,110,111.21
4343,2026-04-26,Hyderabad,Kiosk,Bakery,Croissant,1,90,91.35
4344,2026-04-26,Hyderabad,Kiosk,Merchandise,Coffee Beans Pack,1,450,447.59
4345,2026-04-26,Hyderabad,Kiosk,Bakery,Brownie,1,110,109.08
4346,2026-04-26,Hyderabad,Kiosk,Bakery,Croissant,1,90,90.79
4347,2026-04-26,Hyderabad,Kiosk,Coffee,Filter Coffee,2,60,119.69
4348,2026-04-26,Hyderabad,Kiosk,Coffee,Cold Brew,2,180,350.77
4349,2026-04-26,Hyderabad,Kiosk,Coffee,Espresso,3,120,369.54
4350,2026-04-26,Hyderabad,Kiosk,Coffee,Espresso,1,120,121.26
4351,2026-04-26,Hyderabad,Kiosk,Coffee,Cappuccino,1,140,138.07
4352,2026-04-26,Hyderabad,Kiosk,Bakery,Muffin,1,70,69.52
4353,2026-04-26,Hyderabad,Drive-Thru,Coffee,Filter Coffee,2,60,118.79
4354,2026-04-26,Hyderabad,Drive-Thru,Bakery,Croissant,1,90,88.52
4355,2026-04-26,Hyderabad,Drive-Thru,Coffee,Cappuccino,1,140,137.54
4356,2026-04-26,Hyderabad,Drive-Thru,Bakery,Muffin,2,70,136.62
4357,2026-04-26,Hyderabad,Drive-Thru,Coffee,Cappuccino,1,140,136.9
4358,2026-04-26,Hyderabad,Drive-Thru,Coffee,Espresso,1,120,117.01
4359,2026-04-26,Hyderabad,Drive-Thru,Coffee,Espresso,2,120,236.22
4360,2026-04-26,Hyderabad,Drive-Thru,Coffee,Cold Brew,2,180,367.17
4361,2026-04-26,Hyderabad,Drive-Thru,Coffee,Cappuccino,1,140,138.91
4362,2026-04-26,Hyderabad,Drive-Thru,Bakery,Croissant,1,90,89.44
4363,2026-04-26,Hyderabad,Drive-Thru,Bakery,Muffin,2,70,143.34
4364,2026-04-26,Hyderabad,Drive-Thru,Bakery,Muffin,2,70,135.94
4365,2026-04-26,Hyderabad,Drive-Thru,Coffee,Cold Brew,1,180,181.29
4366,2026-04-27,Coimbatore,Flagship,Coffee,Cold Brew,2,180,364.38
4367,2026-04-27,Coimbatore,Flagship,Coffee,Cappuccino,1,140,136.38
4368,2026-04-27,Coimbatore,Flagship,Coffee,Cappuccino,1,140,142.67
4369,2026-04-27,Coimbatore,Flagship,Coffee,Cappuccino,2,140,282.8
4370,2026-04-27,Coimbatore,Flagship,Bakery,Brownie,1,110,110.0
4371,2026-04-27,Coimbatore,Flagship,Bakery,Croissant,1,90,88.97
4372,2026-04-27,Coimbatore,Flagship,Coffee,Cappuccino,2,140,281.54
4373,2026-04-27,Coimbatore,Flagship,Bakery,Brownie,1,110,112.61
4374,2026-04-27,Coimbatore,Flagship,Bakery,Brownie,1,110,109.97
4375,2026-04-27,Coimbatore,Flagship,Bakery,Croissant,1,90,90.61
4376,2026-04-27,Coimbatore,Flagship,Coffee,Cappuccino,2,140,284.57
4377,2026-04-27,Coimbatore,Flagship,Bakery,Croissant,1,90,89.39
4378,2026-04-27,Coimbatore,Kiosk,Coffee,Cappuccino,2,140,278.51
4379,2026-04-27,Coimbatore,Kiosk,Bakery,Brownie,1,110,112.99
4380,2026-04-27,Coimbatore,Kiosk,Bakery,Croissant,1,90,88.63
4381,2026-04-27,Coimbatore,Kiosk,Bakery,Muffin,1,70,68.53
4382,2026-04-27,Coimbatore,Kiosk,Bakery,Brownie,1,110,108.4
4383,2026-04-27,Coimbatore,Kiosk,Bakery,Brownie,1,110,111.82
4384,2026-04-27,Coimbatore,Kiosk,Bakery,Muffin,1,70,69.37
4385,2026-04-27,Coimbatore,Kiosk,Bakery,Muffin,2,70,136.59
4386,2026-04-27,Coimbatore,Drive-Thru,Coffee,Filter Coffee,1,60,58.22
4387,2026-04-27,Coimbatore,Drive-Thru,Bakery,Muffin,2,70,139.34
4388,2026-04-27,Coimbatore,Drive-Thru,Coffee,Cold Brew,1,180,184.84
4389,2026-04-27,Coimbatore,Drive-Thru,Merchandise,Mug,1,350,345.25
4390,2026-04-27,Coimbatore,Drive-Thru,Merchandise,Mug,1,350,340.45
4391,2026-04-27,Coimbatore,Drive-Thru,Bakery,Muffin,1,70,71.9
4392,2026-04-27,Coimbatore,Drive-Thru,Coffee,Espresso,2,120,245.68
4393,2026-04-27,Coimbatore,Drive-Thru,Bakery,Croissant,1,90,90.6
4394,2026-04-27,Coimbatore,Drive-Thru,Bakery,Croissant,1,90,90.48
4395,2026-04-27,Coimbatore,Drive-Thru,Coffee,Espresso,1,120,118.32
4396,2026-04-27,Coimbatore,Drive-Thru,Coffee,Espresso,2,120,237.54
4397,2026-04-27,Coimbatore,Drive-Thru,Bakery,Brownie,2,110,217.03
4398,2026-04-27,Coimbatore,Drive-Thru,Coffee,Cold Brew,2,180,352.67
4399,2026-04-27,Chennai,Flagship,Coffee,Cappuccino,1,140,138.19
4400,2026-04-27,Chennai,Flagship,Coffee,Cappuccino,2,140,287.65
4401,2026-04-27,Chennai,Flagship,Bakery,Croissant,1,90,91.39
4402,2026-04-27,Chennai,Flagship,Coffee,Espresso,1,120,117.17
4403,2026-04-27,Chennai,Flagship,Merchandise,Coffee Beans Pack,1,450,444.96
4404,2026-04-27,Chennai,Flagship,Coffee,Espresso,1,120,119.48
4405,2026-04-27,Chennai,Flagship,Coffee,Cappuccino,1,140,139.19
4406,2026-04-27,Chennai,Flagship,Merchandise,Mug,1,350,347.36
4407,2026-04-27,Chennai,Flagship,Coffee,Cappuccino,3,140,428.9
4408,2026-04-27,Chennai,Flagship,Coffee,Cappuccino,1,140,138.92
4409,2026-04-27,Chennai,Flagship,Coffee,Cappuccino,2,140,277.25
4410,2026-04-27,Chennai,Flagship,Coffee,Espresso,3,120,360.2
4411,2026-04-27,Chennai,Flagship,Merchandise,Tumbler,2,550,1130.26
4412,2026-04-27,Chennai,Flagship,Coffee,Filter Coffee,1,60,60.57
4413,2026-04-27,Chennai,Flagship,Coffee,Cappuccino,2,140,274.76
4414,2026-04-27,Chenn